Species	pred	true	Family	Genus
Acontia olivacea	615.3737	822	Noctuidae	Acontia
Acosmerycoides harterti	390.06433	400.272727272727	Sphingidae	Acosmerycoides
Acronicta gigasa	963.98755	1057	Noctuidae	Acronicta
Adrapsoides reticulatis	1480.586	2067	Erebidae	Adrapsoides
Aedia lichenea	350.9406	422.666666666667	Noctuidae	Aedia
Aedia perdicipennis	386.69107	437.230769230769	Noctuidae	Aedia
Agaraeus discolor	809.03625	767.666666666667	Geometridae	Agaraeus
Agnidra scabiosa fixseni	1100.5933	1209.2	Drepanidae	Agnidra
Agrioglypta itysalis	252.46794	295.677966101695	Crambidae	Agrioglypta
Agrotis taiwana	1720.3842	1947.85714285714	Noctuidae	Agrotis
Alcis arizana	1804.8497	2300	Geometridae	Alcis
Alcis maculata taiwanica	2207.5647	2133.4	Geometridae	Alcis
Alcis pallens	2229.5469	2303	Geometridae	Alcis
Alcis postlurida	2170.9067	2249.91666666667	Geometridae	Alcis
Alloasteropetes paradisea	1231.1335	670	Noctuidae	Alloasteropetes
Amblychia moltrechti	1949.9475	2214.5	Geometridae	Amblychia
Antheraea formosana	888.2142	955.7	Saturniidae	Antheraea
Apithecia viridata wilemani	1857.8613	2167.875	Geometridae	Apithecia
Argyrogramma signata	894.75934	311.6	Noctuidae	Argyrogramma
Arichanna picaria	2152.1333	2198.41666666667	Geometridae	Arichanna
Arichanna sinica refracta	2116.5999	2276.75	Geometridae	Arichanna
Arippara indicator	245.18016	189.6	Pyralidae	Arippara
Arna bipunctapex	486.77856	228.4	Erebidae	Arna
Arytrurides inornatus	1503.7101	1577.6	Erebidae	Arytrurides
Auchmis inextricata	1954.4117	2117.28571428571	Noctuidae	Auchmis
Avatha bipartita	229.51514	244.523809523809	Erebidae	Avatha
Bagada poliomera	347.1033	321	Noctuidae	Bagada
Barsine callorufa	1633.4093	2150.33333333333	Erebidae	Barsine
Bastilla fulvotaenia	294.75156	288.826086956522	Erebidae	Bastilla
Berta rugosivalva	540.0077	531.4	Geometridae	Berta
Bertula terminalis	1005.7713	2300	Erebidae	Bertula
Biston regalis comitata	1554.4364	1795	Geometridae	Biston
Blasticorhinus rivulosa	337.52026	307.764705882353	Erebidae	Blasticorhinus
Blasticorhinus ussuriensis	736.98334	1002	Erebidae	Blasticorhinus
Blavia scoteola	647.8306	330.909090909091	Erebidae	Blavia
Blenina chlorophila	1274.9784	1561.5	Nolidae	Blenina
Bocana manifestalis	438.75946	378	Erebidae	Bocana
Bocchoris inspersalis	869.64294	226.2	Crambidae	Bocchoris
Bocula caradrinoides	1005.6123	1088.36363636364	Erebidae	Bocula
Bocula xanthostola	714.7268	496.266666666667	Erebidae	Bocula
Brevipecten consanguis	469.711	458.333333333333	Erebidae	Brevipecten
Calesia dasypterus	395.04916	383.2	Erebidae	Calesia
Calguia defiguralis	697.6762	588.666666666667	Pyralidae	Calguia
Callopistria guttulalis	400.61194	298.6	Noctuidae	Callopistria
Callopistria japonibia	327.90604	264.9	Noctuidae	Callopistria
Callopistria rivularis	421.0878	242.466666666667	Noctuidae	Callopistria
Catarhoe obscura	1489.2374	670	Geometridae	Catarhoe
Cephena costata	359.3737	380	Erebidae	Cephena
Cerynea igniaria	328.35376	313.2	Erebidae	Cerynea
Chalciope mygdon	298.33548	310.857142857143	Erebidae	Chalciope
Chloroclystis blanda	1936.2523	2190.5	Geometridae	Chloroclystis
Choreutis amethystodes	139.24736	175.5	Choreutidae	Choreutis
Chusaris nigromaculata	413.22134	574.2	Erebidae	Chusaris
Cifuna locuples	1721.0087	1002	Erebidae	Cifuna
Cirrhochrista spissalis	192.6895	252.5	Crambidae	Cirrhochrista
Cleora nigronotaria	277.08643	48.8333333333333	Geometridae	Cleora
Cleora sp	490.23123	256	Geometridae	Cleora
Comibaena delicatior	691.7797	749.833333333333	Geometridae	Comibaena
Comostola laesaria	393.9463	407.454545454545	Geometridae	Comostola
Condica dolorosa	354.64236	257.75	Noctuidae	Condica
Conilepia nigricosta paiwan	459.8328	429.72	Erebidae	Conilepia
Conistra anonyma	2133.4822	2141.75	Noctuidae	Conistra
Corgatha atrifalcis	449.262	153.142857142857	Erebidae	Corgatha
Corgatha tornalis	766.7605	173.5	Erebidae	Corgatha
Corymica deducta	326.14725	276	Geometridae	Corymica
Cosmia unicolor	1918.7455	2029	Noctuidae	Cosmia
Creatonotos gangis	51.087658	142.388888888889	Erebidae	Creatonotos
Cruxoruza decorata	319.03937	258.111111111111	Erebidae	Cruxoruza
Crypsiptya coclesalis	271.6142	291.125	Crambidae	Crypsiptya
Cryptophlebia repletana	406.48245	367.5	Tortricidae	Cryptophlebia
Cyclidia substigmaria substigmaria	1052.1482	1187.16666666667	Drepanidae	Cyclidia
Cymatophoropsis formosana	1208.8816	1204.84615384615	Noctuidae	Cymatophoropsis
Dahira obliquifascia	500.17358	490.2	Sphingidae	Dahira
Demopsestis formosana	1752.4291	2091	Drepanidae	Demopsestis
Diduga flavicostata	258.16068	204.333333333333	Erebidae	Diduga
Dilophodes elegans khasiana	2103.9097	2162.31578947368	Geometridae	Dilophodes
Diplopseustis perieresalis	764.53143	1095.5	Crambidae	Diplopseustis
Dooabia alia	961.16815	2135.5	Geometridae	Dooabia
Dysaethria suisharyonis	1375.0665	2206.14285714286	Uraniidae	Dysaethria
Ectropis arizanensis	1058.2719	1717.09090909091	Geometridae	Ectropis
Ectropis bhurmitra	399.3929	298.842105263158	Geometridae	Ectropis
Edessena gentiusalis	527.06287	584	Erebidae	Edessena
Elophila turbata	412.00836	310	Crambidae	Elophila
Elusa ustula	377.7797	363.441176470588	Noctuidae	Elusa
Endotricha consocia	280.68756	283.153846153846	Pyralidae	Endotricha
Endotricha mesenterialis	780.8952	335.285714285714	Pyralidae	Endotricha
Endotricha similata	1567.0894	2186.28571428571	Pyralidae	Endotricha
Entomogramma fautrix	297.16693	197	Erebidae	Entomogramma
Eoophyla gibbosalis	266.12024	331.610169491525	Crambidae	Eoophyla
Eospilarctia formosana	2135.0396	2278.625	Erebidae	Eospilarctia
Epiplema arcuata	2141.481	2289.16666666667	Uraniidae	Epiplema
Epipsestis bilineata pallida	2283.7034	2289	Drepanidae	Epipsestis
Epipsestis dubia chengshinglini	2121.6243	2286.8	Drepanidae	Epipsestis
Epipsestis meilingchani	2183.014	2268.85714285714	Drepanidae	Epipsestis
Eudocima salaminia	364.61243	253.875	Erebidae	Eudocima
Euplexia chlorerythra	1892.9347	2138.75	Noctuidae	Euplexia
Euplexidia pallidivirens	2115.8584	2115.84615384615	Noctuidae	Euplexidia
Euproctis magna	836.2638	918.857142857143	Erebidae	Euproctis
Euproctis pulverea	2123.5715	2148.15384615385	Erebidae	Euproctis
Gargela renatusalis	428.84125	541.75	Crambidae	Gargela
Garudinia bimaculata	292.08844	277.809523809524	Erebidae	Garudinia
Ghoria subpurpurea	1959.685	2171.25	Erebidae	Ghoria
Glyphodes onychinalis	399.55994	421	Crambidae	Glyphodes
Goniorhynchus butyrosus	355.64142	249.4	Crambidae	Goniorhynchus
Hemipsilia coavestis	2114.7234	2218.89473684211	Erebidae	Hemipsilia
Hemistola orbiculosa	639.05536	817.333333333333	Geometridae	Hemistola
Heterolocha marginata	2117.8975	2330.66666666667	Geometridae	Heterolocha
Higena trichosticha	745.80066	491	Notodontidae	Higena
Hipoepa biasalis	317.92322	311.961538461538	Erebidae	Hipoepa
Hipoepa fractalis	324.73578	304.9	Erebidae	Hipoepa
Hoplodrina implacata	1338.1816	2173.2	Noctuidae	Hoplodrina
Hyalobole kononenkoi	1949.1985	2287	Noctuidae	Hyalobole
Hyalobole taiwanensis	2001.3438	2297.4	Noctuidae	Hyalobole
Hyblaea puera	760.3024	514	Hyblaeidae	Hyblaea
Hydrillodes gravatalis	480.78687	295.923076923077	Erebidae	Hydrillodes
Hydrillodes lentalis	754.95044	448.111111111111	Erebidae	Hydrillodes
Hymenia perspectalis	334.07364	312.8	Crambidae	Hymenia
Hypatima spathota	307.526	212.666666666667	Gelechiidae	Hypatima
Hypena bicoloralis	993.81915	1040	Erebidae	Hypena
Hypena cervinalis	1371.3792	1541.75	Erebidae	Hypena
Hypocometa clauda	2015.2406	2129.53333333333	Geometridae	Hypocometa
Hypomecis punctinalis glos	504.94385	236.939393939394	Geometridae	Hypomecis
Hypomecis roboraria amplaria	1048.7109	1133.6	Geometridae	Hypomecis
Hyposidra infixaria	161.42572	157.37037037037	Geometridae	Hyposidra
Hysteroscene hyalina	637.32227	570.444444444444	Zygaenidae	Hysteroscene
Idaea sinicata	949.45886	949.5	Geometridae	Idaea
Ilema nigrofascia	420.66156	387.272727272727	Erebidae	Ilema
Isodemis serpentinana	579.13513	317.5	Tortricidae	Isodemis
Kamalia tattakana	871.4047	1121.5	Notodontidae	Kamalia
Lamprystica purpurata	347.9929	245	Oecophoridae	Lamprystica
Laspeyria ruficeps	371.73904	450.5	Erebidae	Laspeyria
Lemyra rhodophilodes	329.4684	421.529411764706	Erebidae	Lemyra
Lemyra wernerthomasi	1641.7543	2155.25	Erebidae	Lemyra
Lipararchis tranquillalis	384.04724	266.166666666667	Crambidae	Lipararchis
Locharna strigipennis	581.3755	554.162162162162	Erebidae	Locharna
Lomographa percnosticta	1190.5333	630.181818181818	Geometridae	Lomographa
Lophophleps purpurea	297.7406	256.111111111111	Geometridae	Lophophleps
Lophoptera nama	378.36456	408.333333333333	Euteliidae	Lophoptera
Lophoruza pulcherrima	348.81644	333.307692307692	Erebidae	Lophoruza
Loxaspilates arrizanaria	1962.7178	2295.66666666667	Geometridae	Loxaspilates
Lyclene arcuata	384.53986	378.618421052632	Erebidae	Lyclene
Lymantria sugii	1586.0479	1146.66666666667	Erebidae	Lymantria
Macaria abydata	269.92224	199	Geometridae	Macaria
Machaeropteris petalacma	1472.006	1799	Tineidae	Machaeropteris
Maliattha signifera	355.31677	330.571428571429	Noctuidae	Maliattha
Manoba major takasago	757.3262	523.7	Nolidae	Manoba
Martania taiwana	2147.2095	2289.88888888889	Geometridae	Martania
Maxates glaucaria	2009.11	2300	Geometridae	Maxates
Mecodina praecipua	450.5839	330	Erebidae	Mecodina
Mesoptila melanolopha	2006.4022	2269.33333333333	Geometridae	Mesoptila
Metaemene atrigutta	216.5951	270.9	Erebidae	Metaemene
Metaphoenia incongrualis	310.0433	302.714285714286	Erebidae	Metaphoenia
Metaphoenia plagifera	291.34534	307.666666666667	Erebidae	Metaphoenia
Micronia aculeata	204.53792	167.157894736842	Uraniidae	Micronia
Micronidia intermedia	1801.3564	2289.6	Geometridae	Micronidia
Mocis frugalis	215.60454	203.325581395349	Erebidae	Mocis
Monocerotesa virgata	1071.7551	1037.2	Geometridae	Monocerotesa
Mythimna epieixelus	815.7518	420.857142857143	Noctuidae	Mythimna
Mythimna exsanguis	381.45157	168.5	Noctuidae	Mythimna
Mythimna nigrilinea	538.9332	100.6	Noctuidae	Mythimna
Mythimna pulchra	338.66223	303	Noctuidae	Mythimna
Mythimna subplacida	658.14606	459.235294117647	Noctuidae	Mythimna
Nacoleia charesalis	331.23578	312.5	Crambidae	Nacoleia
Nechesia albodentata	308.49188	273.666666666667	Erebidae	Nechesia
Neoreta purpureofascia	749.916	404.888888888889	Drepanidae	Neoreta
Ninodes splendens	700.63464	1148	Geometridae	Ninodes
Nishada formosibia	715.6627	332	Erebidae	Nishada
Nola fasciata	433.28897	295.25	Nolidae	Nola
Nola lucidalis nephodes	344.40622	253.25	Nolidae	Nola
Nothoploca endoi	2057.3542	2203.375	Drepanidae	Nothoploca
Nyctycia endoi endoi	1826.2876	2149.5	Noctuidae	Nyctycia
Nyctycia strigidisca nigridorsi	2191.962	2263	Noctuidae	Nyctycia
Oglasa costimacula	321.4617	284.304347826087	Erebidae	Oglasa
Oglasa sordida	1137.2513	306.666666666667	Erebidae	Oglasa
Olulis puncticinctalis	310.76764	197.444444444444	Erebidae	Olulis
Ophthalmitis herbidaria	253.44954	179.8	Geometridae	Ophthalmitis
Orthosia castanea	1847.0479	2192.55555555556	Noctuidae	Orthosia
Oruza albigutta	801.98914	278.5	Erebidae	Oruza
Oruza divisa	289.63538	261	Erebidae	Oruza
Oruza semilux	631.8954	132.25	Erebidae	Oruza
Ourapteryx caecata	1992.0101	2178	Geometridae	Ourapteryx
Ourapteryx venusta	2113.573	2287	Geometridae	Ourapteryx
Ourapteryx yerburii virescens	1072.5039	749.888888888889	Geometridae	Ourapteryx
Oxacme cretacea	327.53845	382	Erebidae	Oxacme
Pachynoa thoosalis	254.2234	271.357142857143	Crambidae	Pachynoa
Pagyda nebulosa	2011.8562	2245.125	Crambidae	Pagyda
Paliga celatalis	456.12653	755	Crambidae	Paliga
Pangrapta lunulata	311.464	329.25	Erebidae	Pangrapta
Panilla dispila	392.66718	294.571428571429	Erebidae	Panilla
Panthea grisea	1656.7607	1824	Noctuidae	Panthea
Paracymoriza nigra	425.15997	372.333333333333	Crambidae	Paracymoriza
Paracymoriza taiwanalis	1902.2512	2291.33333333333	Crambidae	Paracymoriza
Paracymoriza vagalis	232.85774	224.428571428571	Crambidae	Paracymoriza
Paradarisa comparataria rantaizanensis	1740.9083	2095	Geometridae	Paradarisa
Parallelia stuposa	252.54782	173.846153846154	Erebidae	Parallelia
Parasa pastoralis	435.7598	240.5	Limacodidae	Parasa
Parolulis renalis	435.78586	405.052631578947	Erebidae	Parolulis
Percnia suffusa	139.57068	150.066666666667	Geometridae	Percnia
Pericyma cruegeri	442.53995	311.666666666667	Erebidae	Pericyma
Phazaca alikangensis	407.43942	330.368421052632	Uraniidae	Phazaca
Phazaca kosemponicola	381.3932	433.357142857143	Uraniidae	Phazaca
Phlossa conjuncta	324.26123	290.545454545455	Limacodidae	Phlossa
Phthonandria atrilineata cuneilinearia	590.6106	287.444444444444	Geometridae	Phthonandria
Physetobasis dentifascia triangulifera	1062.4696	1135.1	Geometridae	Physetobasis
Piercia yui	1917.1356	2300	Geometridae	Piercia
Pingasa alba alba	504.08987	57.6666666666667	Geometridae	Pingasa
Plagodis reticulata	1788.1362	2179	Geometridae	Plagodis
Pleuroptya characteristica	313.19345	488	Crambidae	Pleuroptya
Pleuroptya iopasalis	261.22318	276.68	Crambidae	Pleuroptya
Pogonopygia nigralbata	893.2396	668.866666666667	Geometridae	Pogonopygia
Progonia oileusalis	272.8928	212.8	Erebidae	Progonia
Prorodes mimicus	359.14142	290.75	Crambidae	Prorodes
Pylargosceles steganioides limbaria	702.52277	348.333333333333	Geometridae	Pylargosceles
Ramesa albistriga	228.63194	264.142857142857	Notodontidae	Ramesa
Rhamnosa uniformis	454.6467	572.5	Limacodidae	Rhamnosa
Rhynchaglaea taiwana	2238.8972	2119.14285714286	Noctuidae	Rhynchaglaea
Rikiosatoa mavi	1598.1147	1613.375	Geometridae	Rikiosatoa
Rivula basalis	663.2314	852.333333333333	Erebidae	Rivula
Scopelodes contractus	516.00574	359.857142857143	Limacodidae	Scopelodes
Scopula propinquaria	877.0898	268.4	Geometridae	Scopula
Scriptoplusia nigriluna	577.7892	252	Noctuidae	Scriptoplusia
Semiothisops macariata	272.01898	276.904761904762	Erebidae	Semiothisops
Sesamia inferens	300.00745	411.333333333333	Noctuidae	Sesamia
Sesamia nigropunctata	514.7138	363.3	Noctuidae	Sesamia
Setora postornata	398.9985	334.642857142857	Limacodidae	Setora
Simplicia cornicalis	447.5166	353.190476190476	Erebidae	Simplicia
Simplicia discosticta	531.65295	203.4	Erebidae	Simplicia
Somera viridifusca viridifusca	564.1455	706.4	Notodontidae	Somera
Spilarctia subcarnea	281.87964	229.013513513514	Erebidae	Spilarctia
Stauropus alternus alternus	385.9494	302.666666666667	Notodontidae	Stauropus
Stenia minoralis	591.0248	430.5	Crambidae	Stenia
Strepsinoma croesusalis	168.92847	222.8	Crambidae	Strepsinoma
Syllepte taiwanalis	293.1172	316.410714285714	Crambidae	Syllepte
Synegia pallens abeliae	648.74554	670	Geometridae	Synegia
Synegiodes histrionaria ornata	1608.4354	1676.57142857143	Geometridae	Synegiodes
Taicallimorpha albipuncta	2266.3425	2280.33333333333	Erebidae	Taicallimorpha
Tambana subflava	1707.1428	1756.14285714286	Noctuidae	Tambana
Telorta yazakii	2048.5044	2174.5	Noctuidae	Telorta
Tochara creberrima	416.25275	291.714285714286	Erebidae	Tochara
Togaritensha curvilinea curvilinea	1944.109	2197.125	Notodontidae	Togaritensha
Trichosea diffusa	1868.9237	2082.85714285714	Noctuidae	Trichosea
Trigonodes hyppasia	169.86118	168.473684210526	Erebidae	Trigonodes
Trilocha varians	131.02223	98.8518518518518	Bombycidae	Trilocha
Trisuloides sugii	625.285	670	Noctuidae	Trisuloides
Vanlangia castanea	875.92896	1071.28571428571	Limacodidae	Vanlangia
Xanthorhoe mediofascia	1951.1171	2317	Geometridae	Xanthorhoe
Xestia tamsi	2214.2786	2274.18181818182	Noctuidae	Xestia
Xestia yamanei	1228.1309	2131.4	Noctuidae	Xestia
Xyleutes strix	419.69583	311.08	Cossidae	Xyleutes
Zanclognatha nakatomii	420.6687	102.8	Erebidae	Zanclognatha
Zanclognatha nigrisigna	253.8835	180.333333333333	Erebidae	Zanclognatha
