Species	pred	true	Family	Genus
Abaciscus alishanensis	893.94135	1070.28571428571	Geometridae	Abaciscus
Achaea janata	686.0752	628.533333333333	Erebidae	Achaea
Acmeshachia gigantea	1557.2625	1585.21428571429	Notodontidae	Acmeshachia
Acolutha pictaria imbecilla	888.3161	1144.25	Geometridae	Acolutha
Acolutha pulchella semifulva	709.1351	1193.5	Geometridae	Acolutha
Acosmeryx castanea	734.21484	522.675675675676	Sphingidae	Acosmeryx
Acosmeryx naga naga	1082.5791	1164.19607843137	Sphingidae	Acosmeryx
Acronicta denticulata pernivea	1534.3972	1290.75	Noctuidae	Acronicta
Acronicta hercules	1007.2261	1220.6	Noctuidae	Acronicta
Acronicta intermedia	1003.48285	785	Noctuidae	Acronicta
Acronicta pruinosa	997.31	956.1	Noctuidae	Acronicta
Actias ningpoana ningtaiwana	710.13403	810.047619047619	Saturniidae	Actias
Adrapsa quadrilinealis	218.88191	274.76	Erebidae	Adrapsa
Adrapsa simplex	588.80396	683.84	Erebidae	Adrapsa
Aedia leucomelas	576.35376	607.947368421053	Noctuidae	Aedia
Aethalura duplicata	1167.3665	1157	Geometridae	Aethalura
Agathia laetata	446.61792	479.666666666667	Geometridae	Agathia
Aglaomorpha histrio formosana	475.37427	482.375	Erebidae	Aglaomorpha
Agrius convolvuli	954.9606	770	Sphingidae	Agrius
Agrocholorta albirena chihtuana	1796.8174	1180.6	Noctuidae	Agrocholorta
Agrocholorta taiwanawae	2038.1537	1506	Noctuidae	Agrocholorta
Agrotera discinotata	562.60565	586.333333333333	Crambidae	Agrotera
Agrotis ipsilon	920.3607	804.69696969697	Noctuidae	Agrotis
Albara reversaria opalescens	548.3646	570.964285714286	Drepanidae	Albara
Alcis admissaria undularia	1610.0835	1815.39534883721	Geometridae	Alcis
Alcis nubeculosa	1875.0388	2040.85714285714	Geometridae	Alcis
Alcis scortea	1927.6799	2061.91666666667	Geometridae	Alcis
Alcis semiusta	2064.876	2191.42424242424	Geometridae	Alcis
Alcis taiwanovariegata	1393.1941	1396.84175084175	Geometridae	Alcis
Allodontoides tenebrosa	507.0013	397.294117647059	Notodontidae	Allodontoides
Amata wilemani	1801.2129	1856.88888888889	Erebidae	Amata
Amblychia angeronaria	475.76733	430.428571428571	Geometridae	Amblychia
Ambulyx ochracea	863.64026	795.125	Sphingidae	Ambulyx
Ambulyx sericeipennis	744.85736	666.818181818182	Sphingidae	Ambulyx
Amerila astrea	491.56628	523.0625	Erebidae	Amerila
Ampelophaga rubiginosa myosotis	792.73145	878	Sphingidae	Ampelophaga
Amplypterus mansoni takamukui	713.3402	809.375	Sphingidae	Amplypterus
Amsactoides solitaria	332.38812	391.428571428571	Erebidae	Amsactoides
Amyna punctum	648.95197	616	Noctuidae	Amyna
Anacronicta nitida	862.25726	1293.5	Noctuidae	Anacronicta
Analthes taihokualis	336.509	324.09375	Crambidae	Analthes
Andraca theae	1900.0956	1868	Endromidae	Andraca
Andraca yauichui	1624.3154	2100.75	Endromidae	Andraca
Anectropis semifascia	1839.2477	1908.22222222222	Geometridae	Anectropis
Anisoneura salebrosa	540.6729	495.5625	Erebidae	Anisoneura
Anoratha sinuosa	1976.9286	1914	Erebidae	Anoratha
Anorthoa plumbeata	2095.2498	2187.3	Noctuidae	Anorthoa
Antha grata	1012.0597	603	Noctuidae	Antha
Antigastra catalaunalis	456.76962	548.6	Crambidae	Antigastra
Antipercnia cordiforma	1106.434	983	Geometridae	Antipercnia
Antitrygodes divisaria perturbatus	352.5275	388.766666666667	Geometridae	Antitrygodes
Anuga multiplicans	670.1699	637.333333333333	Euteliidae	Anuga
Apha horishana	1187.9442	1194	Eupterotidae	Apha
Aplochlora costipicta	1172.5833	1091.71428571429	Geometridae	Aplochlora
Aplotelia diplographa	619.01935	490.833333333333	Euteliidae	Aplotelia
Apospasta rantaizanensis	1496.3214	1692.5	Noctuidae	Apospasta
Apsarasa radians	534.0852	567.3125	Noctuidae	Apsarasa
Arasada pyraliformis	404.28986	277.444444444444	Erebidae	Arasada
Arbudas submacula	845.3452	1325	Zygaenidae	Arbudas
Arcesis threnodes	881.5661	1080.75	Tortricidae	Arcesis
Arcte coerula	1067.4735	1136	Noctuidae	Arcte
Arctioblepsis rubida	248.15283	278.37037037037	Pyralidae	Arctioblepsis
Areas galactina formosana	563.52686	585.5	Erebidae	Areas
Argyrocosma inductaria	480.30127	499	Geometridae	Argyrocosma
Arichanna marginata	882.8349	985.727272727273	Geometridae	Arichanna
Arichanna pryeraria	1837.4819	1858.86666666667	Geometridae	Arichanna
Aroa substrigosa	259.6037	250.150943396226	Erebidae	Aroa
Aroana baliensis	728.0579	471.571428571429	Erebidae	Aroana
Artena dotata	555.0132	543.901408450704	Erebidae	Artena
Asota caricae	488.38336	526.05	Erebidae	Asota
Asota egens indica	394.80905	424.687943262412	Erebidae	Asota
Asota heliconia zebrina	410.81772	427.467866323907	Erebidae	Asota
Asota plana lacteata	378.97256	396.142857142857	Erebidae	Asota
Asota tortuosa	1480.0913	1476.75	Erebidae	Asota
Asura tricolor	394.89676	438.9375	Erebidae	Asura
Athetis brunneolineosa	1179.8821	1281.07692307692	Noctuidae	Athetis
Athetis stellata	765.13965	788.133333333333	Noctuidae	Athetis
Athetis stellulata	572.1512	737.090909090909	Noctuidae	Athetis
Aurana vinaceella	604.612	624.5	Pyralidae	Aurana
Avatha chinensis	1462.9005	1507.01724137931	Erebidae	Avatha
Avitta taiwana	1684.6438	1854.4	Erebidae	Avitta
Axylia putris triseriata	1378.4858	1387.5	Noctuidae	Axylia
Barsine fuscozonata	1678.7228	1635.51351351351	Erebidae	Barsine
Barsine horishanella	592.0411	553.615384615385	Erebidae	Barsine
Barsine ponlai	1704.475	1507.33333333333	Erebidae	Barsine
Barsine sauteri	474.77466	538.467391304348	Erebidae	Barsine
Bastilla absentimacula	248.59895	290.788461538461	Erebidae	Bastilla
Bastilla acuta acuta	1093.5757	1367.33333333333	Erebidae	Bastilla
Bastilla amygdalis	608.6219	618.157894736842	Erebidae	Bastilla
Bastilla arcuata	347.758	360.684210526316	Erebidae	Bastilla
Bastilla joviana joviana	435.8439	327.3	Erebidae	Bastilla
Bastilla maturata	1408.7086	1507	Erebidae	Bastilla
Bastilla praetermissa	579.1271	541.28125	Erebidae	Bastilla
Batracharta divisa	1024.8608	1206.125	Erebidae	Batracharta
Beara tortriciformis	494.3025	475.870967741936	Nolidae	Beara
Benbowia takamukuanus	957.7717	1052.4	Notodontidae	Benbowia
Bertula abjudicalis	271.40405	325	Erebidae	Bertula
Bertula hadenalis persimilis	552.5173	438.076923076923	Erebidae	Bertula
Bertula kosemponica	439.27365	377.2	Erebidae	Bertula
Besaia sordida	1876.9368	1996.4	Notodontidae	Besaia
Biston perclara	611.06445	649.241379310345	Geometridae	Biston
Blasticorhinus bifasciata	504.66797	1152.83333333333	Erebidae	Blasticorhinus
Blenina quinaria	1391.3705	1413.97222222222	Nolidae	Blenina
Bocula diffisa	406.1113	470.095238095238	Erebidae	Bocula
Bocula marginata	430.62616	411.647058823529	Erebidae	Bocula
Bombyx mandarina formosana	390.40826	383.558823529412	Bombycidae	Bombyx
Borbacha pardaria	386.2293	415.564102564103	Geometridae	Borbacha
Botyodes asialis	684.1072	807.1875	Crambidae	Botyodes
Botyodes caldusalis	449.4286	466.125	Crambidae	Botyodes
Botyodes diniasalis	329.45755	404.5	Crambidae	Botyodes
Botyodes principalis	1068.2625	1192.29411764706	Crambidae	Botyodes
Bradina aulacodialis	606.2918	1203.66666666667	Crambidae	Bradina
Bradina diagonalis	576.3444	579.0625	Crambidae	Bradina
Brahmaea wallichii insulata	1519.7168	1598	Brahmaeidae	Brahmaea
Brunia antica	450.8047	317.363636363636	Erebidae	Brunia
Bryophilina mollicula	700.47205	774.916666666667	Noctuidae	Bryophilina
Callambulyx tatarinovii formosana	588.9224	680.611111111111	Sphingidae	Callambulyx
Callibotys carapina	503.2132	593.666666666667	Crambidae	Callibotys
Callidula attenuata	621.02563	819	Callidulidae	Callidula
Calliteara angulata	832.1903	726.6	Erebidae	Calliteara
Calliteara arizana	1810.3486	1872.90909090909	Erebidae	Calliteara
Calliteara grotei horishanella	949.54083	757.8	Erebidae	Calliteara
Calliteara lunulata takamukuana	970.75995	761.5	Erebidae	Calliteara
Calliteara postfusca	1138.5496	1292.05714285714	Erebidae	Calliteara
Calliteara taiwana	1367.7692	1320.375	Erebidae	Calliteara
Callopistria deflexusa	740.9452	746	Noctuidae	Callopistria
Callopistria delicata	895.9381	917.137931034483	Noctuidae	Callopistria
Callopistria duplicans	875.5402	554.5	Noctuidae	Callopistria
Callopistria maillardi maillardi	778.3523	754.871794871795	Noctuidae	Callopistria
Callopistria nobilior	938.3718	557.090909090909	Noctuidae	Callopistria
Callopistria phaeogona	474.37012	477.916666666667	Noctuidae	Callopistria
Callopistria repleta	1227.5696	1354.38461538462	Noctuidae	Callopistria
Callyna contracta	1535.23	1643.69230769231	Noctuidae	Callyna
Callyna jugaria	477.76474	323.947368421053	Noctuidae	Callyna
Callyna monoleuca	542.55676	494.895833333333	Noctuidae	Callyna
Callyna semivitta	888.28204	693.190476190476	Noctuidae	Callyna
Calyptra minuticornis bisacutum	474.64343	529.833333333333	Erebidae	Calyptra
Calyptra orthograpta	828.0777	757.642857142857	Erebidae	Calyptra
Camptoloma carum	611.2959	507	Nolidae	Camptoloma
Camptomastix hisbonalis	581.89166	560.255319148936	Crambidae	Camptomastix
Cania heppneri	335.2248	339.144578313253	Limacodidae	Cania
Carea internifusca	850.5259	703.857142857143	Nolidae	Carea
Carea varipes	1187.4569	1227	Nolidae	Carea
Catocala macula	1323.0166	1406.27777777778	Erebidae	Catocala
Catoria olivescens	514.9686	546.5	Geometridae	Catoria
Catoria sublavaria	507.79062	394.416666666667	Geometridae	Catoria
Cechetra lineosa	1291.5034	1425.88235294118	Sphingidae	Cechetra
Cechetra minor	591.4548	594.958333333333	Sphingidae	Cechetra
Celenna festivaria formosensis	1353.4009	1383.90769230769	Geometridae	Celenna
Ceratarcha umbrosa	434.70596	431.627450980392	Crambidae	Ceratarcha
Chadisra bipartita	714.3406	695.681818181818	Notodontidae	Chadisra
Checupa stegeri	1689.3721	1803.09090909091	Noctuidae	Checupa
Chiasmia eleonora	755.57837	750.483870967742	Geometridae	Chiasmia
Chiasmia emersaria	299.4385	249.714285714286	Geometridae	Chiasmia
Chiasmia inchoata	658.85486	513.777777777778	Geometridae	Chiasmia
Chiasmia intermediaria	519.6145	436.75	Geometridae	Chiasmia
Chiasmia monticolaria notia	638.7679	673.75	Geometridae	Chiasmia
Chiasmia perfusaria	768.08545	555	Geometridae	Chiasmia
Chloroclystis rubroviridis	1575.7727	1874.66666666667	Geometridae	Chloroclystis
Chlorodontopera discospilata	1771.7792	1742.92857142857	Geometridae	Chlorodontopera
Chorodna creataria	687.97296	674.172839506173	Geometridae	Chorodna
Chorodna ochreimacula	622.1785	597.333333333333	Geometridae	Chorodna
Chrysaeglia magnifica	489.33823	512.559139784946	Erebidae	Chrysaeglia
Chrysodeixis eriosoma	695.80835	675	Noctuidae	Chrysodeixis
Chrysodeixis heberachis	448.35245	456.505050505051	Noctuidae	Chrysodeixis
Chrysodeixis minutus	652.8329	469.5	Noctuidae	Chrysodeixis
Chrysodeixis taiwani	1176.3828	1430.09090909091	Noctuidae	Chrysodeixis
Chrysorabdia vilemani	1844.5977	1886.46153846154	Erebidae	Chrysorabdia
Chundana emarginata	1260.4896	1632.08333333333	Uraniidae	Chundana
Churinga virago	1835.0043	1887.84615384615	Erebidae	Churinga
Chytonix costimacula	450.4333	442	Noctuidae	Chytonix
Cidariplura gladiata	335.83765	301.571428571429	Erebidae	Cidariplura
Cidariplura shanmeii	463.1911	570.285714285714	Erebidae	Cidariplura
Circobotys aurealis	353.39554	377.083333333333	Crambidae	Circobotys
Clavipalpula aurariae formosana	1446.2618	2165.6875	Noctuidae	Clavipalpula
Cleora alienaria	725.3391	349.606060606061	Geometridae	Cleora
Cleora contiguata contiguata	381.4944	532.6	Geometridae	Cleora
Cleora fraterna	1037.1006	1068.95081967213	Geometridae	Cleora
Cnaphalocrocis medinalis	679.2746	953.75	Crambidae	Cnaphalocrocis
Cnethodonta grisescens baibarana	1108.8193	1104.73684210526	Notodontidae	Cnethodonta
Comibaena cassidara	625.0375	585.5	Geometridae	Comibaena
Comibaena pictipennis pictipennis	1895.4813	1999.5	Geometridae	Comibaena
Comibaena procumbaria	438.40338	340.347826086956	Geometridae	Comibaena
Comostola enodata	1221.2577	1277.33333333333	Geometridae	Comostola
Comostola pyrrhogona	673.3113	745.333333333333	Geometridae	Comostola
Comparmustilia gerontica	1434.5775	1411.53333333333	Endromidae	Comparmustilia
Condica albigutta	253.02567	572.666666666667	Noctuidae	Condica
Condica illecta	479.9675	429.75	Noctuidae	Condica
Condica serva	423.53372	330.615384615385	Noctuidae	Condica
Conistra takasago	2137.3262	1950.66666666667	Noctuidae	Conistra
Corymica arnearia	644.6774	694.75	Geometridae	Corymica
Corymica pryeri	853.7184	988.782608695652	Geometridae	Corymica
Corymica spatiosa	657.5885	656.229508196721	Geometridae	Corymica
Cosmophila lyona	442.1032	471.230769230769	Erebidae	Cosmophila
Cosmotriche discitincta discitincta	1937.1018	1950.5641025641	Lasiocampidae	Cosmotriche
Cotachena pubescens	854.41235	911.363636363636	Crambidae	Cotachena
Creatonotos transiens vacillans	445.68442	295.406832298137	Erebidae	Creatonotos
Ctenoplusia adiaphora	1434.0256	1732	Noctuidae	Ctenoplusia
Ctenoplusia agnata	738.43585	1127.5	Noctuidae	Ctenoplusia
Ctenoplusia albostriata	623.305	747.5	Noctuidae	Ctenoplusia
Ctenoplusia furcifera furcifera	861.9482	658.2	Noctuidae	Ctenoplusia
Ctenoplusia kosemponensis	929.38367	967.5	Noctuidae	Ctenoplusia
Ctenoplusia placida	875.2781	1072	Noctuidae	Ctenoplusia
Cusiala boarmioides	462.41293	371.087719298246	Geometridae	Cusiala
Cyana hamata hamata	529.5675	502	Erebidae	Cyana
Cyana sanguinea	710.708	789.714285714286	Erebidae	Cyana
Cyclodes omma	338.5792	397.444444444445	Noctuidae	Cyclodes
Cypoides chinensis	675.4802	799.642857142857	Sphingidae	Cypoides
Daddala lucilla	1309.2152	1315.40707964602	Erebidae	Daddala
Danala lilacina	663.71576	578.8	Geometridae	Danala
Danielithosia immaculata	647.1249	423.666666666667	Erebidae	Danielithosia
Deileptenia rimosaria	1755.0369	1868.92307692308	Geometridae	Deileptenia
Demonarosa rufotessellata subrosea	577.3907	645	Limacodidae	Demonarosa
Dendrolimus arizana	1707.5647	1859.54166666667	Lasiocampidae	Dendrolimus
Dendrolimus punctatus	1221.5168	1070.4347826087	Lasiocampidae	Dendrolimus
Diarsia canescens	1430.9846	1518.8	Noctuidae	Diarsia
Diarsia formosensis	2000.6478	1946.28571428571	Noctuidae	Diarsia
Diarsia sinuosa	1776.3672	1527.6	Noctuidae	Diarsia
Diarsia subtincta	1759.4834	1821.5	Noctuidae	Diarsia
Dierna strigata	414.78436	380.5	Erebidae	Dierna
Dindica kishidai	1043.1123	1014.64705882353	Geometridae	Dindica
Dindica polyphaenaria	655.22925	652.192307692308	Geometridae	Dindica
Dindica purpurata	846.1649	796.347826086957	Geometridae	Dindica
Dindica taiwana	1243.066	1317.79487179487	Geometridae	Dindica
Diphtherocome pulchra	1600.6697	1705.22580645161	Noctuidae	Diphtherocome
Dipterygina cupreotincta	901.154	923.15	Noctuidae	Dipterygina
Dipterygina indica	962.0121	1089.57142857143	Noctuidae	Dipterygina
Discoglypha hampsoni	1017.646	1727	Geometridae	Discoglypha
Discoglypha locupletata	1277.6538	1380.07142857143	Geometridae	Discoglypha
Disparia wilemani	819.42664	790.333333333333	Notodontidae	Disparia
Dolbina inexacta	723.42944	716.555555555556	Sphingidae	Dolbina
Doratoptera lutea	1107.8096	1138.81818181818	Geometridae	Doratoptera
Drepana pallida nigromaculata	1224.4182	1273.88235294118	Drepanidae	Drepana
Dudusa nobilis	609.9328	611.235294117647	Notodontidae	Dudusa
Dudusa synopla	555.85974	483.666666666667	Notodontidae	Dudusa
Dura alba	997.6382	542.666666666667	Erebidae	Dura
Dypterygia subfusca	1142.1855	1262.75	Noctuidae	Dypterygia
Dysaethria flavistriga	384.9772	384.142857142857	Uraniidae	Dysaethria
Dysstroma sikkimensis	1928.2108	1623.33333333333	Geometridae	Dysstroma
Ecliptopera benigna	638.34766	680.285714285714	Geometridae	Ecliptopera
Ecliptopera delecta	886.6718	1116.44444444444	Geometridae	Ecliptopera
Ecliptopera muscicolor allobathra	1921.7764	1981.5	Geometridae	Ecliptopera
Ecliptopera rectilinea kanshinensis	601.18524	375.1	Geometridae	Ecliptopera
Ecliptopera umbrosaria stathera	349.4704	410.5	Geometridae	Ecliptopera
Ectropis excellens	509.9579	550.222222222222	Geometridae	Ectropis
Eilema ratonis	738.47797	682.392156862745	Erebidae	Eilema
Eilema taiwana	284.28876	1667.33333333333	Erebidae	Eilema
Eilicrinia flava	422.5616	423.189189189189	Geometridae	Eilicrinia
Endotricha metacuralis	1849.5977	1988.375	Pyralidae	Endotricha
Endotricha olivacealis	802.4025	846.6	Pyralidae	Endotricha
Entomopteryx combusta	441.63577	386.173913043478	Geometridae	Entomopteryx
Entomopteryx rubridisca	1128.9143	796.333333333333	Geometridae	Entomopteryx
Eoophyla conjunctalis	565.16956	602.703703703704	Crambidae	Eoophyla
Eospilarctia nehallenia baibarensis	1907.4897	2013.5	Erebidae	Eospilarctia
Epipsestis cortigera	1678.8154	1700.5	Drepanidae	Epipsestis
Episparis taiwana	491.10535	523.615384615385	Erebidae	Episparis
Episteira sp	703.476	322	Geometridae	Episteira
Epobeidia lucifera extranigricans	1817.6406	1839.35	Geometridae	Epobeidia
Epobeidia tigrata maxima	842.65515	776	Geometridae	Epobeidia
Ercheia cyllaria	262.14798	268.561983471074	Erebidae	Ercheia
Ercheia niveostrigata	1100.592	486.181818181818	Erebidae	Ercheia
Ercheia umbrosa	1181.1143	1542.09523809524	Erebidae	Ercheia
Erebus caprimulgus	803.8589	746.4	Erebidae	Erebus
Erebus ephesperis	379.89093	360.068965517241	Erebidae	Erebus
Erebus gemmans	1029.8801	1266.28571428571	Erebidae	Erebus
Eressa confinis finitima	320.6806	339.451612903226	Erebidae	Eressa
Ericeia inangulata inangulata	720.176	719.571428571429	Erebidae	Ericeia
Ericeia pertendens	349.0784	895	Erebidae	Ericeia
Ernolatia moorei	410.48117	338	Bombycidae	Ernolatia
Erygia apicalis	490.8675	428.826086956522	Erebidae	Erygia
Eterusia aedea formosana	367.7079	381.473684210526	Zygaenidae	Eterusia
Ethmia lineatonotella	875.9061	937.071428571429	Depressariidae	Ethmia
Eublemma quadrapex	470.32782	481.789473684211	Erebidae	Eublemma
Euchristophia cumulata meridionalis	1227.9877	1873.14285714286	Geometridae	Euchristophia
Eucyclodes lalashana	927.4385	1896	Geometridae	Eucyclodes
Eudocima homaena	709.12024	597.8	Erebidae	Eudocima
Eugoa cernyi	875.2911	732.428571428572	Erebidae	Eugoa
Euhampsonia formosana	1007.3904	1154.57142857143	Notodontidae	Euhampsonia
Eumelea ludovicata	350.68616	304.901960784314	Geometridae	Eumelea
Eumeta pryeri	412.6086	398.782608695652	Psychidae	Eumeta
Euplexidia exotica	1606.3452	1779.22222222222	Noctuidae	Euplexidia
Euproctis croceola	1081.3876	1313.5	Erebidae	Euproctis
Euproctis kanshireia	335.63962	347.8	Erebidae	Euproctis
Euproctis marginata insulata	1837.626	1923.76470588235	Erebidae	Euproctis
Euproctis purpureofasciata	1684.4921	2024.55	Erebidae	Euproctis
Euproctis sericea	1700.497	1832.36363636364	Erebidae	Euproctis
Euromoia subpulchra	1492.8295	1727	Noctuidae	Euromoia
Eusabena miltochristalis	463.91547	447.4	Crambidae	Eusabena
Eustroma changi	1243.1106	1277.5	Geometridae	Eustroma
Euthrix laeta	546.86285	549.307692307692	Lasiocampidae	Euthrix
Eutrogia morosa	421.46902	397.190476190476	Erebidae	Eutrogia
Fascellina chromataria	521.16455	535.09604519774	Geometridae	Fascellina
Fascellina plagiata	1427.1536	1416.63157894737	Geometridae	Fascellina
Fascionycta fasciata	766.0712	724.206896551724	Noctuidae	Fascionycta
Fentonia baibarana	838.68665	825.105263157895	Notodontidae	Fentonia
Flavinarosa obscura	390.13824	427.666666666667	Limacodidae	Flavinarosa
Fodina contigua	250.04361	284.458333333333	Erebidae	Fodina
Formofentonia orbifer rotundata	1106.741	1175.73333333333	Notodontidae	Formofentonia
Gabala argentata	778.64307	868	Nolidae	Gabala
Gadirtha inexacta	692.36707	785.25	Nolidae	Gadirtha
Gandaritis sinicaria postalba	1385.6051	1383.66666666667	Geometridae	Gandaritis
Ganisa formosicola	861.47876	751.2	Eupterotidae	Ganisa
Garaeus apicata formosanus	1027.2887	1119.97674418605	Geometridae	Garaeus
Garaeus specularis specularis	1703.6511	1949	Geometridae	Garaeus
Gasterocome pannosaria orta	1231.526	1241.6875	Geometridae	Gasterocome
Gastropacha horishana	448.4431	462.791666666667	Lasiocampidae	Gastropacha
Gastropacha pardale formosana	642.39813	651.235294117647	Lasiocampidae	Gastropacha
Glauconoe deductalis	362.3488	387.142857142857	Crambidae	Glauconoe
Glyphodes chilka	802.9364	1230.33333333333	Crambidae	Glyphodes
Gonitis mesogona	445.61322	469.756097560976	Erebidae	Gonitis
Gonodontis pallida	729.53394	685.4375	Geometridae	Gonodontis
Gymnasura semilutea	1037.4836	1230.57142857143	Erebidae	Gymnasura
Habrosyne indica formosana	1459.7444	1516.20338983051	Drepanidae	Habrosyne
Habrosyne pterographa	1939.2163	2054.6	Drepanidae	Habrosyne
Hadennia hisbonalis	629.3755	586.176470588235	Erebidae	Hadennia
Hampsonella arizana	1011.5871	1341.125	Limacodidae	Hampsonella
Harpyia formosicola	1691.0398	1736.6	Notodontidae	Harpyia
Harutaea flavizona	918.83875	773	Geometridae	Harutaea
Harutalcis fumigata	1889.678	1848.65714285714	Geometridae	Harutalcis
Hastina subfalcaria caeruleolineata	1115.18	1993.14285714286	Geometridae	Hastina
Helicoverpa armigera	933.06586	979.15	Noctuidae	Helicoverpa
Heortia vitessoides	385.95517	376.277777777778	Crambidae	Heortia
Heotia vitessoides	394.82574	642.5	Crambidae	Heotia
Hepatica irrorata	853.59344	942.75	Erebidae	Hepatica
Herculia pelasgalis	588.0838	606.6875	Pyralidae	Herculia
Herminia decipiens	533.4074	822.333333333333	Erebidae	Herminia
Herminia kurokoi	565.9952	437.642857142857	Erebidae	Herminia
Herminia vermiculata	377.15796	365.333333333333	Erebidae	Herminia
Herochroma baibarana	666.7501	692.692307692308	Geometridae	Herochroma
Herochroma cristata	554.9486	383.25	Geometridae	Herochroma
Herochroma ochreipicta	1518.443	1714.85714285714	Geometridae	Herochroma
Herochroma supraviridaria	743.42737	1753	Geometridae	Herochroma
Herpetogramma luctuosalis	418.5773	483.620689655172	Crambidae	Herpetogramma
Hesudra divisa	1298.9894	1295.26829268293	Erebidae	Hesudra
Heterolocha biplagiata	1481.9683	1761.03225806452	Geometridae	Heterolocha
Heterolocha coccinea	808.0884	803.305555555556	Geometridae	Heterolocha
Heterothera sororcula	2140.588	2237.33333333333	Geometridae	Heterothera
Hippotion velox	1169.656	1236.46153846154	Sphingidae	Hippotion
Horipsestis aenea aenea	1145.8042	700.818181818182	Drepanidae	Horipsestis
Horipsestis mushana mushana	1023.59863	1305.5	Drepanidae	Horipsestis
Horithyatira decorata takamukui	1732.0256	1761.475	Drepanidae	Horithyatira
Hulodes caranea	457.02402	407.222222222222	Erebidae	Hulodes
Hydatocapnia gemina	670.0481	644.652173913044	Geometridae	Hydatocapnia
Hydrelia bicolorata	1727.0474	1946.44444444444	Geometridae	Hydrelia
Hydrillodes nilgirialis	666.552	541.192307692308	Erebidae	Hydrillodes
Hydrillodes torsivena	1189.964	1512.64705882353	Erebidae	Hydrillodes
Hylophilodes tsukusensis	1001.7993	1039.57142857143	Nolidae	Hylophilodes
Hypena albopunctalis	454.7893	532	Erebidae	Hypena
Hypena cyanea	896.76746	1217.2	Erebidae	Hypena
Hypena iconicalis	769.511	700.724137931035	Erebidae	Hypena
Hypena indicatalis	663.7307	490	Erebidae	Hypena
Hypena kanshireiensis	635.21027	432.588235294118	Erebidae	Hypena
Hypena lignealis	1015.1854	1303.89473684211	Erebidae	Hypena
Hypena longipennis	1293.1155	1487.93333333333	Erebidae	Hypena
Hypena ophiusoides	1096.3652	1076.25	Erebidae	Hypena
Hypena perspicua	1153.0359	1283.34285714286	Erebidae	Hypena
Hypena sinuosa	1025.7747	1322	Erebidae	Hypena
Hypena taiwana	898.4071	697.428571428571	Erebidae	Hypena
Hypena tenebralis	1326.7876	1756.02380952381	Erebidae	Hypena
Hypena trigonalis	657.92316	647.666666666667	Erebidae	Hypena
Hypena tristalis	1391.3025	1533.9	Erebidae	Hypena
Hypersypnoides formosensis	1366.9836	1716.71428571429	Erebidae	Hypersypnoides
Hypersypnoides punctosa	1185.7113	1198.46666666667	Erebidae	Hypersypnoides
Hypersypnoides submarginata	1199.9229	1699.27586206897	Erebidae	Hypersypnoides
Hypocala deflorata	893.626	962.837209302326	Erebidae	Hypocala
Hypocala subsatura	1044.8337	1090.89393939394	Erebidae	Hypocala
Hypocala violacea	1023.80634	1038.66666666667	Erebidae	Hypocala
Hypochrosis rufescens	1915.1062	1844.69565217391	Geometridae	Hypochrosis
Hypomecis cineracea	976.95337	812.428571428571	Geometridae	Hypomecis
Hypomecis obliquisigna	1118.7507	1343.11111111111	Geometridae	Hypomecis
Hyposidra talaca talaca	338.73596	335.537572254335	Geometridae	Hyposidra
Hypospila bolinoides	504.87854	500.852112676056	Erebidae	Hypospila
Idaea costiguttata	921.01337	1003.11111111111	Geometridae	Idaea
Idaea egenaria	531.4615	1027	Geometridae	Idaea
Idaea sugillata	1865.4058	1963	Geometridae	Idaea
Ilema kosemponica	640.43774	633.424242424242	Erebidae	Ilema
Ilema olivacea	486.08414	539.170212765957	Erebidae	Ilema
Iraga rugosa	410.75732	466.214285714286	Limacodidae	Iraga
Iragaodes nobilis	749.1519	886.75	Nolidae	Iragaodes
Ischyja ferrifracta	618.15283	522.363636363636	Erebidae	Ischyja
Ischyja manlia	857.2032	1034.94117647059	Erebidae	Ischyja
Isocentris filalis	281.86356	299.470588235294	Crambidae	Isocentris
Jodis sp	974.82104	1443	Geometridae	Jodis
Karana gemmifera	1813.2407	1844.4	Noctuidae	Karana
Karana hoenei marcida	1597.5463	663.75	Noctuidae	Karana
Katha magnata magnata	666.6177	746.666666666667	Erebidae	Katha
Kerala lentiginosa	1727.282	1892.9	Nolidae	Kerala
Krananda latimarginaria	487.57416	493.142857142857	Geometridae	Krananda
Krananda oliveomarginata	540.0001	515	Geometridae	Krananda
Krananda semihyalina	1236.6436	1265.83962264151	Geometridae	Krananda
Kunugia undans metanastroides	1308.5641	1313.26086956522	Lasiocampidae	Kunugia
Lamida obscura	646.6333	640.785714285714	Pyralidae	Lamida
Langia zenzeroides formosana	1280.6078	1169.0625	Sphingidae	Langia
Lassaba parvalbidaria parvalbidaria	1564.1453	1660.69411764706	Geometridae	Lassaba
Lebeda nobilis	520.11646	452.357142857143	Lasiocampidae	Lebeda
Lemyra alikangensis	406.94666	453.725	Erebidae	Lemyra
Lemyra fallaciosa	1067.9142	1356.78947368421	Erebidae	Lemyra
Lemyra imparilis	454.16742	450.111111111111	Erebidae	Lemyra
Liparopsis postalbida	1249.7305	761.5	Notodontidae	Liparopsis
Lipomelia subusta	536.8461	839.333333333333	Geometridae	Lipomelia
Lista insulsalis	925.7794	622.769230769231	Pyralidae	Lista
Lithopolia confusa confusa	1538.8983	1420	Noctuidae	Lithopolia
Lixa productalis taiwana	395.76926	289.25	Pyralidae	Lixa
Locastra muscosalis	497.64972	395.161290322581	Pyralidae	Locastra
Loepa formosensis	1048.5709	1122.30769230769	Saturniidae	Loepa
Lomographa inamata	1070.5078	1141.53846153846	Geometridae	Lomographa
Lomographa platyleucata marginata	1657.7859	1733	Geometridae	Lomographa
Lophobates inchoata	718.5141	709.620689655172	Geometridae	Lophobates
Lophobates ochrolaria	1492.8936	1563.18181818182	Geometridae	Lophobates
Lophontosia fusca	678.36914	801	Notodontidae	Lophontosia
Lophophelma iterans onerosus	663.83545	598.293103448276	Geometridae	Lophophelma
Lophophelma taiwana	698.7348	699.119047619048	Geometridae	Lophophelma
Lophoptera hemithyris	360.66577	416.230769230769	Euteliidae	Lophoptera
Lophoptera longipennis	1803.3218	1997.08333333333	Euteliidae	Lophoptera
Lophoptera squammigera	531.4131	468.595238095238	Euteliidae	Lophoptera
Lophoruza lunifera	364.6499	322.090909090909	Erebidae	Lophoruza
Loxioda similis	846.17065	833.333333333333	Erebidae	Loxioda
Luxiaria amasa amasa	1147.8826	1602.8	Geometridae	Luxiaria
Luxiaria costinota	898.10236	893.6875	Geometridae	Luxiaria
Luxiaria mitorrhaphes	891.04297	861.983870967742	Geometridae	Luxiaria
Lyclene acteola	874.1685	643.588235294118	Erebidae	Lyclene
Lyclene alikangiae	700.1117	711.208791208791	Erebidae	Lyclene
Lygephila yoshimotoi	1629.3175	2055.25	Erebidae	Lygephila
Lygniodes hypoleuca	837.39795	907	Erebidae	Lygniodes
Lymantria concolor concolor	1530.3632	1741.29787234043	Erebidae	Lymantria
Lymantria mathura subpallida	364.75317	394.336734693878	Erebidae	Lymantria
Lymantria sinica	868.87286	804.1	Erebidae	Lymantria
Lymantria umbrifera	1565.1726	1698.6	Erebidae	Lymantria
Lymantria xylina xylina	679.87354	353.4	Erebidae	Lymantria
Mabra nigriscripta	307.82867	428.428571428572	Crambidae	Mabra
Macaldenia palumba	351.113	398.045454545455	Erebidae	Macaldenia
Macrobrochis gigas	379.61533	420.119047619048	Erebidae	Macrobrochis
Macrocilix mysticata flavotincta	1360.7249	1584.16666666667	Drepanidae	Macrocilix
Macroglossum mitchellii imperator	1556.6115	1598.44444444444	Sphingidae	Macroglossum
Magusa tenebrosa	886.26953	846.333333333333	Noctuidae	Magusa
Mahanta kawadai	1535.07	1545.83333333333	Limacodidae	Mahanta
Maruca amboinalis	817.1273	509.714285714286	Crambidae	Maruca
Maruca vitrata	1107.4905	1115.9375	Crambidae	Maruca
Marumba cristata bukaiana	1003.4999	963.333333333333	Sphingidae	Marumba
Marumba saishiuana formosana	889.6259	848.5	Sphingidae	Marumba
Marumba sperchius sperchius	972.39813	1142.08333333333	Sphingidae	Marumba
Maxates sinuolata	1704.8174	1882.75	Geometridae	Maxates
Mecodina albodentata	254.04073	268.487804878049	Erebidae	Mecodina
Mecodina subcostalis	973.1338	1185.52941176471	Erebidae	Mecodina
Medama diplaga	794.2654	769.454545454546	Erebidae	Medama
Meganola ascripta	1025.2317	749.666666666667	Nolidae	Meganola
Meganola triangulalis	542.08386	569.153846153846	Nolidae	Meganola
Melanthia procellata szechuanensis	1666.6223	1305.84615384615	Geometridae	Melanthia
Menophra anaplagiata	1223.2415	1124.72222222222	Geometridae	Menophra
Menophra humeraria	1108.504	1403.66666666667	Geometridae	Menophra
Menophra nakajimai	1223.6466	1811.33333333333	Geometridae	Menophra
Menophra taiwana	827.95917	742.785714285714	Geometridae	Menophra
Mesastrape fulguraria fulguraria	1097.6929	1106.42857142857	Geometridae	Mesastrape
Metaemene hampsoni	634.4909	742.571428571429	Erebidae	Metaemene
Metallaxis semiustus	826.2277	448.333333333333	Geometridae	Metallaxis
Microblepsis violacea	917.23376	1023.57575757576	Drepanidae	Microblepsis
Microxyla confusa	315.58435	356.833333333333	Noctuidae	Microxyla
Miltochrista convexa	360.07672	398.928571428571	Erebidae	Miltochrista
Miltochrista sp1	733.41205	533.942857142857	Erebidae	Miltochrista
Miltochrista ziczac	471.9362	476.555555555555	Erebidae	Miltochrista
Miresa fulgida	457.19052	416.794117647059	Limacodidae	Miresa
Mithuna arizana	895.66144	1019.64705882353	Erebidae	Mithuna
Mnesiloba dentifascia	720.6127	727.5	Geometridae	Mnesiloba
Mocis undata	400.78476	376.702127659574	Erebidae	Mocis
Moma abbreviata	795.25433	810.833333333333	Noctuidae	Moma
Monema rubriceps	335.3585	348.756756756757	Limacodidae	Monema
Mosopia punctilinea	521.0059	544.481481481482	Erebidae	Mosopia
Myrioblephara fenchihuana	1510.8915	1665.75	Geometridae	Myrioblephara
Myrioblephara simplaria simplaria	1472.9637	1628.9	Geometridae	Myrioblephara
Mythimna albomarginata rubea	1024.6388	969.608695652174	Noctuidae	Mythimna
Mythimna bistrigata	1045.7985	1281.6	Noctuidae	Mythimna
Mythimna changi	1546.3975	1687.28571428571	Noctuidae	Mythimna
Mythimna decisissima	939.80615	820.625	Noctuidae	Mythimna
Mythimna loreyi	1146.3767	1152.25	Noctuidae	Mythimna
Mythimna martoni	1491.5059	1442.125	Noctuidae	Mythimna
Mythimna pallidicosta	969.8446	1101.5	Noctuidae	Mythimna
Mythimna radiata	1546.2411	1625.57142857143	Noctuidae	Mythimna
Mythimna separata	842.13525	645.7	Noctuidae	Mythimna
Mythimna sinuosa	1327.0089	1526.36842105263	Noctuidae	Mythimna
Mythimna yu	508.21896	334.4	Noctuidae	Mythimna
Nacoleia commixta	514.7357	615.1875	Crambidae	Nacoleia
Narangodes confluens	1302.6257	1341.88235294118	Nolidae	Narangodes
Narosoideus flavidorsalis	602.5269	678.175	Limacodidae	Narosoideus
Narosoideus vulpinus	578.9573	508.941176470588	Limacodidae	Narosoideus
Nausinoe perspectata	283.24225	369.424242424242	Crambidae	Nausinoe
Naxidia punctata	1600.2921	1762.22222222222	Geometridae	Naxidia
Negeta signata	620.9465	531.176470588235	Nolidae	Negeta
Neohipparchus vallata	939.77295	1013.11111111111	Geometridae	Neohipparchus
Neopheosia fasciata fasciata	973.8058	992.333333333333	Notodontidae	Neopheosia
Neotogaria saitonis saitonis	1555.8646	1496.66666666667	Drepanidae	Neotogaria
Netria multispinae multispinae	1681.4508	1781.18181818182	Notodontidae	Netria
Nevrina procopia	576.51654	600.25974025974	Crambidae	Nevrina
Nola marginata	860.23755	394.5	Nolidae	Nola
Nordstromia semililacina	1700.1079	1672.02857142857	Drepanidae	Nordstromia
Norracoides basinotata	529.6404	300.454545454545	Notodontidae	Norracoides
Nothomiza flavicosta	993.6304	1164.25	Geometridae	Nothomiza
Notodonta griseotincta	1852.9307	1906.56140350877	Notodontidae	Notodonta
Notonagemia analis gressitti	680.6095	632.384615384615	Sphingidae	Notonagemia
Nudaria ranruna	834.97614	1170.33333333333	Erebidae	Nudaria
Nyctemera adversata	643.1647	610.352941176471	Erebidae	Nyctemera
Nyctemera arctata albofasciata	1720.7954	1665.94736842105	Erebidae	Nyctemera
Nyctemera carissima formosana	461.76678	502.854545454546	Erebidae	Nyctemera
Oberthueria formosibia	1424.1055	1419.3125	Endromidae	Oberthueria
Odonestis bheroba formosae	726.06445	724.285714285714	Lasiocampidae	Odonestis
Odontopera albiguttulata	1964.1763	1947.20588235294	Geometridae	Odontopera
Odontopera bilinearia subarida	1824.9163	1856	Geometridae	Odontopera
Odontopera insulata insulata	2017.6111	2128.27272727273	Geometridae	Odontopera
Olene dudgeoni	497.03424	465.556291390729	Erebidae	Olene
Olene mendosa	854.27515	1114.46153846154	Erebidae	Olene
Omiodes noctescens	505.669	548.714285714286	Crambidae	Omiodes
Ommatophora luminosa	641.83167	660.044444444445	Erebidae	Ommatophora
Ophiusa disjungens indiscriminata	530.9151	537.636363636364	Erebidae	Ophiusa
Ophiusa tirhaca	796.815	1020.7	Erebidae	Ophiusa
Ophiusa trapezium	623.79065	436	Erebidae	Ophiusa
Opisthograptis moelleri	1690.9427	1714.07142857143	Geometridae	Opisthograptis
Opisthograptis punctilineata	1791.829	1947.55	Geometridae	Opisthograptis
Oraesia excavata	656.47235	614.857142857143	Erebidae	Oraesia
Oreta brunnea	1485.7074	1892.8	Drepanidae	Oreta
Oreta fuscopurpurea	687.88586	687.967741935484	Drepanidae	Oreta
Oreta insignis	708.3142	687.757575757576	Drepanidae	Oreta
Oreta loochooana	902.5587	1025.75	Drepanidae	Oreta
Organopoda carnearia carnearia	997.4794	1139.93333333333	Geometridae	Organopoda
Orgyia postica	263.55157	277.735294117647	Erebidae	Orgyia
Oroplema oyamana	1719.8795	1985.57142857143	Uraniidae	Oroplema
Orthaga olivacea	447.6362	412.2	Pyralidae	Orthaga
Orthocabera sericea sericea	1164.7153	1601.33333333333	Geometridae	Orthocabera
Orthosia alishana	2097.673	1976.375	Noctuidae	Orthosia
Orthosia reticulata fuscovestita	2007.236	2280	Noctuidae	Orthosia
Orybina flaviplaga	1344.9551	1390	Pyralidae	Orybina
Ourapteryx changi	1420.6488	1526	Geometridae	Ourapteryx
Ourapteryx clara formosana	774.648	641.833333333333	Geometridae	Ourapteryx
Ourapteryx ramosa	2021.7627	2062.27272727273	Geometridae	Ourapteryx
Oxyodes scrobiculata	496.9345	531.43220338983	Erebidae	Oxyodes
Pachyodes subtrita	594.1823	573.647058823529	Geometridae	Pachyodes
Palirisa cervina formosana	1741.3494	1736.30769230769	Eupterotidae	Palirisa
Palpita asiaticalis	658.0978	535	Crambidae	Palpita
Palpoctenidia phoenicosoma semilauta	966.83057	1640.8	Geometridae	Palpoctenidia
Pangrapta plumbilineata	513.71246	583.8125	Erebidae	Pangrapta
Pangrapta trilineata	538.85614	503	Erebidae	Pangrapta
Panolis variegatoides	1927.7924	2127.95652173913	Noctuidae	Panolis
Pantana ochripalpis	1018.1639	528.727272727273	Erebidae	Pantana
Parabapta obliqua	1417.1237	1410.66666666667	Geometridae	Parabapta
Parabapta unifasciata	1169.5176	1409.27272727273	Geometridae	Parabapta
Paracolax pryeri	794.56177	846.8	Erebidae	Paracolax
Paracrama angulata	662.6918	746.777777777778	Nolidae	Paracrama
Paracymoriza cataclystalis	1154.8297	1281.875	Crambidae	Paracymoriza
Paradarisa chloauges chloauges	1358.2869	1206.42105263158	Geometridae	Paradarisa
Paradoxopla sinuata taiwana	1587.3282	1651.05	Lasiocampidae	Paradoxopla
Paralebeda femorata mirabilis	686.82355	653	Lasiocampidae	Paralebeda
Paralida triannulata	1255.6373	807.666666666667	Gelechiidae	Paralida
Paramaxates taiwana	1412.2451	1547.5	Geometridae	Paramaxates
Paraona staudingeri formosana	1241.1412	1240.42105263158	Erebidae	Paraona
Parapercnia giraffata	891.3988	876.333333333333	Geometridae	Parapercnia
Parapsestis argenteopicta taiwana	1682.576	1972.6	Drepanidae	Parapsestis
Parasa consocia	414.2703	421.238095238095	Limacodidae	Parasa
Parasa shirakii	716.0097	681.041666666667	Limacodidae	Parasa
Pareclipsis serrulata	983.92267	1222	Geometridae	Pareclipsis
Pareclipsis umbrata	826.8503	722.375	Geometridae	Pareclipsis
Parectropis subflava	1609.1647	1799.21052631579	Geometridae	Parectropis
Parobeidia gigantearia marginifascia	1747.6145	1790.18181818182	Geometridae	Parobeidia
Parum colligata	261.9431	271.941176470588	Sphingidae	Parum
Pelagodes subquadraria	663.35297	609.75	Geometridae	Pelagodes
Penicillaria jocosatrix	913.3106	724	Euteliidae	Penicillaria
Peralostega deletaria deletaria	661.1533	666.76	Geometridae	Peratostega
Perciana taiwana	1831.0951	1791.1	Erebidae	Perciana
Percnia longitermen	710.80664	692.533333333333	Geometridae	Percnia
Percnia luridaria nominoneura	744.68353	652.894736842105	Geometridae	Percnia
Pergesa acteus	506.32373	487.588235294118	Sphingidae	Pergesa
Perina nuda	398.8881	292.166666666667	Erebidae	Perina
Perinaenia mingchyrica	1619.7151	1737.625	Erebidae	Perinaenia
Perixera absconditaria absconditaria	1050.6168	1098.4	Geometridae	Perixera
Perixera sarawackaria	862.48474	533.25	Geometridae	Perixera
Perizoma fasciaria	479.008	483.384615384615	Geometridae	Perizoma
Phalacra strigata insulicola	501.48895	419.5	Drepanidae	Phalacra
Phalerodonta manleyi formosana	1376.3073	1164.4	Notodontidae	Phalerodonta
Pheosiopsis cinerea formosana	1222.691	1303.28571428571	Notodontidae	Pheosiopsis
Phlogophora albovittata	1723.8137	1749.59259259259	Noctuidae	Phlogophora
Pida postalba	1522.9408	2085.875	Erebidae	Pida
Piletocera aegimiusalis	321.61502	426.529411764706	Crambidae	Piletocera
Pilipectus taiwanus	1844.3118	2019.42857142857	Erebidae	Pilipectus
Pindara illibata	548.6229	530.577777777778	Erebidae	Pindara
Pingasa ruginaria pacifica	374.0325	402.645161290323	Geometridae	Pingasa
Plecoptera siderogramma	791.4561	609.111111111111	Erebidae	Plecoptera
Pleuroptya balteata	364.22165	479	Crambidae	Pleuroptya
Pleuroptya deficiens	875.2424	978.526315789474	Crambidae	Pleuroptya
Pleuroptya quadrimaculalis	712.31415	629.272727272727	Crambidae	Pleuroptya
Plusiodonta coelonota	363.8159	334.029411764706	Erebidae	Plusiodonta
Plusiopalpa adrasta shisa	813.6226	906.666666666667	Noctuidae	Plusiopalpa
Pogonopygia pavida pavida	1187.6971	1182.88888888889	Geometridae	Pogonopygia
Polyphagozerra coffeae	715.24945	398.3	Cossidae	Polyphagozerra
Polyptychus chinensis	806.0718	799.333333333333	Sphingidae	Polyptychus
Polythlipta maceratalis	750.1825	1060.33333333333	Crambidae	Polythlipta
Prismosticta fenestrata	1036.8931	1095.46666666667	Endromidae	Prismosticta
Problepsis albidior matsumurai	677.6432	677.8125	Geometridae	Problepsis
Prochasma dentilinea	1735.4373	1975.58333333333	Geometridae	Prochasma
Protarchella nivis	297.87375	1283.66666666667	Tortricidae	Protarchella
Pseudocollix hyperythra catalalia	399.3694	610.666666666667	Geometridae	Pseudocollix
Pseudogyrtona marmorea	1012.25964	1452	Erebidae	Pseudogyrtona
Pseudomiza aurata	2065.6213	2114.93103448276	Geometridae	Pseudomiza
Pseudomiza obliquaria	934.75244	1110.25	Geometridae	Pseudomiza
Pseudosphetta moorei	475.34607	389.285714285714	Erebidae	Pseudosphetta
Psilalcis albibasis	1763.3759	1738.3125	Geometridae	Psilalcis
Psilalcis breta rantaizana	550.03204	455.776315789474	Geometridae	Psilalcis
Psilalcis pulveraria	651.11523	609.318181818182	Geometridae	Psilalcis
Psilogramma increta	701.50323	637.5	Sphingidae	Psilogramma
Psyra spurcataria	1433.7397	2092.10526315789	Geometridae	Psyra
Pterotosoma castanea	742.8368	797.933333333333	Uraniidae	Pterotosoma
Pycnarmon cribrata	785.48975	1138.5	Crambidae	Pycnarmon
Pygospila tyres	1248.1792	1353.41666666667	Crambidae	Pygospila
Pyrinioides sinuosus	653.60834	625.531914893617	Thyrididae	Pyrinioides
Pyrosis ni	1914.9619	2011.28571428571	Lasiocampidae	Pyrosis
Rachia lineata	1507.0374	1670.71428571429	Notodontidae	Rachia
Rachiades lichenicolor albimaculata	914.1135	1059.22222222222	Notodontidae	Rachiades
Racotis boarmiaria	853.4048	590.769230769231	Geometridae	Racotis
Rhagastis binoculata	506.7258	462.939024390244	Sphingidae	Rhagastis
Rhagastis castor formosana	708.78754	748.071428571429	Sphingidae	Rhagastis
Rikiosatoa fucataria	2140.6367	2070	Geometridae	Rikiosatoa
Rivula niveipuncta	383.4452	431	Erebidae	Rivula
Rusicada combinans	799.1484	825.142857142857	Erebidae	Rusicada
Rusicada privata	783.50073	829.833333333333	Erebidae	Rusicada
Sarcinodes aequilinearia	710.03485	711.888888888889	Geometridae	Sarcinodes
Sarcinodes mongaku	845.7772	713	Geometridae	Sarcinodes
Sarcinodes yayeyamana	626.6207	596.464285714286	Geometridae	Sarcinodes
Sarcinodes yeni	794.89734	815.296296296296	Geometridae	Sarcinodes
Satoblephara owadai	1083.5776	1104.14285714286	Geometridae	Satoblephara
Scedopla umbrosa	431.48608	418.44	Erebidae	Scedopla
Schistophyle falcifera	810.07104	872.25	Geometridae	Schistophyle
Scopula kagiata	873.59064	1376.4	Geometridae	Scopula
Semidonta kosemponica	706.6368	843	Notodontidae	Hyperaeschrella
Serrodes campana	710.78394	700.744186046512	Erebidae	Serrodes
Setora baibarana	555.05914	1079.125	Limacodidae	Setora
Sewa taiwana	2117.2332	2010.5	Drepanidae	Sewa
Siccia taiwana	661.16284	772	Erebidae	Siccia
Simplicia bimarginata	472.46164	489.234234234234	Erebidae	Simplicia
Simplicia niphona	563.9045	581	Erebidae	Simplicia
Simplicia simplicissima	392.26822	425.866666666667	Erebidae	Simplicia
Simplicia xanthoma	493.5249	783.714285714286	Erebidae	Simplicia
Somatina rosacea anaemica	665.9196	644.62962962963	Geometridae	Somatina
Somena scintillans	736.1964	725.944444444444	Erebidae	Somena
Sonagara strigipennis	958.00885	928.777777777778	Thyrididae	Striglina
Sophta diplochorda	431.99307	517.166666666667	Erebidae	Sophta
Sophta olivata	352.3712	266.578947368421	Erebidae	Sophta
Spaniocentra hollowayi	564.4607	534.818181818182	Geometridae	Spaniocentra
Speidelia taiwana taiwana	1727.1813	2053	Noctuidae	Speidelia
Sphragifera sigillata taimacula	1300.1968	1351.33333333333	Noctuidae	Sphragifera
Spilarctia alba kikuchii	1184.3615	1163.5	Erebidae	Spilarctia
Spilarctia clava	2069.8003	2075.55	Erebidae	Spilarctia
Spilarctia postrubida	488.63135	447.242424242424	Erebidae	Spilarctia
Spilarctia sp	944.14526	1049.63636363636	Erebidae	Spilarctia
Spilarctia subtestacea	443.86725	366.5	Erebidae	Spilarctia
Spilarctia tienmushana werneri	651.03406	617.111111111111	Erebidae	Spilarctia
Spilarctia wilemani	887.18384	946.913043478261	Erebidae	Spilarctia
Spilosoma fumida	1684.8536	1769.36842105263	Erebidae	Spilosoma
Spodoptera exigua	1544.0846	1550.5	Noctuidae	Spodoptera
Spodoptera litura	475.4055	476.313725490196	Noctuidae	Spodoptera
Spodoptera mauritia acronyctoides	955.55505	1122.2	Noctuidae	Spodoptera
Spodoptera pecten	588.5739	295.227272727273	Noctuidae	Spodoptera
Spoladea recurvalis	774.3513	766.95	Crambidae	Spoladea
Stauropus sikkimensis lushanus	1833.3512	1945	Notodontidae	Stauropus
Stauropus teikichiana teikichiana	591.5158	811.8	Notodontidae	Stauropus
Stigmoctenoplusia aeneofusa	777.192	919	Noctuidae	Stigmoctenoplusia
Strepsigonia diluta takamukui	521.82733	408.666666666667	Drepanidae	Strepsigonia
Susica sinensis	343.1686	356	Limacodidae	Susica
Sympis rufibasis	252.43567	263.495049504951	Erebidae	Sympis
Syntomoides imaon	448.54678	383.117647058823	Erebidae	Syntomoides
Syntypistis comatus	1311.0405	1486.09090909091	Notodontidae	Syntypistis
Syntypistis cyanea cyanea	480.09308	528.617021276596	Notodontidae	Syntypistis
Syntypistis perdix perdix	1724.33	1869.57142857143	Notodontidae	Syntypistis
Syntypistis subgeneris subgeneris	633.6853	522.1	Notodontidae	Syntypistis
Syntypistis umbrosa	816.7049	707.2	Notodontidae	Syntypistis
Syntypistis viridipicta	446.27707	456.434782608696	Notodontidae	Syntypistis
Sypnoides chinensis	1712.5013	2098.33333333333	Erebidae	Sypnoides
Sypnoides pannosa	1291.9843	1363.33333333333	Erebidae	Sypnoides
Talanga nympha	418.88828	431.75	Crambidae	Talanga
Tamba lala	348.3142	358.363636363636	Erebidae	Tamba
Tamba taiwana	2241.937	2064.6	Erebidae	Tamba
Tanaoctenia haliaria	1805.3921	1812.02564102564	Geometridae	Tanaoctenia
Tanaorhinus formosana	1197.2201	1371	Geometridae	Tanaorhinus
Tanaorhinus viridiluteata	1026.9723	1090	Geometridae	Tanaorhinus
Tarsolepis japonica	773.967	766.121212121212	Notodontidae	Tarsolepis
Tarsolepis taiwana	1159.2383	1131.84615384615	Notodontidae	Tarsolepis
Tasta argozana	1023.8752	1078.6	Geometridae	Tasta
Teliphasa albifusa	446.4799	308.083333333333	Pyralidae	Teliphasa
Teliphasa nubilosa	643.5434	690.709677419355	Pyralidae	Teliphasa
Tethea consimilis c-album	1590.0591	1595.54545454545	Drepanidae	Tethea
Tethea oberthueri taiwana	1487.7883	1519.79591836735	Drepanidae	Tethea
Teulisna tumida	954.7656	989.272727272727	Erebidae	Teulisna
Thalassodes sp	663.25867	784.25	Geometridae	Thalassodes
Theretra latreillii lucasii	324.435	334	Sphingidae	Theretra
Theretra nessus	839.9619	959.5	Sphingidae	Theretra
Thosea sinensis	357.607	390.3125	Limacodidae	Thosea
Thyas coronata	842.97	893.105263157895	Erebidae	Thyas
Thyas juno	1073.5569	1136.33333333333	Erebidae	Thyas
Thyatira batis formosicola	1505.5282	426.2	Drepanidae	Thyatira
Timandra convectaria	438.78766	371.307692307692	Geometridae	Timandra
Timandra extremaria	491.05	490.466666666667	Geometridae	Timandra
Tiracola plagiata	1090.7987	1161.46875	Noctuidae	Tiracola
Trabala vishnou guttata	875.39246	877.722222222222	Lasiocampidae	Trabala
Trachea auriplena auriplena	1181.6262	1233.18181818182	Noctuidae	Trachea
Traminda aventiaria	377.42856	334.835526315789	Geometridae	Traminda
Tridrepana arikana	803.1157	793.172413793103	Drepanidae	Tridrepana
Tridrepana flava flava	743.0789	814	Drepanidae	Tridrepana
Tridrepana unispina	821.2282	864.611111111111	Drepanidae	Tridrepana
Trisuloides sericea	590.4293	646.586206896552	Noctuidae	Trisuloides
Triuncina brunnea	910.89355	953.553571428571	Bombycidae	Triuncina
Trotocraspeda divaricata	619.5849	584.142857142857	Geometridae	Trotocraspeda
Tyana falcata	933.88745	1554.5	Nolidae	Tyana
Tyloptera bella ogatai	1312.157	1479.5	Geometridae	Tyloptera
Tympanistes rubidorsalis	355.12363	1525	Nolidae	Tympanistes
Tyspanodes hypsalis	579.36035	618.7	Crambidae	Tyspanodes
Tyspanodes striata	994.69	902.947368421053	Crambidae	Tyspanodes
Uliura infausta	1466.5929	1618.875	Geometridae	Uliura
Uresiphita quinquigera	398.84488	434.529411764706	Crambidae	Uresiphita
Uresiphita tricolor	436.98196	422.25	Crambidae	Uresiphita
Vamuna alboluteora	1306.9045	1348.55102040816	Erebidae	Vamuna
Vindusara moorei	862.2586	835.272727272727	Geometridae	Vindusara
Viridistria viridipicta	1312.1495	1271.4	Noctuidae	Viridistria
Warreniplema fumicosta	820.4965	796	Uraniidae	Warreniplema
Westermannia elliptica elliptica	372.0425	360.303571428572	Nolidae	Westermannia
Xandrames latiferaria curvistriga	634.75726	530.6	Geometridae	Xandrames
Xanthorhoe saturata	640.55225	368.186046511628	Geometridae	Xanthorhoe
Xenoplia trivialis	1365.0657	1406.09523809524	Geometridae	Xenoplia
Xenotrachea albidisca pseudodisca	683.7589	624	Noctuidae	Xenotrachea
Xylopolia fulvireniforma	2029.2798	2006.53333333333	Noctuidae	Xylopolia
Xylostola indistincta	998.3032	1005.36363636364	Noctuidae	Xylostola
Yashmakia suffusa	560.52014	603	Geometridae	Yashmakia
Zanclognatha subtriplex	282.02676	341.2	Erebidae	Zanclognatha
Zanclopera falcata	467.32193	393.702127659574	Geometridae	Zanclopera
Ziridava kanshireiensis	592.74133	547.892857142857	Geometridae	Ziridava
Zurobata vacillans	576.91064	581.473684210526	Erebidae	Zurobata
