Family	Genus	Species	pred	true	type
Erebidae	Hypocala	Hypocala deflorata	893.626	962.837209302326	more than 10
Geometridae	Odontopera	Odontopera bilinearia subarida	1824.9163	1856	less than 10
Crambidae	Analthes	Analthes taihokualis	336.509	324.09375	more than 10
Nolidae	Tympanistes	Tympanistes rubidorsalis	355.12363	1525	less than 10
Erebidae	Herminia	Herminia grisealis	383.83762	1002	less than 10
Eupterotidae	Apha	Apha horishana	1187.9442	1194	less than 10
Pyralidae	Endotricha	Endotricha mesenterialis	780.8952	335.285714285714	less than 10
Limacodidae	Mahanta	Mahanta kawadai	1535.07	1545.83333333333	less than 10
Noctuidae	Mythimna	Mythimna radiata	1546.2411	1625.57142857143	more than 10
Nolidae	Hylophilodes	Hylophilodes tsukusensis	1001.7993	1039.57142857143	less than 10
Geometridae	Parabapta	Parabapta unifasciata	1169.5176	1409.27272727273	less than 10
Erebidae	Hypena	Hypena albopunctalis	454.7893	532	more than 10
Noctuidae	Apospasta	Apospasta rantaizanensis	1496.3214	1692.5	more than 10
Geometridae	Alcis	Alcis semiusta	2064.876	2191.42424242424	more than 10
Erebidae	Hypersypnoides	Hypersypnoides formosensis	1366.9836	1716.71428571429	less than 10
Erebidae	Pangrapta	Pangrapta plumbilineata	513.71246	583.8125	more than 10
Noctuidae	Rhynchaglaea	Rhynchaglaea taiwana	2238.8972	2119.14285714286	less than 10
Notodontidae	Notodonta	Notodonta griseotincta	1852.9307	1906.56140350877	more than 10
Noctuidae	Callopistria	Callopistria rivularis	421.0878	242.466666666667	more than 10
Crambidae	Isocentris	Isocentris filalis	281.86356	299.470588235294	more than 10
Crambidae	Goniorhynchus	Goniorhynchus butyrosus	355.64142	249.4	less than 10
Noctuidae	Mythimna	Mythimna martoni	1491.5059	1442.125	less than 10
Erebidae	Metaphoenia	Metaphoenia plagifera	291.34534	307.666666666667	less than 10
Geometridae	Cleora	Cleora nigronotaria	277.08643	48.8333333333333	less than 10
Sphingidae	Rhagastis	Rhagastis binoculata	506.7258	462.939024390244	more than 10
Geometridae	Corymica	Corymica arnearia	644.6774	694.75	more than 10
Noctuidae	Arcte	Arcte coerula	1067.4735	1136	more than 10
Geometridae	Synegiodes	Synegiodes histrionaria ornata	1608.4354	1676.57142857143	less than 10
Crambidae	Paracymoriza	Paracymoriza taiwanalis	1902.2512	2291.33333333333	less than 10
Crambidae	Pagyda	Pagyda nebulosa	2011.8562	2245.125	less than 10
Drepanidae	Sewa	Sewa taiwana	2117.2332	2010.5	less than 10
Erebidae	Blasticorhinus	Blasticorhinus rivulosa	337.52026	307.764705882353	more than 10
Erebidae	Mecodina	Mecodina albodentata	254.04073	268.487804878049	more than 10
Drepanidae	Phalacra	Phalacra strigata insulicola	501.48895	419.5	less than 10
Geometridae	Idaea	Idaea costiguttata	921.01337	1003.11111111111	less than 10
Geometridae	Heterolocha	Heterolocha coccinea	808.0884	803.305555555556	more than 10
Geometridae	Neohipparchus	Neohipparchus vallata	939.77295	1013.11111111111	less than 10
Noctuidae	Xenotrachea	Xenotrachea albidisca pseudodisca	683.7589	624	less than 10
Noctuidae	Callopistria	Callopistria repleta	1227.5696	1354.38461538462	more than 10
Geometridae	Harutalcis	Harutalcis fumigata	1889.678	1848.65714285714	more than 10
Notodontidae	Harpyia	Harpyia microsticta baibarana	1153.4578	1004	less than 10
Geometridae	Parectropis	Parectropis subflava	1609.1647	1799.21052631579	more than 10
Geometridae	Celenna	Celenna festivaria formosensis	1353.4009	1383.90769230769	more than 10
Geometridae	Rikiosatoa	Rikiosatoa fucataria	2140.6367	2070	more than 10
Sphingidae	Marumba	Marumba sperchius sperchius	972.39813	1142.08333333333	more than 10
Erebidae	Lymantria	Lymantria sugii	1586.0479	1146.66666666667	less than 10
Erebidae	Chrysaeglia	Chrysaeglia magnifica	489.33823	512.559139784946	more than 10
Erebidae	Calliteara	Calliteara grotei horishanella	949.54083	757.8	less than 10
Erebidae	Lemyra	Lemyra fallaciosa	1067.9142	1356.78947368421	more than 10
Geometridae	Eumelea	Eumelea ludovicata	350.68616	304.901960784314	more than 10
Sphingidae	Neogurelca	Neogurelca hyas	763.3495	228.5	less than 10
Noctuidae	Telorta	Telorta yazakii	2048.5044	2174.5	less than 10
Erebidae	Lygephila	Lygephila yoshimotoi	1629.3175	2055.25	less than 10
Nolidae	Meganola	Meganola triangulalis	542.08386	569.153846153846	more than 10
Geometridae	Cleora	Cleora leucophaea taiwanensis	994.126	1470.5	less than 10
Geometridae	Percnia	Percnia suffusa	139.57068	150.066666666667	more than 10
Drepanidae	Epipsestis	Epipsestis dubia chengshinglini	2121.6243	2286.8	less than 10
Geometridae	Lomographa	Lomographa platyleucata marginata	1657.7859	1733	less than 10
Geometridae	Alcis	Alcis admissaria undularia	1610.0835	1815.39534883721	more than 10
Geometridae	Chiasmia	Chiasmia eleonora	755.57837	750.483870967742	more than 10
Geometridae	Gonodontis	Gonodontis pallida	729.53394	685.4375	more than 10
Noctuidae	Mythimna	Mythimna pallidicosta	969.8446	1101.5	less than 10
Noctuidae	Dypterygia	Dypterygia subfusca	1142.1855	1262.75	less than 10
Crambidae	Paracymoriza	Paracymoriza cataclystalis	1154.8297	1281.875	less than 10
Erebidae	Sophta	Sophta olivata	352.3712	266.578947368421	more than 10
Erebidae	Bocana	Bocana manifestalis	438.75946	378	less than 10
Geometridae	Deileptenia	Deileptenia rimosaria	1755.0369	1868.92307692308	more than 10
Erebidae	Lymantria	Lymantria mathura subpallida	364.75317	394.336734693878	more than 10
Geometridae	Chiasmia	Chiasmia emersaria	299.4385	249.714285714286	more than 10
Geometridae	Pogonopygia	Pogonopygia nigralbata	893.2396	668.866666666667	more than 10
Erebidae	Cifuna	Cifuna locuples	1721.0087	1002	less than 10
Erebidae	Simplicia	Simplicia niphona	563.9045	581	more than 10
Noctuidae	Mythimna	Mythimna decisissima	939.80615	820.625	less than 10
Noctuidae	Potnyctycia	Potnyctycia taiwana	1379.4265	1018	less than 10
Geometridae	Comibaena	Comibaena pictipennis pictipennis	1895.4813	1999.5	less than 10
Sphingidae	Marumba	Marumba cristata bukaiana	1003.4999	963.333333333333	more than 10
Geometridae	Berta	Berta rugosivalva	540.0077	531.4	less than 10
Erebidae	Cidariplura	Cidariplura shanmeii	463.1911	570.285714285714	less than 10
Crambidae	Botyodes	Botyodes diniasalis	329.45755	404.5	less than 10
Crambidae	Heortia	Heortia vitessoides	385.95517	376.277777777778	more than 10
Geometridae	Euchristophia	Euchristophia cumulata meridionalis	1227.9877	1873.14285714286	less than 10
Uraniidae	Epiplema	Epiplema arcuata	2141.481	2289.16666666667	less than 10
Erebidae	Perinaenia	Perinaenia mingchyrica	1619.7151	1737.625	less than 10
Geometridae	Ourapteryx	Ourapteryx clara formosana	774.648	641.833333333333	less than 10
Erebidae	Arasada	Arasada pyraliformis	404.28986	277.444444444444	less than 10
Erebidae	Lophoruza	Lophoruza lunifera	364.6499	322.090909090909	less than 10
Noctuidae	Acronicta	Acronicta hercules	1007.2261	1220.6	less than 10
Geometridae	Mesastrape	Mesastrape fulguraria fulguraria	1097.6929	1106.42857142857	less than 10
Erebidae	Euproctis	Euproctis magna	836.2638	918.857142857143	less than 10
Erebidae	Danielithosia	Danielithosia immaculata	647.1249	423.666666666667	less than 10
Geometridae	Psilalcis	Psilalcis pulveraria	651.11523	609.318181818182	more than 10
Geometridae	Monocerotesa	Monocerotesa virgata	1071.7551	1037.2	less than 10
Noctuidae	Condica	Condica serva	423.53372	330.615384615385	more than 10
Noctuidae	Mythimna	Mythimna bistrigata	1045.7985	1281.6	less than 10
Endromidae	Oberthueria	Oberthueria formosibia	1424.1055	1419.3125	more than 10
Erebidae	Spilarctia	Spilarctia sp	944.14526	1049.63636363636	less than 10
Geometridae	Xanthorhoe	Xanthorhoe saturata	640.55225	368.186046511628	more than 10
Nolidae	Manoba	Manoba major takasago	757.3262	523.7	more than 10
Noctuidae	Stigmoctenoplusia	Stigmoctenoplusia aeneofusa	777.192	919	less than 10
Noctuidae	Maliattha	Maliattha separata	780.2744	421	less than 10
Erebidae	Plecoptera	Plecoptera siderogramma	791.4561	609.111111111111	less than 10
Erebidae	Hypena	Hypena tenebralis	1326.7876	1756.02380952381	more than 10
Erebidae	Hulodes	Hulodes caranea	457.02402	407.222222222222	less than 10
Erebidae	Hypena	Hypena taiwana	898.4071	697.428571428571	more than 10
Noctuidae	Xylostola	Xylostola indistincta	998.3032	1005.36363636364	more than 10
Erebidae	Episparis	Episparis taiwana	491.10535	523.615384615385	less than 10
Noctuidae	Apsarasa	Apsarasa radians	534.0852	567.3125	more than 10
Erebidae	Spilarctia	Spilarctia postrubida	488.63135	447.242424242424	more than 10
Notodontidae	Dudusa	Dudusa synopla	555.85974	483.666666666667	less than 10
Notodontidae	Netria	Netria multispinae multispinae	1681.4508	1781.18181818182	less than 10
Erebidae	Tamba	Tamba lala	348.3142	358.363636363636	less than 10
Erebidae	Lymantria	Lymantria xylina xylina	679.87354	353.4	less than 10
Lasiocampidae	Paralebeda	Paralebeda femorata mirabilis	686.82355	653	more than 10
Erebidae	Herminia	Herminia decipiens	533.4074	822.333333333333	less than 10
Lasiocampidae	Dendrolimus	Dendrolimus arizana	1707.5647	1859.54166666667	more than 10
Notodontidae	Togaritensha	Togaritensha curvilinea curvilinea	1944.109	2197.125	less than 10
Notodontidae	Allodontoides	Allodontoides tenebrosa	507.0013	397.294117647059	more than 10
Geometridae	Tyloptera	Tyloptera bella ogatai	1312.157	1479.5	less than 10
Erebidae	Ilema	Ilema nigrofascia	420.66156	387.272727272727	less than 10
Notodontidae	Stauropus	Stauropus sikkimensis lushanus	1833.3512	1945	less than 10
Noctuidae	Ctenoplusia	Ctenoplusia adiaphora	1434.0256	1732	less than 10
Nolidae	Carea	Carea varipes	1187.4569	1227	less than 10
Erebidae	Oxyodes	Oxyodes scrobiculata	496.9345	531.43220338983	more than 10
Erebidae	Miltochrista	Miltochrista sp1	733.41205	533.942857142857	more than 10
Erebidae	Batracharta	Batracharta divisa	1024.8608	1206.125	more than 10
Erebidae	Zanclognatha	Zanclognatha subtriplex	282.02676	341.2	more than 10
Pyralidae	Arippara	Arippara indicator	245.18016	189.6	less than 10
Erebidae	Hesudra	Hesudra divisa	1298.9894	1295.26829268293	more than 10
Nolidae	Tyana	Tyana falcata	933.88745	1554.5	less than 10
Uraniidae	Oroplema	Oroplema oyamana	1719.8795	1985.57142857143	less than 10
Limacodidae	Setora	Setora postornata	398.9985	334.642857142857	more than 10
Sphingidae	Ambulyx	Ambulyx ochracea	863.64026	795.125	less than 10
Geometridae	Agathia	Agathia visenda curvifiniens	320.78305	261.5	less than 10
Noctuidae	Phlogophora	Phlogophora albovittata	1723.8137	1749.59259259259	more than 10
Noctuidae	Antha	Antha grata	1012.0597	603	less than 10
Geometridae	Palpoctenidia	Palpoctenidia phoenicosoma semilauta	966.83057	1640.8	less than 10
Geometridae	Herochroma	Herochroma ochreipicta	1518.443	1714.85714285714	less than 10
Erebidae	Hypena	Hypena cyanea	896.76746	1217.2	less than 10
Geometridae	Calicha	Calicha griseoviridata	1941.2758	1712.5	less than 10
Lasiocampidae	Gastropacha	Gastropacha pardale formosana	642.39813	651.235294117647	more than 10
Geometridae	Mnesiloba	Mnesiloba dentifascia	720.6127	727.5	less than 10
Erebidae	Gymnasura	Gymnasura semilutea	1037.4836	1230.57142857143	less than 10
Noctuidae	Ctenoplusia	Ctenoplusia albostriata	623.305	747.5	more than 10
Notodontidae	Tarsolepis	Tarsolepis japonica	773.967	766.121212121212	more than 10
Noctuidae	Sphragifera	Sphragifera sigillata taimacula	1300.1968	1351.33333333333	less than 10
Geometridae	Chloroclystis	Chloroclystis rubroviridis	1575.7727	1874.66666666667	less than 10
Endromidae	Prismosticta	Prismosticta fenestrata	1036.8931	1095.46666666667	more than 10
Erebidae	Ericeia	Ericeia inangulata inangulata	720.176	719.571428571429	less than 10
Geometridae	Cleora	Cleora alienaria	725.3391	349.606060606061	more than 10
Crambidae	Agrotera	Agrotera discinotata	562.60565	586.333333333333	less than 10
Geometridae	Hypomecis	Hypomecis punctinalis glos	504.94385	236.939393939394	more than 10
Geometridae	Perizoma	Perizoma fasciaria	479.008	483.384615384615	more than 10
Noctuidae	Diarsia	Diarsia canescens	1430.9846	1518.8	less than 10
Geometridae	Myrioblephara	Myrioblephara simplaria simplaria	1472.9637	1628.9	more than 10
Erebidae	Mosopia	Mosopia punctilinea	521.0059	544.481481481482	more than 10
Nolidae	Blenina	Blenina chlorophila	1274.9784	1561.5	less than 10
Noctuidae	Panthea	Panthea grisea	1656.7607	1824	less than 10
Noctuidae	Callyna	Callyna monoleuca	542.55676	494.895833333333	more than 10
Geometridae	Ziridava	Ziridava kanshireiensis	592.74133	547.892857142857	more than 10
Geometridae	Arichanna	Arichanna picaria	2152.1333	2198.41666666667	more than 10
Nolidae	Camptoloma	Camptoloma carum	611.2959	507	less than 10
Erebidae	Nechesia	Nechesia albodentata	308.49188	273.666666666667	less than 10
Limacodidae	Flavinarosa	Flavinarosa obscura	390.13824	427.666666666667	less than 10
Zygaenidae	Eterusia	Eterusia aedea formosana	367.7079	381.473684210526	more than 10
Noctuidae	Callyna	Callyna semivitta	888.28204	693.190476190476	more than 10
Drepanidae	Parapsestis	Parapsestis argenteopicta taiwana	1682.576	1972.6	less than 10
Geometridae	Satoblephara	Satoblephara owadai	1083.5776	1104.14285714286	more than 10
Noctuidae	Condica	Condica illecta	479.9675	429.75	less than 10
Geometridae	Alcis	Alcis arizana	1804.8497	2300	less than 10
Notodontidae	Hyperaeschrella	Semidonta kosemponica	706.6368	843	less than 10
Brachodidae	Paranigilgia	Paranigilgia bushii	252.579	245	less than 10
Noctuidae	Cymatophoropsis	Cymatophoropsis formosana	1208.8816	1204.84615384615	more than 10
Erebidae	Bastilla	Bastilla fulvotaenia	294.75156	288.826086956522	more than 10
Noctuidae	Euromoia	Euromoia subpulchra	1492.8295	1727	less than 10
Erebidae	Medama	Medama diplaga	794.2654	769.454545454546	more than 10
Erebidae	Ischyja	Ischyja ferrifracta	618.15283	522.363636363636	more than 10
Erebidae	Chalciope	Chalciope mygdon	298.33548	310.857142857143	less than 10
Geometridae	Cusiala	Cusiala boarmioides	462.41293	371.087719298246	more than 10
Zygaenidae	Arbudas	Arbudas submacula	845.3452	1325	less than 10
Geometridae	Ourapteryx	Ourapteryx venusta	2113.573	2287	less than 10
Geometridae	Menophra	Menophra humeraria	1108.504	1403.66666666667	less than 10
Noctuidae	Cosmia	Cosmia unicolor	1918.7455	2029	less than 10
Drepanidae	Thyatira	Thyatira batis formosicola	1505.5282	426.2	less than 10
Noctuidae	Xestia	Xestia yamanei	1228.1309	2131.4	less than 10
Erebidae	Creatonotos	Creatonotos gangis	51.087658	142.388888888889	more than 10
Geometridae	Borbacha	Borbacha pardaria	386.2293	415.564102564103	more than 10
Erebidae	Katha	Katha magnata magnata	666.6177	746.666666666667	more than 10
Lasiocampidae	Trabala	Trabala vishnou guttata	875.39246	877.722222222222	more than 10
Geometridae	Ourapteryx	Ourapteryx ramosa	2021.7627	2062.27272727273	less than 10
Geometridae	Perixera	Perixera absconditaria absconditaria	1050.6168	1098.4	more than 10
Geometridae	Agathia	Agathia laetata	446.61792	479.666666666667	more than 10
Geometridae	Chiasmia	Chiasmia intermediaria	519.6145	436.75	more than 10
Noctuidae	Mythimna	Mythimna separata	842.13525	645.7	less than 10
Erebidae	Hypocala	Hypocala subsatura	1044.8337	1090.89393939394	more than 10
Erebidae	Eressa	Eressa confinis finitima	320.6806	339.451612903226	more than 10
Pyralidae	Locastra	Locastra muscosalis	497.64972	395.161290322581	more than 10
Erebidae	Lyclene	Lyclene mediobliqua	1549.8488	1900	less than 10
Notodontidae	Harpyia	Harpyia formosicola	1691.0398	1736.6	less than 10
Erebidae	Parolulis	Parolulis renalis	435.78586	405.052631578947	more than 10
Erebidae	Mocis	Mocis undata	400.78476	376.702127659574	more than 10
Geometridae	Zanclopera	Zanclopera falcata	467.32193	393.702127659574	more than 10
Noctuidae	Xestia	Xestia tamsi	2214.2786	2274.18181818182	less than 10
Sphingidae	Hippotion	Hippotion velox	1169.656	1236.46153846154	more than 10
Sphingidae	Dahira	Dahira obliquifascia	500.17358	490.2	less than 10
Noctuidae	Athetis	Athetis brunneolineosa	1179.8821	1281.07692307692	more than 10
Pyralidae	Calguia	Calguia defiguralis	697.6762	588.666666666667	less than 10
Geometridae	Vindusara	Vindusara moorei	862.2586	835.272727272727	less than 10
Geometridae	Hyposidra	Hyposidra infixaria	161.42572	157.37037037037	more than 10
Noctuidae	Agrocholorta	Agrocholorta taiwanawae	2038.1537	1506	less than 10
Erebidae	Hydrillodes	Hydrillodes lentalis	754.95044	448.111111111111	less than 10
Geometridae	Peratostega	Peralostega deletaria deletaria	661.1533	666.76	more than 10
Erebidae	Nishada	Nishada formosibia	715.6627	332	more than 10
Geometridae	Xandrames	Xandrames latiferaria curvistriga	634.75726	530.6	more than 10
Geometridae	Hypomecis	Hypomecis cineracea	976.95337	812.428571428571	more than 10
Crambidae	Stenia	Stenia minoralis	591.0248	430.5	less than 10
Erebidae	Olulis	Olulis puncticinctalis	310.76764	197.444444444444	less than 10
Erebidae	Simplicia	Simplicia bimarginata	472.46164	489.234234234234	more than 10
Drepanidae	Microblepsis	Microblepsis violacea	917.23376	1023.57575757576	more than 10
Nolidae	Siglophora	Siglophora sanguinolenta	397.72083	475	less than 10
Erebidae	Nudaria	Nudaria ranruna	834.97614	1170.33333333333	less than 10
Euteliidae	Lophoptera	Lophoptera longipennis	1803.3218	1997.08333333333	more than 10
Erebidae	Avatha	Avatha bipartita	229.51514	244.523809523809	more than 10
Thyrididae	Sonagara	Sonagara strigipennis	958.00885	928.777777777778	less than 10
Erebidae	Bertula	Bertula terminalis	1005.7713	2300	less than 10
Geometridae	Pachyodes	Pachyodes subtrita	594.1823	573.647058823529	more than 10
Erebidae	Perina	Perina nuda	398.8881	292.166666666667	less than 10
Erebidae	Cyana	Cyana sanguinea	710.708	789.714285714286	more than 10
Geometridae	Idaea	Idaea sinicata	949.45886	949.5	less than 10
Geometridae	Ophthalmitis	Ophthalmitis herbidaria	253.44954	179.8	less than 10
Geometridae	Gnophos	Gnophos caenosa	1027.4343	1240	less than 10
Pyralidae	Lista	Lista insulsalis	925.7794	622.769230769231	more than 10
Erebidae	Hepatica	Hepatica irrorata	853.59344	942.75	less than 10
Erebidae	Catocala	Catocala macula	1323.0166	1406.27777777778	more than 10
Noctuidae	Mythimna	Mythimna subplacida	658.14606	459.235294117647	more than 10
Crambidae	Camptomastix	Camptomastix hisbonalis	581.89166	560.255319148936	more than 10
Crambidae	Cotachena	Cotachena pubescens	854.41235	911.363636363636	less than 10
Erebidae	Tochara	Tochara creberrima	416.25275	291.714285714286	less than 10
Saturniidae	Actias	Actias ningpoana ningtaiwana	710.13403	810.047619047619	more than 10
Erebidae	Panilla	Panilla dispila	392.66718	294.571428571429	less than 10
Crambidae	Glyphodes	Glyphodes chilka	802.9364	1230.33333333333	less than 10
Geometridae	Lomographa	Lomographa percnosticta	1190.5333	630.181818181818	less than 10
Drepanidae	Agnidra	Agnidra scabiosa fixseni	1100.5933	1209.2	less than 10
Geometridae	Luxiaria	Luxiaria mitorrhaphes	891.04297	861.983870967742	more than 10
Geometridae	Dilophodes	Dilophodes elegans khasiana	2103.9097	2162.31578947368	more than 10
Noctuidae	Chrysodeixis	Chrysodeixis minutus	652.8329	469.5	more than 10
Geometridae	Krananda	Krananda oliveomarginata	540.0001	515	more than 10
Bombycidae	Triuncina	Triuncina brunnea	910.89355	953.553571428571	more than 10
Lasiocampidae	Gastropacha	Gastropacha horishana	448.4431	462.791666666667	more than 10
Geometridae	Epobeidia	Epobeidia lucifera extranigricans	1817.6406	1839.35	more than 10
Erebidae	Cidariplura	Cidariplura gladiata	335.83765	301.571428571429	less than 10
Geometridae	Comostola	Comostola enodata	1221.2577	1277.33333333333	less than 10
Noctuidae	Checupa	Checupa stegeri	1689.3721	1803.09090909091	less than 10
Nolidae	Hylophilodes	Hylophilodes esakii	555.438	348	less than 10
Crambidae	Syllepte	Syllepte taiwanalis	293.1172	316.410714285714	more than 10
Crambidae	Leucinodes	Leucinodes apicalis	955.1811	1004	less than 10
Geometridae	Alcis	Alcis postlurida	2170.9067	2249.91666666667	less than 10
Noctuidae	Mythimna	Mythimna albomarginata rubea	1024.6388	969.608695652174	more than 10
Geometridae	Eucyclodes	Eucyclodes lalashana	927.4385	1896	less than 10
Geometridae	Episteira	Episteira sp	703.476	322	less than 10
Geometridae	Dindica	Dindica purpurata	846.1649	796.347826086957	more than 10
Erebidae	Hypena	Hypena indicatalis	663.7307	490	less than 10
Geometridae	Physetobasis	Physetobasis dentifascia triangulifera	1062.4696	1135.1	less than 10
Crambidae	Botyodes	Botyodes asialis	684.1072	807.1875	more than 10
Noctuidae	Moma	Moma abbreviata	795.25433	810.833333333333	less than 10
Drepanidae	Oreta	Oreta fuscopurpurea	687.88586	687.967741935484	more than 10
Notodontidae	Spatalia	Spatalia dives	1534.1382	1435.33333333333	less than 10
Erebidae	Chrysorabdia	Chrysorabdia vilemani	1844.5977	1886.46153846154	more than 10
Geometridae	Hydrelia	Hydrelia bicolorata	1727.0474	1946.44444444444	less than 10
Erebidae	Locharna	Locharna strigipennis	581.3755	554.162162162162	more than 10
Geometridae	Alcis	Alcis pallens	2229.5469	2303	less than 10
Noctuidae	Callopistria	Callopistria maillardi maillardi	778.3523	754.871794871795	more than 10
Tineidae	Machaeropteris	Machaeropteris petalacma	1472.006	1799	less than 10
Uraniidae	Warreniplema	Warreniplema fumicosta	820.4965	796	more than 10
Erebidae	Calyptra	Calyptra orthograpta	828.0777	757.642857142857	more than 10
Erebidae	Miltochrista	Miltochrista ziczac	471.9362	476.555555555555	more than 10
Crambidae	Tyspanodes	Tyspanodes striata	994.69	902.947368421053	more than 10
Nolidae	Blenina	Blenina quinaria	1391.3705	1413.97222222222	more than 10
Crambidae	Pachynoa	Pachynoa thoosalis	254.2234	271.357142857143	less than 10
Erebidae	Bocula	Bocula marginata	430.62616	411.647058823529	more than 10
Geometridae	Pareclipsis	Pareclipsis serrulata	983.92267	1222	less than 10
Notodontidae	Stauropus	Stauropus teikichiana teikichiana	591.5158	811.8	more than 10
Sphingidae	Cechetra	Cechetra lineosa	1291.5034	1425.88235294118	more than 10
Sphingidae	Amplypterus	Amplypterus mansoni takamukui	713.3402	809.375	less than 10
Geometridae	Ourapteryx	Ourapteryx caecata	1992.0101	2178	less than 10
Crambidae	Agrioglypta	Agrioglypta itysalis	252.46794	295.677966101695	more than 10
Geometridae	Percnia	Percnia longitermen	710.80664	692.533333333333	more than 10
Erebidae	Cyana	Cyana hamata hamata	529.5675	502	more than 10
Erebidae	Asota	Asota tortuosa	1480.0913	1476.75	more than 10
Erebidae	Serrodes	Serrodes campana	710.78394	700.744186046512	more than 10
Drepanidae	Oreta	Oreta brunnea	1485.7074	1892.8	more than 10
Crambidae	Hymenia	Hymenia perspectalis	334.07364	312.8	less than 10
Drepanidae	Tridrepana	Tridrepana flava flava	743.0789	814	less than 10
Nolidae	Gabala	Gabala argentata	778.64307	868	less than 10
Geometridae	Hypomecis	Hypomecis obliquisigna	1118.7507	1343.11111111111	less than 10
Geometridae	Anectropis	Anectropis semifascia	1839.2477	1908.22222222222	less than 10
Geometridae	Trotocraspeda	Trotocraspeda divaricata	619.5849	584.142857142857	more than 10
Geometridae	Corymica	Corymica pryeri	853.7184	988.782608695652	more than 10
Crambidae	Bocchoris	Bocchoris inspersalis	869.64294	226.2	less than 10
Noctuidae	Mythimna	Mythimna nigrilinea	538.9332	100.6	less than 10
Sphingidae	Theretra	Theretra latreillii lucasii	324.435	334	more than 10
Geometridae	Chloroclystis	Chloroclystis blanda	1936.2523	2190.5	less than 10
Drepanidae	Neoreta	Neoreta purpureofascia	749.916	404.888888888889	less than 10
Geometridae	Ourapteryx	Ourapteryx sciticaudaria	1276.1781	1284.66666666667	less than 10
Pyralidae	Endotricha	Endotricha similata	1567.0894	2186.28571428571	less than 10
Geometridae	Pseudabraxas	Pseudabraxas taiwana	1138.344	1112	less than 10
Noctuidae	Euplexia	Euplexia chlorerythra	1892.9347	2138.75	less than 10
Geometridae	Aplochlora	Aplochlora costipicta	1172.5833	1091.71428571429	less than 10
Noctuidae	Dipterygina	Dipterygina cupreotincta	901.154	923.15	more than 10
Notodontidae	Benbowia	Benbowia takamukuanus	957.7717	1052.4	more than 10
Notodontidae	Pheosiopsis	Pheosiopsis cinerea formosana	1222.691	1303.28571428571	less than 10
Erebidae	Oxacme	Oxacme cretacea	327.53845	382	less than 10
Tortricidae	Arcesis	Arcesis threnodes	881.5661	1080.75	less than 10
Erebidae	Aroa	Aroa substrigosa	259.6037	250.150943396226	more than 10
Crambidae	Nausinoe	Nausinoe perspectata	283.24225	369.424242424242	more than 10
Noctuidae	Diphtherocome	Diphtherocome pulchra	1600.6697	1705.22580645161	more than 10
Nolidae	Iragaodes	Iragaodes nobilis	749.1519	886.75	less than 10
Geometridae	Discoglypha	Discoglypha locupletata	1277.6538	1380.07142857143	more than 10
Geometridae	Dindica	Dindica taiwana	1243.066	1317.79487179487	more than 10
Geometridae	Hirasa	Hirasa punctivenaria taiwana	1742.4694	2107	less than 10
Erebidae	Taicallimorpha	Taicallimorpha albipuncta	2266.3425	2280.33333333333	less than 10
Sphingidae	Ampelophaga	Ampelophaga rubiginosa myosotis	792.73145	878	more than 10
Erebidae	Eutrogia	Eutrogia morosa	421.46902	397.190476190476	more than 10
Erebidae	Asota	Asota caricae	488.38336	526.05	more than 10
Crambidae	Mabra	Mabra nigriscripta	307.82867	428.428571428572	less than 10
Geometridae	Sarcinodes	Sarcinodes yeni	794.89734	815.296296296296	more than 10
Noctuidae	Spodoptera	Spodoptera mauritia acronyctoides	955.55505	1122.2	less than 10
Noctuidae	Agrocholorta	Agrocholorta albirena chihtuana	1796.8174	1180.6	less than 10
Erebidae	Eudocima	Eudocima okurai	495.89847	414.5	less than 10
Geometridae	Chlorodontopera	Chlorodontopera discospilata	1771.7792	1742.92857142857	more than 10
Endromidae	Comparmustilia	Comparmustilia gerontica	1434.5775	1411.53333333333	more than 10
Erebidae	Herminia	Herminia kurokoi	565.9952	437.642857142857	more than 10
Uraniidae	Dysaethria	Dysaethria flavistriga	384.9772	384.142857142857	less than 10
Erebidae	Cruxoruza	Cruxoruza decorata	319.03937	258.111111111111	less than 10
Erebidae	Eilema	Eilema taiwana	284.28876	1667.33333333333	less than 10
Saturniidae	Antheraea	Antheraea formosana	888.2142	955.7	less than 10
Erebidae	Hypersypnoides	Hypersypnoides submarginata	1199.9229	1699.27586206897	more than 10
Erebidae	Euproctis	Euproctis croceola	1081.3876	1313.5	less than 10
Erebidae	Hyposemansis	Hyposemansis singha	327.25513	100	less than 10
Crambidae	Pycnarmon	Pycnarmon cribrata	785.48975	1138.5	less than 10
Geometridae	Parobeidia	Parobeidia gigantearia marginifascia	1747.6145	1790.18181818182	less than 10
Geometridae	Lobogonodes	Lobogonodes dactylotypa	792.7283	1022.5	less than 10
Geometridae	Alcis	Alcis scortea	1927.6799	2061.91666666667	more than 10
Geometridae	Organopoda	Organopoda carnearia carnearia	997.4794	1139.93333333333	more than 10
Tortricidae	Isodemis	Isodemis serpentinana	579.13513	317.5	less than 10
Erebidae	Oruza	Oruza semilux	631.8954	132.25	less than 10
Erebidae	Simplicia	Simplicia cornicalis	447.5166	353.190476190476	more than 10
Erebidae	Creatonotos	Creatonotos transiens vacillans	445.68442	295.406832298137	more than 10
Erebidae	Calliteara	Calliteara taiwana	1367.7692	1320.375	less than 10
Noctuidae	Helicoverpa	Helicoverpa armigera	933.06586	979.15	more than 10
Erebidae	Spilarctia	Spilarctia clava	2069.8003	2075.55	more than 10
Erebidae	Amsactoides	Amsactoides solitaria	332.38812	391.428571428571	less than 10
Erebidae	Conilepia	Conilepia nigricosta paiwan	459.8328	429.72	more than 10
Geometridae	Lomographa	Lomographa inamata	1070.5078	1141.53846153846	less than 10
Geometridae	Pseudomiza	Pseudomiza aurata	2065.6213	2114.93103448276	more than 10
Erebidae	Hydrillodes	Hydrillodes nilgirialis	666.552	541.192307692308	more than 10
Noctuidae	Mythimna	Mythimna pulchra	338.66223	303	less than 10
Geometridae	Micronidia	Micronidia intermedia	1801.3564	2289.6	less than 10
Geometridae	Hypomecis	Hypomecis roboraria amplaria	1048.7109	1133.6	less than 10
Notodontidae	Somera	Somera viridifusca viridifusca	564.1455	706.4	less than 10
Erebidae	Zanclognatha	Zanclognatha nakatomii	420.6687	102.8	less than 10
Nolidae	Nola	Nola fasciata	433.28897	295.25	less than 10
Erebidae	Erebus	Erebus caprimulgus	803.8589	746.4	more than 10
Noctuidae	Acronicta	Acronicta pruinosa	997.31	956.1	less than 10
Notodontidae	Syntypistis	Syntypistis pallidifascia pallidifascia	797.1377	750	less than 10
Thyrididae	Pyrinioides	Pyrinioides sinuosus	653.60834	625.531914893617	more than 10
Geometridae	Catoria	Catoria sublavaria	507.79062	394.416666666667	more than 10
Zygaenidae	Hysteroscene	Hysteroscene hyalina	637.32227	570.444444444444	less than 10
Geometridae	Heterothera	Heterothera sororcula	2140.588	2237.33333333333	more than 10
Geometridae	Lophobates	Lophobates ochrolaria	1492.8936	1563.18181818182	less than 10
Limacodidae	Setora	Setora baibarana	555.05914	1079.125	more than 10
Geometridae	Chiasmia	Chiasmia inchoata	658.85486	513.777777777778	more than 10
Noctuidae	Callopistria	Callopistria phaeogona	474.37012	477.916666666667	more than 10
Geometridae	Hydrelia	Hydrelia enisaria	1746.0387	1706	less than 10
Geometridae	Maxates	Maxates sinuolata	1704.8174	1882.75	less than 10
Noctuidae	Trachea	Trachea auriplena auriplena	1181.6262	1233.18181818182	more than 10
Erebidae	Corgatha	Corgatha atrifalcis	449.262	153.142857142857	less than 10
Geometridae	Perixera	Perixera sarawackaria	862.48474	533.25	less than 10
Adelidae	Nemophora	Nemophora ahenea	473.74695	134	less than 10
Crambidae	Pleuroptya	Pleuroptya balteata	364.22165	479	less than 10
Limacodidae	Narosoideus	Narosoideus flavidorsalis	602.5269	678.175	more than 10
Geometridae	Ascotis	Ascotis selenaria imparata	1057.7826	869.333333333333	less than 10
Pyralidae	Endotricha	Endotricha olivacealis	802.4025	846.6	more than 10
Erebidae	Barsine	Barsine fuscozonata	1678.7228	1635.51351351351	more than 10
Geometridae	Chiasmia	Chiasmia monticolaria notia	638.7679	673.75	more than 10
Erebidae	Olene	Olene dudgeoni	497.03424	465.556291390729	more than 10
Cossidae	Polyphagozerra	Polyphagozerra coffeae	715.24945	398.3	less than 10
Notodontidae	Syntypistis	Syntypistis subgeneris subgeneris	633.6853	522.1	less than 10
Geometridae	Platycerota	Platycerota vitticostata	825.2358	245	less than 10
Geometridae	Traminda	Traminda aventiaria	377.42856	334.835526315789	more than 10
Geometridae	Heterolocha	Heterolocha marginata	2117.8975	2330.66666666667	less than 10
Geometridae	Heterolocha	Heterolocha biplagiata	1481.9683	1761.03225806452	more than 10
Drepanidae	Strepsigonia	Strepsigonia diluta takamukui	521.82733	408.666666666667	less than 10
Geometridae	Ectropis	Ectropis bhurmitra	399.3929	298.842105263158	more than 10
Notodontidae	Besaia	Besaia sordida	1876.9368	1996.4	less than 10
Erebidae	Progonia	Progonia oileusalis	272.8928	212.8	less than 10
Notodontidae	Euhampsonia	Euhampsonia formosana	1007.3904	1154.57142857143	less than 10
Geometridae	Chiasmia	Chiasmia perfusaria	768.08545	555	less than 10
Noctuidae	Callopistria	Callopistria nobilior	938.3718	557.090909090909	less than 10
Geometridae	Ectropis	Ectropis arizanensis	1058.2719	1717.09090909091	less than 10
Erebidae	Rusicada	Rusicada combinans	799.1484	825.142857142857	more than 10
Erebidae	Lygniodes	Lygniodes hypoleuca	837.39795	907	less than 10
Erebidae	Bastilla	Bastilla absentimacula	248.59895	290.788461538461	more than 10
Geometridae	Ninodes	Ninodes splendens	700.63464	1148	less than 10
Erebidae	Thyas	Thyas juno	1073.5569	1136.33333333333	more than 10
Nolidae	Paracrama	Paracrama angulata	662.6918	746.777777777778	less than 10
Geometridae	Timandra	Timandra convectaria	438.78766	371.307692307692	more than 10
Crambidae	Ceratarcha	Ceratarcha umbrosa	434.70596	431.627450980392	more than 10
Noctuidae	Diarsia	Diarsia formosensis	2000.6478	1946.28571428571	more than 10
Noctuidae	Hyalobole	Hyalobole kononenkoi	1949.1985	2287	less than 10
Crambidae	Botyodes	Botyodes principalis	1068.2625	1192.29411764706	less than 10
Nolidae	Meganola	Meganola ascripta	1025.2317	749.666666666667	less than 10
Noctuidae	Euplexidia	Euplexidia exotica	1606.3452	1779.22222222222	less than 10
Erebidae	Mecodina	Mecodina subcostalis	973.1338	1185.52941176471	more than 10
Notodontidae	Syntypistis	Syntypistis comatus	1311.0405	1486.09090909091	more than 10
Noctuidae	Anorthoa	Anorthoa fabiani	2143.6125	2093.5	less than 10
Noctuidae	Viridistria	Viridistria viridipicta	1312.1495	1271.4	less than 10
Geometridae	Cleora	Cleora fraterna	1037.1006	1068.95081967213	more than 10
Erebidae	Spilarctia	Spilarctia tienmushana werneri	651.03406	617.111111111111	more than 10
Erebidae	Eublemma	Eublemma quadrapex	470.32782	481.789473684211	more than 10
Geometridae	Metabraxas	Metabraxas rubrotincta	1244.4249	1195.5	less than 10
Noctuidae	Lithopolia	Lithopolia confusa confusa	1538.8983	1420	more than 10
Erebidae	Euproctis	Euproctis marginata insulata	1837.626	1923.76470588235	more than 10
Geometridae	Sarcinodes	Sarcinodes aequilinearia	710.03485	711.888888888889	more than 10
Noctuidae	Athetis	Athetis stellata	765.13965	788.133333333333	more than 10
Erebidae	Hypena	Hypena kanshireiensis	635.21027	432.588235294118	more than 10
Geometridae	Ocoelophora	Ocoelophora lentiginosaria festa	871.637	397	less than 10
Geometridae	Parabapta	Parabapta obliqua	1417.1237	1410.66666666667	less than 10
Sphingidae	Macroglossum	Macroglossum mitchellii imperator	1556.6115	1598.44444444444	more than 10
Erebidae	Metaemene	Metaemene atrigutta	216.5951	270.9	more than 10
Crambidae	Spoladea	Spoladea recurvalis	774.3513	766.95	more than 10
Geometridae	Timandra	Timandra extremaria	491.05	490.466666666667	more than 10
Drepanidae	Nothoploca	Nothoploca endoi	2057.3542	2203.375	less than 10
Noctuidae	Ctenoplusia	Ctenoplusia agnata	738.43585	1127.5	less than 10
Erebidae	Bastilla	Bastilla maturata	1408.7086	1507	less than 10
Geometridae	Aethalura	Aethalura duplicata	1167.3665	1157	less than 10
Noctuidae	Sesamia	Sesamia nigropunctata	514.7138	363.3	less than 10
Sphingidae	Acosmeryx	Acosmeryx castanea	734.21484	522.675675675676	more than 10
Erebidae	Eilema	Eilema ratonis	738.47797	682.392156862745	more than 10
Noctuidae	Mythimna	Mythimna exsanguis	381.45157	168.5	less than 10
Erebidae	Edessena	Edessena gentiusalis	527.06287	584	less than 10
Erebidae	Gonitis	Gonitis mesogona	445.61322	469.756097560976	more than 10
Notodontidae	Liparopsis	Liparopsis postalbida	1249.7305	761.5	less than 10
Geometridae	Tanaorhinus	Tanaorhinus formosana	1197.2201	1371	less than 10
Notodontidae	Phalerodonta	Phalerodonta manleyi formosana	1376.3073	1164.4	less than 10
Geometridae	Sarcinodes	Sarcinodes yayeyamana	626.6207	596.464285714286	more than 10
Geometridae	Alcis	Alcis nubeculosa	1875.0388	2040.85714285714	less than 10
Erebidae	Euproctis	Euproctis purpureofasciata	1684.4921	2024.55	more than 10
Erebidae	Aloa	Aloa lactinea	333.47754	176	less than 10
Geometridae	Ectropis	Ectropis excellens	509.9579	550.222222222222	less than 10
Cosmopterigidae	Syntomaula	Syntomaula simulatella	426.67758	245	less than 10
Noctuidae	Karana	Karana hoenei marcida	1597.5463	663.75	less than 10
Geometridae	Apoheterolocha	Apoheterolocha patalata	1979.8237	2300	less than 10
Sphingidae	Callambulyx	Callambulyx tatarinovii formosana	588.9224	680.611111111111	more than 10
Erebidae	Rivula	Rivula niveipuncta	383.4452	431	more than 10
Erebidae	Pilipectus	Pilipectus taiwanus	1844.3118	2019.42857142857	less than 10
Erebidae	Eudocima	Eudocima salaminia	364.61243	253.875	less than 10
Erebidae	Euproctis	Euproctis pulverea	2123.5715	2148.15384615385	more than 10
Tortricidae	Cryptophlebia	Cryptophlebia repletana	406.48245	367.5	more than 10
Erebidae	Pseudogyrtona	Pseudogyrtona marmorea	1012.25964	1452	less than 10
Notodontidae	Chadisra	Chadisra bipartita	714.3406	695.681818181818	more than 10
Noctuidae	Mythimna	Mythimna loreyi	1146.3767	1152.25	less than 10
Drepanidae	Demopsestis	Demopsestis formosana	1752.4291	2091	less than 10
Erebidae	Lemyra	Lemyra imparilis	454.16742	450.111111111111	less than 10
Erebidae	Oruza	Oruza divisa	289.63538	261	less than 10
Noctuidae	Athetis	Athetis stellulata	572.1512	737.090909090909	more than 10
Crambidae	Bradina	Bradina diagonalis	576.3444	579.0625	more than 10
Geometridae	Lassaba	Lassaba parvalbidaria parvalbidaria	1564.1453	1660.69411764706	more than 10
Erebidae	Simplicia	Simplicia discosticta	531.65295	203.4	less than 10
Noctuidae	Nyctycia	Nyctycia strigidisca nigridorsi	2191.962	2263	less than 10
Lasiocampidae	Paradoxopla	Paradoxopla sinuata taiwana	1587.3282	1651.05	more than 10
Erebidae	Brevipecten	Brevipecten consanguis	469.711	458.333333333333	less than 10
Nolidae	Negeta	Negeta signata	620.9465	531.176470588235	more than 10
Geometridae	Loxaspilates	Loxaspilates arrizanaria	1962.7178	2295.66666666667	less than 10
Noctuidae	Magusa	Magusa tenebrosa	886.26953	846.333333333333	less than 10
Geometridae	Percnia	Percnia luridaria nominoneura	744.68353	652.894736842105	more than 10
Erebidae	Nyctemera	Nyctemera arctata albofasciata	1720.7954	1665.94736842105	more than 10
Geometridae	Tasta	Tasta argozana	1023.8752	1078.6	less than 10
Geometridae	Hypocometa	Hypocometa clauda	2015.2406	2129.53333333333	more than 10
Erebidae	Barsine	Barsine ponlai	1704.475	1507.33333333333	less than 10
Erebidae	Hydrillodes	Hydrillodes torsivena	1189.964	1512.64705882353	more than 10
Drepanidae	Horithyatira	Horithyatira decorata takamukui	1732.0256	1761.475	more than 10
Uraniidae	Dysaethria	Dysaethria fulvihamata	714.6781	245	less than 10
Noctuidae	Aedia	Aedia lichenea	350.9406	422.666666666667	less than 10
Crambidae	Herpetogramma	Herpetogramma luctuosalis	418.5773	483.620689655172	more than 10
Notodontidae	Ramesa	Ramesa albistriga	228.63194	264.142857142857	less than 10
Choreutidae	Choreutis	Choreutis amethystodes	139.24736	175.5	less than 10
Drepanidae	Epipsestis	Epipsestis cortigera	1678.8154	1700.5	less than 10
Erebidae	Simplicia	Simplicia xanthoma	493.5249	783.714285714286	less than 10
Erebidae	Spilosoma	Spilosoma fumida	1684.8536	1769.36842105263	more than 10
Erebidae	Hypena	Hypena sinuosa	1025.7747	1322	more than 10
Geometridae	Odontopera	Odontopera albiguttulata	1964.1763	1947.20588235294	more than 10
Erebidae	Plusiodonta	Plusiodonta coelonota	363.8159	334.029411764706	more than 10
Erebidae	Areas	Areas galactina formosana	563.52686	585.5	more than 10
Noctuidae	Alloasteropetes	Alloasteropetes paradisea	1231.1335	670	less than 10
Notodontidae	Rachia	Rachia lineata	1507.0374	1670.71428571429	less than 10
Noctuidae	Chrysodeixis	Chrysodeixis heberachis	448.35245	456.505050505051	more than 10
Geometridae	Synegia	Synegia pallens abeliae	648.74554	670	less than 10
Gelechiidae	Paralida	Paralida triannulata	1255.6373	807.666666666667	less than 10
Erebidae	Daddala	Daddala lucilla	1309.2152	1315.40707964602	more than 10
Erebidae	Asura	Asura tricolor	394.89676	438.9375	more than 10
Erebidae	Euproctis	Euproctis kanshireia	335.63962	347.8	more than 10
Geometridae	Ourapteryx	Ourapteryx yerburii virescens	1072.5039	749.888888888889	less than 10
Geometridae	Orthocabera	Orthocabera sericea sericea	1164.7153	1601.33333333333	less than 10
Geometridae	Gasterocome	Gasterocome pannosaria orta	1231.526	1241.6875	more than 10
Noctuidae	Chytonix	Chytonix costimacula	450.4333	442	less than 10
Uraniidae	Pterotosoma	Pterotosoma castanea	742.8368	797.933333333333	more than 10
Erebidae	Pseudosphetta	Pseudosphetta moorei	475.34607	389.285714285714	more than 10
Crambidae	Nacoleia	Nacoleia commixta	514.7357	615.1875	more than 10
Noctuidae	Acronicta	Acronicta denticulata pernivea	1534.3972	1290.75	less than 10
Geometridae	Ecliptopera	Ecliptopera umbrosaria stathera	349.4704	410.5	more than 10
Drepanidae	Habrosyne	Habrosyne pterographa	1939.2163	2054.6	less than 10
Erebidae	Lophoruza	Lophoruza pulcherrima	348.81644	333.307692307692	more than 10
Endromidae	Andraca	Andraca theae	1900.0956	1868	less than 10
Erebidae	Cosmophila	Cosmophila lyona	442.1032	471.230769230769	more than 10
Noctuidae	Condica	Condica dolorosa	354.64236	257.75	less than 10
Erebidae	Ercheia	Ercheia cyllaria	262.14798	268.561983471074	more than 10
Erebidae	Ophiusa	Ophiusa disjungens indiscriminata	530.9151	537.636363636364	less than 10
Geometridae	Myrioblephara	Myrioblephara fenchihuana	1510.8915	1665.75	less than 10
Geometridae	Problepsis	Problepsis albidior matsumurai	677.6432	677.8125	more than 10
Nolidae	Carea	Carea internifusca	850.5259	703.857142857143	less than 10
Erebidae	Lymantria	Lymantria sinica	868.87286	804.1	less than 10
Erebidae	Ilema	Ilema kosemponica	640.43774	633.424242424242	more than 10
Limacodidae	Parasa	Parasa shirakii	716.0097	681.041666666667	more than 10
Sphingidae	Parum	Parum colligata	261.9431	271.941176470588	more than 10
Crambidae	Crypsiptya	Crypsiptya coclesalis	271.6142	291.125	more than 10
Noctuidae	Acronicta	Acronicta gigasa	963.98755	1057	less than 10
Geometridae	Garaeus	Garaeus specularis specularis	1703.6511	1949	less than 10
Erebidae	Sypnoides	Sypnoides chinensis	1712.5013	2098.33333333333	less than 10
Erebidae	Asota	Asota plana lacteata	378.97256	396.142857142857	more than 10
Erebidae	Bertula	Bertula kosemponica	439.27365	377.2	more than 10
Noctuidae	Condica	Condica albigutta	253.02567	572.666666666667	less than 10
Noctuidae	Extremoplusia	Extremoplusia megaloba	836.297	584	less than 10
Geometridae	Piercia	Piercia yui	1917.1356	2300	less than 10
Sphingidae	Cechetra	Cechetra minor	591.4548	594.958333333333	more than 10
Erebidae	Barsine	Barsine callorufa	1633.4093	2150.33333333333	less than 10
Crambidae	Omiodes	Omiodes noctescens	505.669	548.714285714286	less than 10
Geometridae	Auaxa	Auaxa cesadaria	2076.7432	2004	less than 10
Geometridae	Ecliptopera	Ecliptopera delecta	886.6718	1116.44444444444	less than 10
Geometridae	Antipercnia	Antipercnia cordiforma	1106.434	983	less than 10
Erebidae	Herminia	Herminia vermiculata	377.15796	365.333333333333	more than 10
Limacodidae	Parasa	Parasa pastoralis	435.7598	240.5	less than 10
Geometridae	Biston	Biston regalis comitata	1554.4364	1795	less than 10
Crambidae	Maruca	Maruca vitrata	1107.4905	1115.9375	more than 10
Geometridae	Martania	Martania taiwana	2147.2095	2289.88888888889	less than 10
Drepanidae	Tridrepana	Tridrepana arikana	803.1157	793.172413793103	more than 10
Erebidae	Calliteara	Calliteara postfusca	1138.5496	1292.05714285714	more than 10
Drepanidae	Oreta	Oreta loochooana	902.5587	1025.75	less than 10
Crambidae	Strepsinoma	Strepsinoma croesusalis	168.92847	222.8	less than 10
Erebidae	Pindara	Pindara illibata	548.6229	530.577777777778	more than 10
Noctuidae	Argyrogramma	Argyrogramma signata	894.75934	311.6	less than 10
Geometridae	Pseudomiza	Pseudomiza obliquaria	934.75244	1110.25	less than 10
Erebidae	Semiothisops	Semiothisops macariata	272.01898	276.904761904762	more than 10
Erebidae	Hypena	Hypena tristalis	1391.3025	1533.9	less than 10
Noctuidae	Mythimna	Mythimna sinuosa	1327.0089	1526.36842105263	more than 10
Geometridae	Opisthograptis	Opisthograptis punctilineata	1791.829	1947.55	more than 10
Noctuidae	Fascionycta	Fascionycta fasciata	766.0712	724.206896551724	more than 10
Sphingidae	Marumba	Marumba saishiuana formosana	889.6259	848.5	less than 10
Geometridae	Argyrocosma	Argyrocosma inductaria	480.30127	499	more than 10
Erebidae	Hypena	Hypena lignealis	1015.1854	1303.89473684211	more than 10
Geometridae	Apithecia	Apithecia viridata wilemani	1857.8613	2167.875	less than 10
Geometridae	Alcis	Alcis maculata taiwanica	2207.5647	2133.4	less than 10
Crambidae	Glyphodes	Glyphodes onychinalis	399.55994	421	less than 10
Erebidae	Hypersypnoides	Hypersypnoides punctosa	1185.7113	1198.46666666667	more than 10
Geometridae	Lophophelma	Lophophelma taiwana	698.7348	699.119047619048	more than 10
Geometridae	Entomopteryx	Entomopteryx combusta	441.63577	386.173913043478	more than 10
Erebidae	Trigonodes	Trigonodes hyppasia	169.86118	168.473684210526	more than 10
Erebidae	Metaemene	Metaemene hampsoni	634.4909	742.571428571429	less than 10
Nymphalidae	Neope	Neope muirheadi nagasawae	455.61002	408	less than 10
Noctuidae	Ctenoplusia	Ctenoplusia placida	875.2781	1072	less than 10
Sphingidae	Pergesa	Pergesa acteus	506.32373	487.588235294118	more than 10
Notodontidae	Cnethodonta	Cnethodonta grisescens baibarana	1108.8193	1104.73684210526	more than 10
Crambidae	Diplopseustis	Diplopseustis perieresalis	764.53143	1095.5	less than 10
Drepanidae	Nordstromia	Nordstromia semililacina	1700.1079	1672.02857142857	more than 10
Noctuidae	Anorthoa	Anorthoa plumbeata	2095.2498	2187.3	more than 10
Eupterotidae	Ganisa	Ganisa formosicola	861.47876	751.2	less than 10
Geometridae	Discoglypha	Discoglypha hampsoni	1017.646	1727	less than 10
Erebidae	Calliteara	Calliteara lunulata takamukuana	970.75995	761.5	more than 10
Saturniidae	Loepa	Loepa formosensis	1048.5709	1122.30769230769	less than 10
Drepanidae	Epipsestis	Epipsestis nikkoensis	2070.4604	2300	less than 10
Geometridae	Danala	Danala lilacina	663.71576	578.8	more than 10
Notodontidae	Norracoides	Norracoides basinotata	529.6404	300.454545454545	more than 10
Geometridae	Plesiomorpha	Plesiomorpha flaviceps	332.5773	245	less than 10
Lasiocampidae	Pyrosis	Pyrosis ni	1914.9619	2011.28571428571	less than 10
Noctuidae	Trisuloides	Trisuloides sugii	625.285	670	less than 10
Erebidae	Churinga	Churinga virago	1835.0043	1887.84615384615	more than 10
Geometridae	Arichanna	Arichanna marginata	882.8349	985.727272727273	more than 10
Sphingidae	Cypoides	Cypoides chinensis	675.4802	799.642857142857	more than 10
Geometridae	Idaea	Idaea sugillata	1865.4058	1963	less than 10
Erebidae	Stigmatophora	Stigmatophora tridens	1073.9929	1220	less than 10
Geometridae	Catarhoe	Catarhoe obscura	1489.2374	670	less than 10
Erebidae	Calesia	Calesia dasypterus	395.04916	383.2	more than 10
Erebidae	Mithuna	Mithuna arizana	895.66144	1019.64705882353	more than 10
Geometridae	Lophophelma	Lophophelma iterans onerosus	663.83545	598.293103448276	more than 10
Crambidae	Glauconoe	Glauconoe deductalis	362.3488	387.142857142857	less than 10
Erebidae	Asota	Asota egens indica	394.80905	424.687943262412	more than 10
Geometridae	Acolutha	Acolutha pictaria imbecilla	888.3161	1144.25	less than 10
Erebidae	Nyctemera	Nyctemera adversata	643.1647	610.352941176471	more than 10
Geometridae	Luxiaria	Luxiaria amasa amasa	1147.8826	1602.8	less than 10
Nolidae	Narangodes	Narangodes confluens	1302.6257	1341.88235294118	more than 10
Erebidae	Hydrillodes	Hydrillodes gravatalis	480.78687	295.923076923077	less than 10
Geometridae	Paradarisa	Paradarisa comparataria rantaizanensis	1740.9083	2095	more than 10
Geometridae	Comostola	Comostola pyrrhogona	673.3113	745.333333333333	less than 10
Crambidae	Polythlipta	Polythlipta maceratalis	750.1825	1060.33333333333	less than 10
Crambidae	Eoophyla	Eoophyla conjunctalis	565.16956	602.703703703704	more than 10
Erebidae	Parallelia	Parallelia stuposa	252.54782	173.846153846154	more than 10
Erebidae	Avitta	Avitta taiwana	1684.6438	1854.4	less than 10
Erebidae	Prolophota	Prolophota trigonifera	641.75214	245	less than 10
Noctuidae	Callyna	Callyna jugaria	477.76474	323.947368421053	more than 10
Geometridae	Corymica	Corymica spatiosa	657.5885	656.229508196721	more than 10
Erebidae	Ommatophora	Ommatophora luminosa	641.83167	660.044444444445	more than 10
Geometridae	Hastina	Hastina subfalcaria caeruleolineata	1115.18	1993.14285714286	less than 10
Noctuidae	Aedia	Aedia perdicipennis	386.69107	437.230769230769	more than 10
Uraniidae	Chundana	Chundana emarginata	1260.4896	1632.08333333333	less than 10
Erebidae	Blavia	Blavia scoteola	647.8306	330.909090909091	less than 10
Noctuidae	Dipterygina	Dipterygina indica	962.0121	1089.57142857143	more than 10
Erebidae	Vamuna	Vamuna alboluteora	1306.9045	1348.55102040816	more than 10
Noctuidae	Spodoptera	Spodoptera litura	475.4055	476.313725490196	more than 10
Geometridae	Krananda	Krananda semihyalina	1236.6436	1265.83962264151	more than 10
Erebidae	Entomogramma	Entomogramma fautrix	297.16693	197	less than 10
Pyralidae	Orybina	Orybina flaviplaga	1344.9551	1390	more than 10
Noctuidae	Orthosia	Orthosia alishana	2097.673	1976.375	less than 10
Erebidae	Tamba	Tamba taiwana	2241.937	2064.6	less than 10
Noctuidae	Spodoptera	Spodoptera exigua	1544.0846	1550.5	less than 10
Erebidae	Oraesia	Oraesia excavata	656.47235	614.857142857143	more than 10
Noctuidae	Sesamia	Sesamia inferens	300.00745	411.333333333333	less than 10
Geometridae	Amblychia	Amblychia angeronaria	475.76733	430.428571428571	more than 10
Geometridae	Fascellina	Fascellina chromataria	521.16455	535.09604519774	more than 10
Drepanidae	Tethea	Tethea oberthueri taiwana	1487.7883	1519.79591836735	more than 10
Lasiocampidae	Euthrix	Euthrix laeta	546.86285	549.307692307692	less than 10
Drepanidae	Habrosyne	Habrosyne indica formosana	1459.7444	1516.20338983051	more than 10
Erebidae	Achaea	Achaea janata	686.0752	628.533333333333	more than 10
Drepanidae	Oreta	Oreta insignis	708.3142	687.757575757576	more than 10
Erebidae	Asota	Asota heliconia zebrina	410.81772	427.467866323907	more than 10
Crambidae	Nacoleia	Nacoleia charesalis	331.23578	312.5	less than 10
Notodontidae	Dudusa	Dudusa sphingiformis	947.4794	1810.5	less than 10
Lasiocampidae	Kunugia	Kunugia undans metanastroides	1308.5641	1313.26086956522	more than 10
Crambidae	Uresiphita	Uresiphita tricolor	436.98196	422.25	less than 10
Noctuidae	Acontia	Acontia olivacea	615.3737	822	less than 10
Erebidae	Lymantria	Lymantria concolor concolor	1530.3632	1741.29787234043	more than 10
Erebidae	Erygia	Erygia apicalis	490.8675	428.826086956522	more than 10
Geometridae	Mesoptila	Mesoptila melanolopha	2006.4022	2269.33333333333	less than 10
Geometridae	Herochroma	Herochroma supraviridaria	743.42737	1753	less than 10
Nolidae	Nola	Nola lucidalis nephodes	344.40622	253.25	less than 10
Erebidae	Eudocima	Eudocima homaena	709.12024	597.8	less than 10
Noctuidae	Speidelia	Speidelia taiwana taiwana	1727.1813	2053	less than 10
Geometridae	Macaria	Macaria abydata	269.92224	199	more than 10
Notodontidae	Neopheosia	Neopheosia fasciata fasciata	973.8058	992.333333333333	more than 10
Erebidae	Pida	Pida postalba	1522.9408	2085.875	more than 10
Geometridae	Melanthia	Melanthia procellata szechuanensis	1666.6223	1305.84615384615	more than 10
Pyralidae	Herculia	Herculia pelasgalis	588.0838	606.6875	more than 10
Noctuidae	Microxyla	Microxyla confusa	315.58435	356.833333333333	more than 10
Geometridae	Hyposidra	Hyposidra talaca talaca	338.73596	335.537572254335	more than 10
Erebidae	Somena	Somena scintillans	736.1964	725.944444444444	more than 10
Notodontidae	Syntypistis	Syntypistis viridipicta	446.27707	456.434782608696	more than 10
Sphingidae	Theretra	Theretra nessus	839.9619	959.5	less than 10
Erebidae	Spilarctia	Spilarctia alba kikuchii	1184.3615	1163.5	less than 10
Erebidae	Blasticorhinus	Blasticorhinus ussuriensis	736.98334	1002	less than 10
Noctuidae	Bryophilina	Bryophilina mollicula	700.47205	774.916666666667	more than 10
Erebidae	Blasticorhinus	Blasticorhinus bifasciata	504.66797	1152.83333333333	less than 10
Erebidae	Anoratha	Anoratha sinuosa	1976.9286	1914	less than 10
Cossidae	Xyleutes	Xyleutes unimaculosa	1045.6516	261.5	less than 10
Uraniidae	Phazaca	Phazaca alikangensis	407.43942	330.368421052632	more than 10
Geometridae	Prochasma	Prochasma dentilinea	1735.4373	1975.58333333333	less than 10
Erebidae	Oglasa	Oglasa sordida	1137.2513	306.666666666667	less than 10
Erebidae	Sarcopteron	Sarcopteron punctimargo	291.75943	245	less than 10
Noctuidae	Orthosia	Orthosia castanea	1847.0479	2192.55555555556	less than 10
Crambidae	Pleuroptya	Pleuroptya characteristica	313.19345	488	less than 10
Erebidae	Pangrapta	Pangrapta trilineata	538.85614	503	less than 10
Pyralidae	Lamida	Lamida obscura	646.6333	640.785714285714	more than 10
Euteliidae	Lophoptera	Lophoptera hemithyris	360.66577	416.230769230769	less than 10
Noctuidae	Callopistria	Callopistria japonibia	327.90604	264.9	less than 10
Geometridae	Spaniocentra	Spaniocentra hollowayi	564.4607	534.818181818182	less than 10
Geometridae	Epobeidia	Epobeidia tigrata maxima	842.65515	776	less than 10
Erebidae	Syntomoides	Syntomoides imaon	448.54678	383.117647058823	more than 10
Crambidae	Lipararchis	Lipararchis tranquillalis	384.04724	266.166666666667	less than 10
Noctuidae	Diarsia	Diarsia subtincta	1759.4834	1821.5	less than 10
Geometridae	Xanthorhoe	Xanthorhoe mediofascia	1951.1171	2317	less than 10
Erebidae	Bastilla	Bastilla amygdalis	608.6219	618.157894736842	more than 10
Geometridae	Gandaritis	Gandaritis sinicaria postalba	1385.6051	1383.66666666667	less than 10
Geometridae	Psilalcis	Psilalcis albibasis	1763.3759	1738.3125	more than 10
Geometridae	Dooabia	Dooabia alia	961.16815	2135.5	less than 10
Noctuidae	Amyna	Amyna punctum	648.95197	616	less than 10
Erebidae	Arytrurides	Arytrurides inornatus	1503.7101	1577.6	less than 10
Erebidae	Fodina	Fodina contigua	250.04361	284.458333333333	more than 10
Erebidae	Macaldenia	Macaldenia palumba	351.113	398.045454545455	more than 10
Drepanidae	Drepana	Drepana pallida nigromaculata	1224.4182	1273.88235294118	more than 10
Geometridae	Fascellina	Fascellina plagiata	1427.1536	1416.63157894737	more than 10
Sphingidae	Agrius	Agrius convolvuli	954.9606	770	less than 10
Erebidae	Sophta	Sophta diplochorda	431.99307	517.166666666667	more than 10
Noctuidae	Agrotis	Agrotis ipsilon	920.3607	804.69696969697	more than 10
Lasiocampidae	Cosmotriche	Cosmotriche discitincta discitincta	1937.1018	1950.5641025641	more than 10
Geometridae	Corymica	Corymica deducta	326.14725	276	less than 10
Erebidae	Calliteara	Calliteara angulata	832.1903	726.6	more than 10
Geometridae	Plagodis	Plagodis reticulata	1788.1362	2179	less than 10
Geometridae	Dindica	Dindica polyphaenaria	655.22925	652.192307692308	more than 10
Erebidae	Laspeyria	Laspeyria ruficeps	371.73904	450.5	less than 10
Noctuidae	Hoplodrina	Hoplodrina implacata	1338.1816	2173.2	less than 10
Noctuidae	Mythimna	Mythimna changi	1546.3975	1687.28571428571	less than 10
Geometridae	Biston	Biston perclara	611.06445	649.241379310345	more than 10
Crambidae	Bradina	Bradina aulacodialis	606.2918	1203.66666666667	less than 10
Geometridae	Nothomiza	Nothomiza flavicosta	993.6304	1164.25	more than 10
Notodontidae	Syntypistis	Syntypistis cyanea cyanea	480.09308	528.617021276596	more than 10
Notodontidae	Syntypistis	Syntypistis perdix perdix	1724.33	1869.57142857143	more than 10
Erebidae	Artena	Artena dotata	555.0132	543.901408450704	more than 10
Crambidae	Elophila	Elophila turbata	412.00836	310	less than 10
Geometridae	Entomopteryx	Entomopteryx rubridisca	1128.9143	796.333333333333	more than 10
Erebidae	Scedopla	Scedopla umbrosa	431.48608	418.44	more than 10
Limacodidae	Iraga	Iraga rugosa	410.75732	466.214285714286	more than 10
Geometridae	Amraica	Amraica asahinai	880.3739	1004	less than 10
Geometridae	Chorodna	Chorodna ochreimacula	622.1785	597.333333333333	more than 10
Noctuidae	Plusiopalpa	Plusiopalpa adrasta shisa	813.6226	906.666666666667	more than 10
Erebidae	Hipoepa	Hipoepa fractalis	324.73578	304.9	less than 10
Limacodidae	Rhamnosa	Rhamnosa uniformis	454.6467	572.5	less than 10
Geometridae	Ecliptopera	Ecliptopera rectilinea kanshinensis	601.18524	375.1	less than 10
Geometridae	Paramaxates	Paramaxates taiwana	1412.2451	1547.5	less than 10
Drepanidae	Horipsestis	Horipsestis aenea aenea	1145.8042	700.818181818182	less than 10
Erebidae	Lyclene	Lyclene arcuata	384.53986	378.618421052632	more than 10
Limacodidae	Thosea	Thosea sinensis	357.607	390.3125	more than 10
Erebidae	Pangrapta	Pangrapta lunulata	311.464	329.25	less than 10
Geometridae	Alcis	Alcis taiwanovariegata	1393.1941	1396.84175084175	more than 10
Bombycidae	Ernolatia	Ernolatia moorei	410.48117	338	more than 10
Noctuidae	Callyna	Callyna contracta	1535.23	1643.69230769231	more than 10
Erebidae	Mecodina	Mecodina praecipua	450.5839	330	less than 10
Euteliidae	Lophoptera	Lophoptera nama	378.36456	408.333333333333	less than 10
Crambidae	Stenia	Stenia charonialis	318.73056	148	less than 10
Erebidae	Corgatha	Corgatha tornalis	766.7605	173.5	less than 10
Crambidae	Heotia	Heotia vitessoides	394.82574	642.5	less than 10
Drepanidae	Neotogaria	Neotogaria saitonis saitonis	1555.8646	1496.66666666667	less than 10
Drepanidae	Ditrigona	Ditrigona conflexaria micronioides	947.38434	1112	less than 10
Gelechiidae	Hypatima	Hypatima spathota	307.526	212.666666666667	less than 10
Erebidae	Calliteara	Calliteara arizana	1810.3486	1872.90909090909	less than 10
Erebidae	Orgyia	Orgyia postica	263.55157	277.735294117647	more than 10
Erebidae	Amerila	Amerila astrea	491.56628	523.0625	more than 10
Erebidae	Thyas	Thyas coronata	842.97	893.105263157895	more than 10
Nolidae	Beara	Beara tortriciformis	494.3025	475.870967741936	more than 10
Erebidae	Adrapsa	Adrapsa quadrilinealis	218.88191	274.76	more than 10
Erebidae	Ilema	Ilema nachiensis	1168.3457	945	less than 10
Crambidae	Eusabena	Eusabena miltochristalis	463.91547	447.4	less than 10
Erebidae	Cerynea	Cerynea igniaria	328.35376	313.2	less than 10
Geometridae	Somatina	Somatina rosacea anaemica	665.9196	644.62962962963	more than 10
Crambidae	Prorodes	Prorodes mimicus	359.14142	290.75	more than 10
Noctuidae	Callopistria	Callopistria delicata	895.9381	917.137931034483	more than 10
Geometridae	Psilalcis	Psilalcis breta rantaizana	550.03204	455.776315789474	more than 10
Crambidae	Paracymoriza	Paracymoriza nigra	425.15997	372.333333333333	less than 10
Notodontidae	Kamalia	Kamalia tattakana	871.4047	1121.5	less than 10
Geometridae	Tanaoctenia	Tanaoctenia haliaria	1805.3921	1812.02564102564	more than 10
Erebidae	Dura	Dura alba	997.6382	542.666666666667	less than 10
Notodontidae	Formofentonia	Formofentonia orbifer rotundata	1106.741	1175.73333333333	more than 10
Geometridae	Antitrygodes	Antitrygodes divisaria perturbatus	352.5275	388.766666666667	more than 10
Erebidae	Loxioda	Loxioda similis	846.17065	833.333333333333	less than 10
Geometridae	Amblychia	Amblychia moltrechti	1949.9475	2214.5	less than 10
Geometridae	Pareclipsis	Pareclipsis umbrata	826.8503	722.375	less than 10
Geometridae	Ecliptopera	Ecliptopera muscicolor allobathra	1921.7764	1981.5	less than 10
Pyralidae	Orthopygia	Orthopygia nannodes	726.0532	223	less than 10
Geometridae	Eilicrinia	Eilicrinia flava	422.5616	423.189189189189	more than 10
Erebidae	Bastilla	Bastilla joviana joviana	435.8439	327.3	more than 10
Noctuidae	Spodoptera	Spodoptera pecten	588.5739	295.227272727273	more than 10
Erebidae	Lemyra	Lemyra wernerthomasi	1641.7543	2155.25	less than 10
Limacodidae	Monema	Monema rubriceps	335.3585	348.756756756757	more than 10
Pyralidae	Endotricha	Endotricha consocia	280.68756	283.153846153846	more than 10
Noctuidae	Callopistria	Callopistria deflexusa	740.9452	746	less than 10
Erebidae	Arna	Arna bipunctapex	486.77856	228.4	less than 10
Sphingidae	Dolbina	Dolbina inexacta	723.42944	716.555555555556	more than 10
Noctuidae	Mythimna	Mythimna yu	508.21896	334.4	more than 10
Geometridae	Eustroma	Eustroma changi	1243.1106	1277.5	less than 10
Geometridae	Pylargosceles	Pylargosceles steganioides limbaria	702.52277	348.333333333333	less than 10
Nolidae	Gadirtha	Gadirtha inexacta	692.36707	785.25	less than 10
Noctuidae	Elusa	Elusa ustula	377.7797	363.441176470588	more than 10
Crambidae	Antigastra	Antigastra catalaunalis	456.76962	548.6	less than 10
Geometridae	Comibaena	Comibaena cassidara	625.0375	585.5	less than 10
Erebidae	Bertula	Bertula abjudicalis	271.40405	325	less than 10
Geometridae	Lophobates	Lophobates inchoata	718.5141	709.620689655172	more than 10
Noctuidae	Tiracola	Tiracola plagiata	1090.7987	1161.46875	more than 10
Geometridae	Phthonandria	Phthonandria atrilineata cuneilinearia	590.6106	287.444444444444	less than 10
Crambidae	Uresiphita	Uresiphita quinquigera	398.84488	434.529411764706	more than 10
Noctuidae	Maliattha	Maliattha signifera	355.31677	330.571428571429	less than 10
Limacodidae	Susica	Susica sinensis	343.1686	356	more than 10
Depressariidae	Ethmia	Ethmia lineatonotella	875.9061	937.071428571429	less than 10
Crambidae	Talanga	Talanga nympha	418.88828	431.75	less than 10
Crambidae	Cnaphalocrocis	Cnaphalocrocis medinalis	679.2746	953.75	less than 10
Erebidae	Lyclene	Lyclene acteola	874.1685	643.588235294118	more than 10
Noctuidae	Mythimna	Mythimna epieixelus	815.7518	420.857142857143	less than 10
Erebidae	Eublemma	Eublemma terminimaculata	253.63501	481	less than 10
Erebidae	Hadennia	Hadennia hisbonalis	629.3755	586.176470588235	more than 10
Erebidae	Pericyma	Pericyma cruegeri	442.53995	311.666666666667	less than 10
Geometridae	Luxiaria	Luxiaria costinota	898.10236	893.6875	more than 10
Geometridae	Abaciscus	Abaciscus alishanensis	893.94135	1070.28571428571	less than 10
Sphingidae	Psilogramma	Psilogramma increta	701.50323	637.5	less than 10
Geometridae	Maxates	Maxates glaucaria	2009.11	2300	less than 10
Geometridae	Ecliptopera	Ecliptopera benigna	638.34766	680.285714285714	more than 10
Erebidae	Sympis	Sympis rufibasis	252.43567	263.495049504951	more than 10
Geometridae	Lipomelia	Lipomelia subusta	536.8461	839.333333333333	less than 10
Erebidae	Eugoa	Eugoa cernyi	875.2911	732.428571428572	less than 10
Sphingidae	Langia	Langia zenzeroides formosana	1280.6078	1169.0625	more than 10
Noctuidae	Xylopolia	Xylopolia fulvireniforma	2029.2798	2006.53333333333	more than 10
Eupterotidae	Palirisa	Palirisa cervina formosana	1741.3494	1736.30769230769	more than 10
Noctuidae	Tambana	Tambana subflava	1707.1428	1756.14285714286	less than 10
Psychidae	Eumeta	Eumeta pryeri	412.6086	398.782608695652	more than 10
Pyralidae	Arctioblepsis	Arctioblepsis rubida	248.15283	278.37037037037	more than 10
Geometridae	Doratoptera	Doratoptera lutea	1107.8096	1138.81818181818	less than 10
Erebidae	Sypnoides	Sypnoides pannosa	1291.9843	1363.33333333333	less than 10
Limacodidae	Scopelodes	Scopelodes contractus	516.00574	359.857142857143	less than 10
Geometridae	Schistophyle	Schistophyle falcifera	810.07104	872.25	less than 10
Nolidae	Nola	Nola marginata	860.23755	394.5	less than 10
Noctuidae	Auchmis	Auchmis inextricata	1954.4117	2117.28571428571	less than 10
Crambidae	Palpita	Palpita asiaticalis	658.0978	535	less than 10
Erebidae	Erebus	Erebus ephesperis	379.89093	360.068965517241	more than 10
Erebidae	Amata	Amata wilemani	1801.2129	1856.88888888889	less than 10
Drepanidae	Macrocilix	Macrocilix mysticata flavotincta	1360.7249	1584.16666666667	more than 10
Crambidae	Cirrhochrista	Cirrhochrista spissalis	192.6895	252.5	less than 10
Erebidae	Garudinia	Garudinia bimaculata	292.08844	277.809523809524	more than 10
Erebidae	Ophiusa	Ophiusa trapezium	623.79065	436	less than 10
Noctuidae	Dictyestra	Dictyestra dissecta	475.367	219.5	less than 10
Erebidae	Bastilla	Bastilla praetermissa	579.1271	541.28125	more than 10
Crambidae	Paliga	Paliga celatalis	456.12653	755	less than 10
Geometridae	Cleora	Cleora contiguata contiguata	381.4944	532.6	less than 10
Erebidae	Euproctis	Euproctis sericea	1700.497	1832.36363636364	less than 10
Erebidae	Aglaomorpha	Aglaomorpha histrio formosana	475.37427	482.375	more than 10
Bombycidae	Bombyx	Bombyx mandarina formosana	390.40826	383.558823529412	more than 10
Euteliidae	Aplotelia	Aplotelia diplographa	619.01935	490.833333333333	less than 10
Erebidae	Mocis	Mocis frugalis	215.60454	203.325581395349	more than 10
Crambidae	Paracymoriza	Paracymoriza vagalis	232.85774	224.428571428571	less than 10
Geometridae	Herochroma	Herochroma cristata	554.9486	383.25	less than 10
Geometridae	Psyra	Psyra spurcataria	1433.7397	2092.10526315789	more than 10
Drepanidae	Cyclidia	Cyclidia substigmaria substigmaria	1052.1482	1187.16666666667	less than 10
Erebidae	Bocula	Bocula xanthostola	714.7268	496.266666666667	more than 10
Geometridae	Dindica	Dindica kishidai	1043.1123	1014.64705882353	more than 10
Geometridae	Xenoplia	Xenoplia trivialis	1365.0657	1406.09523809524	more than 10
Erebidae	Erebus	Erebus gemmans	1029.8801	1266.28571428571	less than 10
Crambidae	Pleuroptya	Pleuroptya quadrimaculalis	712.31415	629.272727272727	less than 10
Erebidae	Adrapsoides	Adrapsoides reticulatis	1480.586	2067	less than 10
Crambidae	Maruca	Maruca amboinalis	817.1273	509.714285714286	less than 10
Erebidae	Spilarctia	Spilarctia subcarnea	281.87964	229.013513513514	more than 10
Limacodidae	Narosoideus	Narosoideus vulpinus	578.9573	508.941176470588	more than 10
Erebidae	Diduga	Diduga flavicostata	258.16068	204.333333333333	less than 10
Noctuidae	Agrotis	Agrotis taiwana	1720.3842	1947.85714285714	more than 10
Geometridae	Comostola	Comostola laesaria	393.9463	407.454545454545	less than 10
Notodontidae	Tarsolepis	Tarsolepis taiwana	1159.2383	1131.84615384615	more than 10
Erebidae	Ercheia	Ercheia niveostrigata	1100.592	486.181818181818	less than 10
Cossidae	Xyleutes	Xyleutes strix	419.69583	311.08	more than 10
Geometridae	Parapercnia	Parapercnia giraffata	891.3988	876.333333333333	less than 10
Erebidae	Zanclognatha	Zanclognatha nigrisigna	253.8835	180.333333333333	less than 10
Erebidae	Lemyra	Lemyra rhodophilodes	329.4684	421.529411764706	more than 10
Erebidae	Perciana	Perciana taiwana	1831.0951	1791.1	less than 10
Geometridae	Pingasa	Pingasa ruginaria pacifica	374.0325	402.645161290323	more than 10
Geometridae	Thalassodes	Thalassodes sp	663.25867	784.25	less than 10
Erebidae	Hypena	Hypena longipennis	1293.1155	1487.93333333333	more than 10
Tortricidae	Protarchella	Protarchella nivis	297.87375	1283.66666666667	less than 10
Geometridae	Pelagodes	Pelagodes subquadraria	663.35297	609.75	more than 10
Geometridae	Sarcinodes	Sarcinodes mongaku	845.7772	713	less than 10
Bombycidae	Rotunda	Rotunda rotundapex	1070.146	1220	less than 10
Noctuidae	Chrysodeixis	Chrysodeixis taiwani	1176.3828	1430.09090909091	more than 10
Notodontidae	Stauropus	Stauropus alternus alternus	385.9494	302.666666666667	less than 10
Notodontidae	Lophontosia	Lophontosia fusca	678.36914	801	less than 10
Uraniidae	Phazaca	Phazaca theclatus	844.93695	245	less than 10
Erebidae	Teulisna	Teulisna tumida	954.7656	989.272727272727	less than 10
Geometridae	Pingasa	Pingasa alba alba	504.08987	57.6666666666667	less than 10
Sphingidae	Acosmeryx	Acosmeryx naga naga	1082.5791	1164.19607843137	more than 10
Tortricidae	Dactylioglypha	Dactylioglypha tonica	396.87527	262.5	less than 10
Notodontidae	Acmeshachia	Acmeshachia gigantea	1557.2625	1585.21428571429	less than 10
Geometridae	Arichanna	Arichanna sinica refracta	2116.5999	2276.75	less than 10
Crambidae	Tyspanodes	Tyspanodes hypsalis	579.36035	618.7	more than 10
Geometridae	Garaeus	Garaeus apicata formosanus	1027.2887	1119.97674418605	more than 10
Geometridae	Hemistola	Hemistola orbiculosa	639.05536	817.333333333333	less than 10
Noctuidae	Ctenoplusia	Ctenoplusia limbirena	859.52374	1004	less than 10
Erebidae	Bocula	Bocula diffisa	406.1113	470.095238095238	more than 10
Sphingidae	Rhagastis	Rhagastis castor formosana	708.78754	748.071428571429	less than 10
Erebidae	Ercheia	Ercheia umbrosa	1181.1143	1542.09523809524	more than 10
Limacodidae	Cania	Cania heppneri	335.2248	339.144578313253	more than 10
Erebidae	Hypena	Hypena trigonalis	657.92316	647.666666666667	less than 10
Noctuidae	Aedia	Aedia leucomelas	576.35376	607.947368421053	more than 10
Erebidae	Barsine	Barsine sauteri	474.77466	538.467391304348	more than 10
Euteliidae	Phalga	Phalga clarirena	632.31793	878.666666666667	less than 10
Geometridae	Idaea	Idaea egenaria	531.4615	1027	less than 10
Geometridae	Krananda	Krananda latimarginaria	487.57416	493.142857142857	more than 10
Hyblaeidae	Hyblaea	Hyblaea puera	760.3024	514	less than 10
Geometridae	Comibaena	Comibaena delicatior	691.7797	749.833333333333	less than 10
Noctuidae	Anacronicta	Anacronicta nitida	862.25726	1293.5	less than 10
Limacodidae	Miresa	Miresa fulgida	457.19052	416.794117647059	more than 10
Geometridae	Pseudocollix	Pseudocollix hyperythra catalalia	399.3694	610.666666666667	less than 10
Noctuidae	Conistra	Conistra anonyma	2133.4822	2141.75	less than 10
Erebidae	Rusicada	Rusicada privata	783.50073	829.833333333333	more than 10
Erebidae	Hipoepa	Hipoepa biasalis	317.92322	311.961538461538	more than 10
Geometridae	Odontopera	Odontopera insulata insulata	2017.6111	2128.27272727273	more than 10
Erebidae	Oruza	Oruza albigutta	801.98914	278.5	less than 10
Geometridae	Menophra	Menophra anaplagiata	1223.2415	1124.72222222222	more than 10
Noctuidae	Ctenoplusia	Ctenoplusia kosemponensis	929.38367	967.5	less than 10
Noctuidae	Trisuloides	Trisuloides sericea	590.4293	646.586206896552	more than 10
Erebidae	Miltochrista	Miltochrista convexa	360.07672	398.928571428571	more than 10
Pyralidae	Lixa	Lixa productalis taiwana	395.76926	289.25	less than 10
Geometridae	Trichoplites	Trichoplites albimaculosa	2120.2502	2300	less than 10
Brahmaeidae	Brahmaea	Brahmaea wallichii insulata	1519.7168	1598	less than 10
Noctuidae	Bagada	Bagada poliomera	347.1033	321	less than 10
Erebidae	Ophiusa	Ophiusa tirhaca	796.815	1020.7	less than 10
Noctuidae	Callopistria	Callopistria duplicans	875.5402	554.5	less than 10
Erebidae	Bertula	Bertula hadenalis persimilis	552.5173	438.076923076923	more than 10
Erebidae	Hypena	Hypena ophiusoides	1096.3652	1076.25	less than 10
Geometridae	Lophophleps	Lophophleps purpurea	297.7406	256.111111111111	less than 10
Erebidae	Paracolax	Paracolax pryeri	794.56177	846.8	less than 10
Noctuidae	Axylia	Axylia putris triseriata	1378.4858	1387.5	more than 10
Erebidae	Avatha	Avatha chinensis	1462.9005	1507.01724137931	more than 10
Euteliidae	Atacira	Atacira lyncestides	389.0579	245	less than 10
Pyralidae	Teliphasa	Teliphasa albifusa	446.4799	308.083333333333	less than 10
Geometridae	Uliura	Uliura infausta	1466.5929	1618.875	more than 10
Crambidae	Botyodes	Botyodes caldusalis	449.4286	466.125	less than 10
Geometridae	Arichanna	Arichanna pryeraria	1837.4819	1858.86666666667	more than 10
Erebidae	Chusaris	Chusaris nigromaculata	413.22134	574.2	less than 10
Geometridae	Tanaorhinus	Tanaorhinus viridiluteata	1026.9723	1090	more than 10
Notodontidae	Fentonia	Fentonia baibarana	838.68665	825.105263157895	more than 10
Drepanidae	Tridrepana	Tridrepana unispina	821.2282	864.611111111111	more than 10
Oecophoridae	Lamprystica	Lamprystica purpurata	347.9929	245	less than 10
Nolidae	Westermannia	Westermannia elliptica elliptica	372.0425	360.303571428572	more than 10
Noctuidae	Karana	Karana gemmifera	1813.2407	1844.4	more than 10
Erebidae	Mocis	Mocis annetta	1445.6035	1004	less than 10
Geometridae	Eucyclodes	Eucyclodes gavissima aphrodite	1018.0082	1977.5	less than 10
Erebidae	Anisoneura	Anisoneura salebrosa	540.6729	495.5625	more than 10
Geometridae	Comibaena	Comibaena procumbaria	438.40338	340.347826086956	more than 10
Notodontidae	Rachiades	Rachiades lichenicolor albimaculata	914.1135	1059.22222222222	less than 10
Geometridae	Ourapteryx	Ourapteryx changi	1420.6488	1526	more than 10
Crambidae	Gargela	Gargela renatusalis	428.84125	541.75	less than 10
Geometridae	Jodis	Jodis sp	974.82104	1443	less than 10
Erebidae	Aroana	Aroana baliensis	728.0579	471.571428571429	less than 10
Geometridae	Scopula	Scopula kagiata	873.59064	1376.4	less than 10
Erebidae	Eospilarctia	Eospilarctia nehallenia baibarensis	1907.4897	2013.5	less than 10
Erebidae	Barsine	Barsine horishanella	592.0411	553.615384615385	more than 10
Geometridae	Pogonopygia	Pogonopygia pavida pavida	1187.6971	1182.88888888889	more than 10
Noctuidae	Euplexidia	Euplexidia pallidivirens	2115.8584	2115.84615384615	more than 10
Drepanidae	Epipsestis	Epipsestis bilineata pallida	2283.7034	2289	less than 10
Geometridae	Menophra	Menophra taiwana	827.95917	742.785714285714	more than 10
Erebidae	Macrobrochis	Macrobrochis gigas	379.61533	420.119047619048	more than 10
Limacodidae	Phlossa	Phlossa conjuncta	324.26123	290.545454545455	more than 10
Geometridae	Paradarisa	Paradarisa chloauges chloauges	1358.2869	1206.42105263158	more than 10
Lasiocampidae	Dendrolimus	Dendrolimus punctatus	1221.5168	1070.4347826087	more than 10
Pyralidae	Teliphasa	Teliphasa nubilosa	643.5434	690.709677419355	more than 10
Lasiocampidae	Lebeda	Lebeda nobilis	520.11646	452.357142857143	less than 10
Crambidae	Pleuroptya	Pleuroptya deficiens	875.2424	978.526315789474	more than 10
Erebidae	Hypena	Hypena cervinalis	1371.3792	1541.75	less than 10
Noctuidae	Trichosea	Trichosea diffusa	1868.9237	2082.85714285714	less than 10
Erebidae	Mecodina	Mecodina cineracea	498.74838	417.5	less than 10
Sphingidae	Notonagemia	Notonagemia analis gressitti	680.6095	632.384615384615	less than 10
Uraniidae	Micronia	Micronia aculeata	204.53792	167.157894736842	more than 10
Geometridae	Hypochrosis	Hypochrosis rufescens	1915.1062	1844.69565217391	more than 10
Geometridae	Dysstroma	Dysstroma sikkimensis	1928.2108	1623.33333333333	less than 10
Erebidae	Simplicia	Simplicia simplicissima	392.26822	425.866666666667	more than 10
Euteliidae	Penicillaria	Penicillaria jocosatrix	913.3106	724	less than 10
Lasiocampidae	Odonestis	Odonestis bheroba formosae	726.06445	724.285714285714	more than 10
Pyralidae	Endotricha	Endotricha metacuralis	1849.5977	1988.375	less than 10
Crambidae	Hemiscopis	Hemiscopis cinereum	400.4417	1002	less than 10
Geometridae	Racotis	Racotis boarmiaria	853.4048	590.769230769231	more than 10
Limacodidae	Ceratonema	Ceratonema wilemani	420.326	115.666666666667	less than 10
Erebidae	Lyclene	Lyclene alikangiae	700.1117	711.208791208791	more than 10
Geometridae	Cleora	Cleora sp	490.23123	256	less than 10
Crambidae	Eoophyla	Eoophyla gibbosalis	266.12024	331.610169491525	more than 10
Erebidae	Ilema	Ilema olivacea	486.08414	539.170212765957	more than 10
Uraniidae	Phazaca	Phazaca kosemponicola	381.3932	433.357142857143	more than 10
Erebidae	Bocula	Bocula caradrinoides	1005.6123	1088.36363636364	less than 10
Geometridae	Yashmakia	Yashmakia suffusa	560.52014	603	less than 10
Crambidae	Piletocera	Piletocera aegimiusalis	321.61502	426.529411764706	more than 10
Drepanidae	Epipsestis	Epipsestis meilingchani	2183.014	2268.85714285714	less than 10
Crambidae	Pleuroptya	Pleuroptya iopasalis	261.22318	276.68	more than 10
Geometridae	Metallaxis	Metallaxis semiustus	826.2277	448.333333333333	less than 10
Erebidae	Rivula	Rivula basalis	663.2314	852.333333333333	less than 10
Notodontidae	Dudusa	Dudusa nobilis	609.9328	611.235294117647	more than 10
Noctuidae	Acronicta	Acronicta intermedia	1003.48285	785	less than 10
Erebidae	Hypena	Hypena bicoloralis	993.81915	1040	less than 10
Geometridae	Rikiosatoa	Rikiosatoa mavi	1598.1147	1613.375	less than 10
Noctuidae	Callopistria	Callopistria guttulalis	400.61194	298.6	less than 10
Noctuidae	Panolis	Panolis variegatoides	1927.7924	2127.95652173913	more than 10
Nolidae	Nola	Nola punctilineata	653.7462	549	less than 10
Noctuidae	Chrysodeixis	Chrysodeixis eriosoma	695.80835	675	more than 10
Crambidae	Circobotys	Circobotys aurealis	353.39554	377.083333333333	more than 10
Erebidae	Bastilla	Bastilla arcuata	347.758	360.684210526316	more than 10
Sphingidae	Polyptychus	Polyptychus chinensis	806.0718	799.333333333333	less than 10
Pyralidae	Orthaga	Orthaga olivacea	447.6362	412.2	more than 10
Erebidae	Siccia	Siccia taiwana	661.16284	772	less than 10
Noctuidae	Nyctycia	Nyctycia endoi endoi	1826.2876	2149.5	less than 10
Limacodidae	Hampsonella	Hampsonella arizana	1011.5871	1341.125	less than 10
Erebidae	Hemipsilia	Hemipsilia coavestis	2114.7234	2218.89473684211	more than 10
Erebidae	Cephena	Cephena costata	359.3737	380	less than 10
Sphingidae	Ambulyx	Ambulyx sericeipennis	744.85736	666.818181818182	less than 10
Geometridae	Scopula	Scopula propinquaria	877.0898	268.4	less than 10
Pyralidae	Aurana	Aurana vinaceella	604.612	624.5	less than 10
Callidulidae	Callidula	Callidula attenuata	621.02563	819	less than 10
Uraniidae	Dysaethria	Dysaethria suisharyonis	1375.0665	2206.14285714286	less than 10
Geometridae	Agaraeus	Agaraeus discolor	809.03625	767.666666666667	less than 10
Erebidae	Calyptra	Calyptra minuticornis bisacutum	474.64343	529.833333333333	less than 10
Limacodidae	Vanlangia	Vanlangia castanea	875.92896	1071.28571428571	less than 10
Erebidae	Oglasa	Oglasa costimacula	321.4617	284.304347826087	more than 10
Erebidae	Olene	Olene mendosa	854.27515	1114.46153846154	less than 10
Erebidae	Hypena	Hypena iconicalis	769.511	700.724137931035	more than 10
Drepanidae	Tethea	Tethea consimilis c-album	1590.0591	1595.54545454545	less than 10
Geometridae	Hydatocapnia	Hydatocapnia gemina	670.0481	644.652173913044	more than 10
Erebidae	Hypospila	Hypospila bolinoides	504.87854	500.852112676056	more than 10
Geometridae	Opisthograptis	Opisthograptis moelleri	1690.9427	1714.07142857143	more than 10
Erebidae	Euproctis	Euproctis karapina	1006.2444	1427	less than 10
Drepanidae	Albara	Albara reversaria opalescens	548.3646	570.964285714286	more than 10
Erebidae	Spilarctia	Spilarctia wilemani	887.18384	946.913043478261	more than 10
Geometridae	Naxidia	Naxidia punctata	1600.2921	1762.22222222222	less than 10
Noctuidae	Scriptoplusia	Scriptoplusia nigriluna	577.7892	252	less than 10
Crambidae	Nevrina	Nevrina procopia	576.51654	600.25974025974	more than 10
Erebidae	Dierna	Dierna strigata	414.78436	380.5	more than 10
Erebidae	Eospilarctia	Eospilarctia formosana	2135.0396	2278.625	less than 10
Sphingidae	Acosmerycoides	Acosmerycoides harterti	390.06433	400.272727272727	less than 10
Geometridae	Herochroma	Herochroma baibarana	666.7501	692.692307692308	more than 10
Geometridae	Catoria	Catoria olivescens	514.9686	546.5	less than 10
Geometridae	Acolutha	Acolutha pulchella semifulva	709.1351	1193.5	less than 10
Notodontidae	Higena	Higena trichosticha	745.80066	491	less than 10
Erebidae	Pantana	Pantana ochripalpis	1018.1639	528.727272727273	less than 10
Euteliidae	Anuga	Anuga multiplicans	670.1699	637.333333333333	less than 10
Limacodidae	Demonarosa	Demonarosa rufotessellata subrosea	577.3907	645	less than 10
Crambidae	Callibotys	Callibotys carapina	503.2132	593.666666666667	less than 10
Erebidae	Adrapsa	Adrapsa simplex	588.80396	683.84	more than 10
Euteliidae	Lophoptera	Lophoptera squammigera	531.4131	468.595238095238	more than 10
Erebidae	Ischyja	Ischyja manlia	857.2032	1034.94117647059	more than 10
Erebidae	Ghoria	Ghoria subpurpurea	1959.685	2171.25	less than 10
Noctuidae	Hyalobole	Hyalobole taiwanensis	2001.3438	2297.4	less than 10
Noctuidae	Cyclodes	Cyclodes omma	338.5792	397.444444444445	more than 10
Limacodidae	Parasa	Parasa consocia	414.2703	421.238095238095	more than 10
Erebidae	Bastilla	Bastilla acuta acuta	1093.5757	1367.33333333333	more than 10
Endromidae	Andraca	Andraca yauichui	1624.3154	2100.75	less than 10
Noctuidae	Ctenoplusia	Ctenoplusia furcifera furcifera	861.9482	658.2	less than 10
Noctuidae	Diarsia	Diarsia sinuosa	1776.3672	1527.6	less than 10
Erebidae	Hypocala	Hypocala violacea	1023.80634	1038.66666666667	less than 10
Notodontidae	Disparia	Disparia wilemani	819.42664	790.333333333333	less than 10
Geometridae	Chorodna	Chorodna creataria	687.97296	674.172839506173	more than 10
Erebidae	Spilarctia	Spilarctia subtestacea	443.86725	366.5	less than 10
Erebidae	Hypena	Hypena perspicua	1153.0359	1283.34285714286	more than 10
Erebidae	Zurobata	Zurobata vacillans	576.91064	581.473684210526	more than 10
Erebidae	Metaphoenia	Metaphoenia incongrualis	310.0433	302.714285714286	more than 10
Drepanidae	Horipsestis	Horipsestis mushana mushana	1023.59863	1305.5	less than 10
Noctuidae	Conistra	Conistra takasago	2137.3262	1950.66666666667	less than 10
Erebidae	Lymantria	Lymantria umbrifera	1565.1726	1698.6	more than 10
Bombycidae	Trilocha	Trilocha varians	131.02223	98.8518518518518	more than 10
Erebidae	Paraona	Paraona staudingeri formosana	1241.1412	1240.42105263158	more than 10
Erebidae	Ericeia	Ericeia pertendens	349.0784	895	less than 10
Erebidae	Brunia	Brunia antica	450.8047	317.363636363636	more than 10
Erebidae	Lemyra	Lemyra alikangensis	406.94666	453.725	more than 10
Nolidae	Kerala	Kerala lentiginosa	1727.282	1892.9	less than 10
Noctuidae	Orthosia	Orthosia reticulata fuscovestita	2007.236	2280	less than 10
Geometridae	Harutaea	Harutaea flavizona	918.83875	773	less than 10
Crambidae	Pygospila	Pygospila tyres	1248.1792	1353.41666666667	less than 10
Geometridae	Menophra	Menophra nakajimai	1223.6466	1811.33333333333	more than 10
Erebidae	Nyctemera	Nyctemera carissima formosana	461.76678	502.854545454546	more than 10
Nolidae	Blenina	Blenina senex	1299.0607	1285	less than 10
Noctuidae	Clavipalpula	Clavipalpula aurariae formosana	1446.2618	2165.6875	more than 10
Notodontidae	Syntypistis	Syntypistis umbrosa	816.7049	707.2	less than 10
Erebidae	Catocala	Catocala wushensis	1757.504	2199	less than 10
