Species	pred	true	Family	Genus
Herminia vermiculata	428.90707	365.333333333333	Erebidae	Herminia
Athetis stellulata	632.3116	737.090909090909	Noctuidae	Athetis
Diduga flavicostata	587.7561	204.333333333333	Erebidae	Diduga
Agaraeus discolor	1539.2427	767.666666666667	Geometridae	Agaraeus
Mythimna bistrigata	1087.5723	1281.6	Noctuidae	Mythimna
Teliphasa nubilosa	470.49655	690.709677419355	Pyralidae	Teliphasa
Isodemis serpentinana	584.1811	317.5	Tortricidae	Isodemis
Churinga virago	744.33624	1887.84615384615	Erebidae	Churinga
Trichosea diffusa	1663.1858	2082.85714285714	Noctuidae	Trichosea
Amerila astrea	717.6929	523.0625	Erebidae	Amerila
Aloa lactinea	534.3999	176	Erebidae	Aloa
Carea varipes	747.3143	1227	Nolidae	Carea
Xylopolia fulvireniforma	1246.9346	2006.53333333333	Noctuidae	Xylopolia
Herculia pelasgalis	563.6949	606.6875	Pyralidae	Herculia
Dindica polyphaenaria	927.2316	652.192307692308	Geometridae	Dindica
Microxyla confusa	431.92227	356.833333333333	Noctuidae	Microxyla
Barsine callorufa	753.45026	2150.33333333333	Erebidae	Barsine
Susica sinensis	453.92056	356	Limacodidae	Susica
Platycerota vitticostata	623.6272	245	Geometridae	Platycerota
Pseudogyrtona marmorea	780.1768	1452	Erebidae	Pseudogyrtona
Lygephila yoshimotoi	1395.3429	2055.25	Erebidae	Lygephila
Pangrapta lunulata	462.83813	329.25	Erebidae	Pangrapta
Elusa ustula	672.2862	363.441176470588	Noctuidae	Elusa
Callambulyx tatarinovii formosana	576.37354	680.611111111111	Sphingidae	Callambulyx
Uresiphita quinquigera	603.3906	434.529411764706	Crambidae	Uresiphita
Biston regalis comitata	1883.0007	1795	Geometridae	Biston
Krananda semihyalina	1040.2461	1265.83962264151	Geometridae	Krananda
Thosea sinensis	542.76843	390.3125	Limacodidae	Thosea
Paranigilgia bushii	461.24774	245	Brachodidae	Paranigilgia
Mythimna changi	999.7325	1687.28571428571	Noctuidae	Mythimna
Netria multispinae multispinae	852.118	1781.18181818182	Notodontidae	Netria
Euhampsonia formosana	887.0943	1154.57142857143	Notodontidae	Euhampsonia
Endotricha metacuralis	975.3043	1988.375	Pyralidae	Endotricha
Sophta olivata	449.60803	266.578947368421	Erebidae	Sophta
Acronicta gigasa	1521.432	1057	Noctuidae	Acronicta
Agrocholorta taiwanawae	1957.0376	1506	Noctuidae	Agrocholorta
Thyas juno	814.7774	1136.33333333333	Erebidae	Thyas
Ommatophora luminosa	532.7192	660.044444444445	Erebidae	Ommatophora
Callidula attenuata	1113.8181	819	Callidulidae	Callidula
Parectropis subflava	1412.0131	1799.21052631579	Geometridae	Parectropis
Circobotys aurealis	717.95496	377.083333333333	Crambidae	Circobotys
Orthaga olivacea	483.32324	412.2	Pyralidae	Orthaga
Trisuloides sericea	1041.0635	646.586206896552	Noctuidae	Trisuloides
Pingasa ruginaria pacifica	823.824	402.645161290323	Geometridae	Pingasa
Paralebeda femorata mirabilis	543.3807	653	Lasiocampidae	Paralebeda
Amblychia moltrechti	1538.1033	2214.5	Geometridae	Amblychia
Asota egens indica	449.67523	424.687943262412	Erebidae	Asota
Comibaena cassidara	663.994	585.5	Geometridae	Comibaena
Monocerotesa virgata	795.9356	1037.2	Geometridae	Monocerotesa
Mecodina albodentata	470.43533	268.487804878049	Erebidae	Mecodina
Stauropus alternus alternus	1241.1161	302.666666666667	Notodontidae	Stauropus
Catoria sublavaria	1443.6414	394.416666666667	Geometridae	Catoria
Protarchella nivis	211.1507	1283.66666666667	Tortricidae	Protarchella
Sypnoides pannosa	1243.292	1363.33333333333	Erebidae	Sypnoides
Bombyx mandarina formosana	652.7022	383.558823529412	Bombycidae	Bombyx
Xanthorhoe saturata	1324.2605	368.186046511628	Geometridae	Xanthorhoe
Herochroma baibarana	823.20953	692.692307692308	Geometridae	Herochroma
Spaniocentra hollowayi	828.90985	534.818181818182	Geometridae	Spaniocentra
Syntypistis pallidifascia pallidifascia	810.02264	750	Notodontidae	Syntypistis
Epipsestis nikkoensis	1378.9727	2300	Drepanidae	Epipsestis
Narosoideus flavidorsalis	796.5756	678.175	Limacodidae	Narosoideus
Apithecia viridata wilemani	1296.7487	2167.875	Geometridae	Apithecia
Chalciope mygdon	526.80646	310.857142857143	Erebidae	Chalciope
Pterotosoma castanea	1433.495	797.933333333333	Uraniidae	Pterotosoma
Cifuna locuples	770.1114	1002	Erebidae	Cifuna
Narosoideus vulpinus	651.38257	508.941176470588	Limacodidae	Narosoideus
Blenina quinaria	846.54877	1413.97222222222	Nolidae	Blenina
Lixa productalis taiwana	633.5504	289.25	Pyralidae	Lixa
Sophta diplochorda	510.8734	517.166666666667	Erebidae	Sophta
Agrotis ipsilon	881.286	804.69696969697	Noctuidae	Agrotis
Blenina senex	758.71936	1285	Nolidae	Blenina
Ocoelophora lentiginosaria festa	512.8966	397	Geometridae	Ocoelophora
Nyctemera carissima formosana	602.3819	502.854545454546	Erebidae	Nyctemera
Trigonodes hyppasia	655.41156	168.473684210526	Erebidae	Trigonodes
Callyna semivitta	530.2233	693.190476190476	Noctuidae	Callyna
Paracrama angulata	660.8876	746.777777777778	Nolidae	Paracrama
Lophoruza lunifera	1015.56866	322.090909090909	Erebidae	Lophoruza
Bocula xanthostola	928.04803	496.266666666667	Erebidae	Bocula
Herochroma cristata	862.7301	383.25	Geometridae	Herochroma
Setora postornata	798.35516	334.642857142857	Limacodidae	Setora
Endotricha mesenterialis	584.73987	335.285714285714	Pyralidae	Endotricha
Condica illecta	617.59753	429.75	Noctuidae	Condica
Cyclodes omma	495.20712	397.444444444445	Noctuidae	Cyclodes
Clavipalpula aurariae formosana	979.6355	2165.6875	Noctuidae	Clavipalpula
Pygospila tyres	492.60205	1353.41666666667	Crambidae	Pygospila
Lophobates ochrolaria	1730.133	1563.18181818182	Geometridae	Lophobates
Langia zenzeroides formosana	1217.5565	1169.0625	Sphingidae	Langia
Demopsestis formosana	1432.473	2091	Drepanidae	Demopsestis
Heortia vitessoides	601.3586	376.277777777778	Crambidae	Heortia
Disparia wilemani	1254.7854	790.333333333333	Notodontidae	Disparia
Trichoplites albimaculosa	2057.4104	2300	Geometridae	Trichoplites
Polyphagozerra coffeae	793.1641	398.3	Cossidae	Polyphagozerra
Barsine fuscozonata	1030.6895	1635.51351351351	Erebidae	Barsine
Epipsestis dubia chengshinglini	1137.4879	2286.8	Drepanidae	Epipsestis
Chloroclystis rubroviridis	1240.8168	1874.66666666667	Geometridae	Chloroclystis
Ecliptopera delecta	1142.1052	1116.44444444444	Geometridae	Ecliptopera
Percnia longitermen	904.8642	692.533333333333	Geometridae	Percnia
Anacronicta nitida	740.37933	1293.5	Noctuidae	Anacronicta
Auchmis inextricata	1295.4039	2117.28571428571	Noctuidae	Auchmis
Biston perclara	604.54694	649.241379310345	Geometridae	Biston
Timandra convectaria	495.41208	371.307692307692	Geometridae	Timandra
Eublemma terminimaculata	813.0536	481	Erebidae	Eublemma
Nola fasciata	500.3071	295.25	Nolidae	Nola
Lassaba parvalbidaria parvalbidaria	1535.257	1660.69411764706	Geometridae	Lassaba
Alcis admissaria undularia	1357.0897	1815.39534883721	Geometridae	Alcis
Euproctis sericea	1126.3268	1832.36363636364	Erebidae	Euproctis
Ernolatia moorei	992.6105	338	Bombycidae	Ernolatia
Acolutha pictaria imbecilla	1097.7211	1144.25	Geometridae	Acolutha
Catocala wushensis	701.1807	2199	Erebidae	Catocala
Spodoptera litura	1023.5137	476.313725490196	Noctuidae	Spodoptera
Phalerodonta manleyi formosana	1020.9509	1164.4	Notodontidae	Phalerodonta
Tochara creberrima	503.54132	291.714285714286	Erebidae	Tochara
Herochroma supraviridaria	848.99817	1753	Geometridae	Herochroma
Amblychia angeronaria	841.82446	430.428571428571	Geometridae	Amblychia
Togaritensha curvilinea curvilinea	1354.6774	2197.125	Notodontidae	Togaritensha
Thyatira batis formosicola	607.9514	426.2	Drepanidae	Thyatira
Notonagemia analis gressitti	595.6452	632.384615384615	Sphingidae	Notonagemia
Glauconoe deductalis	545.92773	387.142857142857	Crambidae	Glauconoe
Blasticorhinus ussuriensis	577.64325	1002	Erebidae	Blasticorhinus
Calliteara grotei horishanella	1034.7247	757.8	Erebidae	Calliteara
Acontia olivacea	571.39667	822	Noctuidae	Acontia
Semidonta kosemponica	898.25806	843	Notodontidae	Hyperaeschrella
Gnophos caenosa	996.68555	1240	Geometridae	Gnophos
Hyposemansis singha	498.97177	100	Erebidae	Hyposemansis
Sesamia nigropunctata	903.8849	363.3	Noctuidae	Sesamia
Plusiopalpa adrasta shisa	1074.4982	906.666666666667	Noctuidae	Plusiopalpa
Oruza semilux	750.81647	132.25	Erebidae	Oruza
Medama diplaga	800.3255	769.454545454546	Erebidae	Medama
Hippotion velox	588.9844	1236.46153846154	Sphingidae	Hippotion
Asota plana lacteata	630.63586	396.142857142857	Erebidae	Asota
Allodontoides tenebrosa	968.0788	397.294117647059	Notodontidae	Allodontoides
Hypena indicatalis	648.25726	490	Erebidae	Hypena
Arcte coerula	832.5321	1136	Noctuidae	Arcte
Rhagastis binoculata	583.59863	462.939024390244	Sphingidae	Rhagastis
Hypocala subsatura	649.87915	1090.89393939394	Erebidae	Hypocala
Xyleutes strix	455.1008	311.08	Cossidae	Xyleutes
Pseudabraxas taiwana	1066.5183	1112	Geometridae	Pseudabraxas
Amplypterus mansoni takamukui	850.33167	809.375	Sphingidae	Amplypterus
Spilarctia wilemani	708.8699	946.913043478261	Erebidae	Spilarctia
Spilarctia subcarnea	730.15784	229.013513513514	Erebidae	Spilarctia
Psilalcis albibasis	861.07355	1738.3125	Geometridae	Psilalcis
Tarsolepis japonica	714.53125	766.121212121212	Notodontidae	Tarsolepis
Gonodontis pallida	1085.3147	685.4375	Geometridae	Gonodontis
Metallaxis semiustus	810.3492	448.333333333333	Geometridae	Metallaxis
Aroana baliensis	891.2082	471.571428571429	Erebidae	Aroana
Hemipsilia coavestis	786.5886	2218.89473684211	Erebidae	Hemipsilia
Lygniodes hypoleuca	1111.7141	907	Erebidae	Lygniodes
Diphtherocome pulchra	1003.29474	1705.22580645161	Noctuidae	Diphtherocome
Martania taiwana	1229.2275	2289.88888888889	Geometridae	Martania
Satoblephara owadai	1123.4064	1104.14285714286	Geometridae	Satoblephara
Corgatha tornalis	644.6304	173.5	Erebidae	Corgatha
Zanclopera falcata	521.3269	393.702127659574	Geometridae	Zanclopera
Danielithosia immaculata	470.82388	423.666666666667	Erebidae	Danielithosia
Herpetogramma luctuosalis	507.22168	483.620689655172	Crambidae	Herpetogramma
Pareclipsis umbrata	306.4947	722.375	Geometridae	Pareclipsis
Norracoides basinotata	898.7971	300.454545454545	Notodontidae	Norracoides
Alcis semiusta	1348.1436	2191.42424242424	Geometridae	Alcis
Checupa stegeri	889.5802	1803.09090909091	Noctuidae	Checupa
Perinaenia mingchyrica	891.3495	1737.625	Erebidae	Perinaenia
Avatha bipartita	512.69366	244.523809523809	Erebidae	Avatha
Micronidia intermedia	1500.6835	2289.6	Geometridae	Micronidia
Tamba taiwana	935.4922	2064.6	Erebidae	Tamba
Marumba cristata bukaiana	752.1491	963.333333333333	Sphingidae	Marumba
Oreta fuscopurpurea	793.5278	687.967741935484	Drepanidae	Oreta
Pseudosphetta moorei	633.6612	389.285714285714	Erebidae	Pseudosphetta
Garudinia bimaculata	614.0836	277.809523809524	Erebidae	Garudinia
Ectropis bhurmitra	1049.7477	298.842105263158	Geometridae	Ectropis
Jodis sp	860.56433	1443	Geometridae	Jodis
Horipsestis aenea aenea	1008.0825	700.818181818182	Drepanidae	Horipsestis
Hypena cervinalis	1535.4552	1541.75	Erebidae	Hypena
Phlogophora albovittata	1002.95825	1749.59259259259	Noctuidae	Phlogophora
Trisuloides sugii	1471.6321	670	Noctuidae	Trisuloides
Tyloptera bella ogatai	1591.7445	1479.5	Geometridae	Tyloptera
Loepa formosensis	1228.8079	1122.30769230769	Saturniidae	Loepa
Oreta insignis	837.49927	687.757575757576	Drepanidae	Oreta
Thyas coronata	536.02747	893.105263157895	Erebidae	Thyas
Blenina chlorophila	660.1988	1561.5	Nolidae	Blenina
Ctenoplusia placida	1231.4832	1072	Noctuidae	Ctenoplusia
Chorodna creataria	880.2764	674.172839506173	Geometridae	Chorodna
Nausinoe perspectata	572.56714	369.424242424242	Crambidae	Nausinoe
Neopheosia fasciata fasciata	926.116	992.333333333333	Notodontidae	Neopheosia
Hyblaea puera	462.84042	514	Hyblaeidae	Hyblaea
Pida postalba	643.0724	2085.875	Erebidae	Pida
Locharna strigipennis	776.3487	554.162162162162	Erebidae	Locharna
Siccia taiwana	627.20465	772	Erebidae	Siccia
Panilla dispila	579.287	294.571428571429	Erebidae	Panilla
Metabraxas rubrotincta	1380.9574	1195.5	Geometridae	Metabraxas
Hulodes caranea	694.9797	407.222222222222	Erebidae	Hulodes
Olulis puncticinctalis	566.76904	197.444444444444	Erebidae	Olulis
Acronicta denticulata pernivea	1668.929	1290.75	Noctuidae	Acronicta
Timandra extremaria	500.73257	490.466666666667	Geometridae	Timandra
Mythimna radiata	1465.8182	1625.57142857143	Noctuidae	Mythimna
Scopelodes contractus	580.6457	359.857142857143	Limacodidae	Scopelodes
Eudocima okurai	635.4837	414.5	Erebidae	Eudocima
Ambulyx sericeipennis	815.1043	666.818181818182	Sphingidae	Ambulyx
Aroa substrigosa	578.7006	250.150943396226	Erebidae	Aroa
Botyodes diniasalis	662.76154	404.5	Crambidae	Botyodes
Fascionycta fasciata	790.7154	724.206896551724	Noctuidae	Fascionycta
Ctenoplusia adiaphora	896.08453	1732	Noctuidae	Ctenoplusia
Psilalcis breta rantaizana	813.50745	455.776315789474	Geometridae	Psilalcis
Syllepte taiwanalis	575.66187	316.410714285714	Crambidae	Syllepte
Sewa taiwana	1837.7977	2010.5	Drepanidae	Sewa
Arichanna sinica refracta	1762.0004	2276.75	Geometridae	Arichanna
Habrosyne pterographa	1043.6334	2054.6	Drepanidae	Habrosyne
Ctenoplusia agnata	651.5627	1127.5	Noctuidae	Ctenoplusia
Lophophelma iterans onerosus	787.7012	598.293103448276	Geometridae	Lophophelma
Hampsonella arizana	1188.5607	1341.125	Limacodidae	Hampsonella
Spodoptera exigua	866.5261	1550.5	Noctuidae	Spodoptera
Comibaena procumbaria	700.26495	340.347826086956	Geometridae	Comibaena
Sesamia inferens	700.5704	411.333333333333	Noctuidae	Sesamia
Monema rubriceps	408.9861	348.756756756757	Limacodidae	Monema
Ilema kosemponica	576.3096	633.424242424242	Erebidae	Ilema
Ercheia umbrosa	651.35095	1542.09523809524	Erebidae	Ercheia
Parabapta unifasciata	702.60254	1409.27272727273	Geometridae	Parabapta
Physetobasis dentifascia triangulifera	1147.4021	1135.1	Geometridae	Physetobasis
Miltochrista convexa	803.74817	398.928571428571	Erebidae	Miltochrista
Eoophyla conjunctalis	558.5034	602.703703703704	Crambidae	Eoophyla
Parasa pastoralis	502.04395	240.5	Limacodidae	Parasa
Paramaxates taiwana	1071.5825	1547.5	Geometridae	Paramaxates
Ecliptopera umbrosaria stathera	726.3197	410.5	Geometridae	Ecliptopera
Nemophora ahenea	768.9308	134	Adelidae	Nemophora
Lipomelia subusta	560.00543	839.333333333333	Geometridae	Lipomelia
Hypena cyanea	627.23193	1217.2	Erebidae	Hypena
Lithopolia confusa confusa	1191.0029	1420	Noctuidae	Lithopolia
Calicha griseoviridata	1294.7308	1712.5	Geometridae	Calicha
Sphragifera sigillata taimacula	629.8917	1351.33333333333	Noctuidae	Sphragifera
Callopistria deflexusa	1083.0426	746	Noctuidae	Callopistria
Rachia lineata	1191.8507	1670.71428571429	Notodontidae	Rachia
Mithuna arizana	561.313	1019.64705882353	Erebidae	Mithuna
Harpyia microsticta baibarana	1006.84143	1004	Notodontidae	Harpyia
Ourapteryx caecata	2059.9512	2178	Geometridae	Ourapteryx
Mythimna sinuosa	1388.9355	1526.36842105263	Noctuidae	Mythimna
Ectropis excellens	1586.3119	550.222222222222	Geometridae	Ectropis
Ourapteryx yerburii virescens	1376.2253	749.888888888889	Geometridae	Ourapteryx
Euproctis croceola	562.20276	1313.5	Erebidae	Euproctis
Trilocha varians	548.3925	98.8518518518518	Bombycidae	Trilocha
Psilalcis pulveraria	844.6152	609.318181818182	Geometridae	Psilalcis
Metaemene atrigutta	659.53705	270.9	Erebidae	Metaemene
Comostola pyrrhogona	603.3924	745.333333333333	Geometridae	Comostola
Agrius convolvuli	627.3345	770	Sphingidae	Agrius
Gymnasura semilutea	427.17166	1230.57142857143	Erebidae	Gymnasura
Eucyclodes gavissima aphrodite	779.54694	1977.5	Geometridae	Eucyclodes
Paliga celatalis	530.33606	755	Crambidae	Paliga
Orybina flaviplaga	944.9944	1390	Pyralidae	Orybina
Organopoda carnearia carnearia	928.7728	1139.93333333333	Geometridae	Organopoda
Ganisa formosicola	1164.309	751.2	Eupterotidae	Ganisa
Brunia antica	941.03827	317.363636363636	Erebidae	Brunia
Hypersypnoides formosensis	1283.3468	1716.71428571429	Erebidae	Hypersypnoides
Euplexia chlorerythra	2181.4387	2138.75	Noctuidae	Euplexia
Lophoptera hemithyris	692.4612	416.230769230769	Euteliidae	Lophoptera
Paracymoriza nigra	513.1816	372.333333333333	Crambidae	Paracymoriza
Callopistria repleta	1009.31354	1354.38461538462	Noctuidae	Callopistria
Comibaena pictipennis pictipennis	1458.7413	1999.5	Geometridae	Comibaena
Moma abbreviata	889.5707	810.833333333333	Noctuidae	Moma
Dipterygina cupreotincta	893.925	923.15	Noctuidae	Dipterygina
Nishada formosibia	817.3429	332	Erebidae	Nishada
Dindica kishidai	985.9625	1014.64705882353	Geometridae	Dindica
Botyodes caldusalis	593.38965	466.125	Crambidae	Botyodes
Harpyia formosicola	1200.9952	1736.6	Notodontidae	Harpyia
Adrapsa quadrilinealis	354.98975	274.76	Erebidae	Adrapsa
Eumeta pryeri	801.9111	398.782608695652	Psychidae	Eumeta
Nordstromia semililacina	1118.7877	1672.02857142857	Drepanidae	Nordstromia
Batracharta divisa	739.7865	1206.125	Erebidae	Batracharta
Blasticorhinus bifasciata	754.79114	1152.83333333333	Erebidae	Blasticorhinus
Discoglypha locupletata	1168.1919	1380.07142857143	Geometridae	Discoglypha
Krananda oliveomarginata	723.29205	515	Geometridae	Krananda
Thalassodes sp	753.1319	784.25	Geometridae	Thalassodes
Macrocilix mysticata flavotincta	1168.2458	1584.16666666667	Drepanidae	Macrocilix
Neohipparchus vallata	1064.1993	1013.11111111111	Geometridae	Neohipparchus
Epipsestis meilingchani	1515.8408	2268.85714285714	Drepanidae	Epipsestis
Oruza albigutta	324.614	278.5	Erebidae	Oruza
Westermannia elliptica elliptica	850.44507	360.303571428572	Nolidae	Westermannia
Oroplema oyamana	840.38495	1985.57142857143	Uraniidae	Oroplema
Phazaca theclatus	594.7803	245	Uraniidae	Phazaca
Asota caricae	513.32605	526.05	Erebidae	Asota
Krananda latimarginaria	674.0173	493.142857142857	Geometridae	Krananda
Conilepia nigricosta paiwan	761.86304	429.72	Erebidae	Conilepia
Tridrepana arikana	955.7581	793.172413793103	Drepanidae	Tridrepana
Macroglossum mitchellii imperator	1612.0059	1598.44444444444	Sphingidae	Macroglossum
Synegiodes histrionaria ornata	896.33887	1676.57142857143	Geometridae	Synegiodes
Problepsis albidior matsumurai	797.6548	677.8125	Geometridae	Problepsis
Dactylioglypha tonica	594.50183	262.5	Tortricidae	Dactylioglypha
Mythimna albomarginata rubea	1258.0377	969.608695652174	Noctuidae	Mythimna
Nechesia albodentata	564.6969	273.666666666667	Erebidae	Nechesia
Polyptychus chinensis	1180.7488	799.333333333333	Sphingidae	Polyptychus
Apospasta rantaizanensis	1139.5278	1692.5	Noctuidae	Apospasta
Paracolax pryeri	913.4599	846.8	Erebidae	Paracolax
Stauropus teikichiana teikichiana	1159.7953	811.8	Notodontidae	Stauropus
Lophoptera nama	1254.5406	408.333333333333	Euteliidae	Lophoptera
Hypena bicoloralis	567.56134	1040	Erebidae	Hypena
Callopistria guttulalis	611.4229	298.6	Noctuidae	Callopistria
Comibaena delicatior	1195.3102	749.833333333333	Geometridae	Comibaena
Agrioglypta itysalis	547.072	295.677966101695	Crambidae	Agrioglypta
Callopistria japonibia	538.48553	264.9	Noctuidae	Callopistria
Tyana falcata	609.98303	1554.5	Nolidae	Tyana
Panthea grisea	1372.1061	1824	Noctuidae	Panthea
Warreniplema fumicosta	875.60645	796	Uraniidae	Warreniplema
Calliteara lunulata takamukuana	992.4523	761.5	Erebidae	Calliteara
Pilipectus taiwanus	1013.58746	2019.42857142857	Erebidae	Pilipectus
Pantana ochripalpis	1402.8226	528.727272727273	Erebidae	Pantana
Dypterygia subfusca	832.85187	1262.75	Noctuidae	Dypterygia
Bertula kosemponica	554.1628	377.2	Erebidae	Bertula
Hypena tristalis	1224.9951	1533.9	Erebidae	Hypena
Tyspanodes hypsalis	561.6578	618.7	Crambidae	Tyspanodes
Rotunda rotundapex	1170.2004	1220	Bombycidae	Rotunda
Karana gemmifera	872.8348	1844.4	Noctuidae	Karana
Progonia oileusalis	467.50497	212.8	Erebidae	Progonia
Prochasma dentilinea	1131.183	1975.58333333333	Geometridae	Prochasma
Lophophleps purpurea	839.62823	256.111111111111	Geometridae	Lophophleps
Pericyma cruegeri	684.47455	311.666666666667	Erebidae	Pericyma
Euproctis purpureofasciata	879.56274	2024.55	Erebidae	Euproctis
Xenoplia trivialis	1261.2513	1406.09523809524	Geometridae	Xenoplia
Plusiodonta coelonota	582.4047	334.029411764706	Erebidae	Plusiodonta
Tanaoctenia haliaria	1799.1893	1812.02564102564	Geometridae	Tanaoctenia
Lyclene acteola	650.19	643.588235294118	Erebidae	Lyclene
Machaeropteris petalacma	790.38635	1799	Tineidae	Machaeropteris
Stenia charonialis	464.22745	148	Crambidae	Stenia
Narangodes confluens	860.3783	1341.88235294118	Nolidae	Narangodes
Lophoptera longipennis	1868.916	1997.08333333333	Euteliidae	Lophoptera
Ourapteryx ramosa	1476.2948	2062.27272727273	Geometridae	Ourapteryx
Calguia defiguralis	663.56805	588.666666666667	Pyralidae	Calguia
Chiasmia inchoata	720.2554	513.777777777778	Geometridae	Chiasmia
Rikiosatoa fucataria	1135.5376	2070	Geometridae	Rikiosatoa
Rivula basalis	403.99704	852.333333333333	Erebidae	Rivula
Hypena taiwana	571.9332	697.428571428571	Erebidae	Hypena
Oreta loochooana	858.3635	1025.75	Drepanidae	Oreta
Neogurelca hyas	508.17426	228.5	Sphingidae	Neogurelca
Eospilarctia nehallenia baibarensis	986.80273	2013.5	Erebidae	Eospilarctia
Arichanna pryeraria	1299.034	1858.86666666667	Geometridae	Arichanna
Lemyra imparilis	384.3169	450.111111111111	Erebidae	Lemyra
Menophra anaplagiata	1046.5875	1124.72222222222	Geometridae	Menophra
Nyctycia endoi endoi	1639.5543	2149.5	Noctuidae	Nyctycia
Chiasmia monticolaria notia	857.54926	673.75	Geometridae	Chiasmia
Daddala lucilla	922.99023	1315.40707964602	Erebidae	Daddala
Tethea consimilis c-album	1317.418	1595.54545454545	Drepanidae	Tethea
Lymantria xylina xylina	639.64215	353.4	Erebidae	Lymantria
Mythimna subplacida	1262.0082	459.235294117647	Noctuidae	Mythimna
Artena dotata	582.9068	543.901408450704	Erebidae	Artena
Anuga multiplicans	740.58746	637.333333333333	Euteliidae	Anuga
Condica serva	558.7498	330.615384615385	Noctuidae	Condica
Mosopia punctilinea	456.76578	544.481481481482	Erebidae	Mosopia
Pseudocollix hyperythra catalalia	556.5466	610.666666666667	Geometridae	Pseudocollix
Camptomastix hisbonalis	577.6473	560.255319148936	Crambidae	Camptomastix
Syntomoides imaon	690.6743	383.117647058823	Erebidae	Syntomoides
Alcis nubeculosa	1196.319	2040.85714285714	Geometridae	Alcis
Hydrillodes gravatalis	461.45697	295.923076923077	Erebidae	Hydrillodes
Oberthueria formosibia	1310.4054	1419.3125	Endromidae	Oberthueria
Prismosticta fenestrata	817.9934	1095.46666666667	Endromidae	Prismosticta
Pogonopygia nigralbata	956.93494	668.866666666667	Geometridae	Pogonopygia
Diarsia canescens	1368.2408	1518.8	Noctuidae	Diarsia
Paradarisa chloauges chloauges	848.197	1206.42105263158	Geometridae	Paradarisa
Dindica purpurata	1106.0375	796.347826086957	Geometridae	Dindica
Rusicada privata	603.6813	829.833333333333	Erebidae	Rusicada
Eucyclodes lalashana	776.4206	1896	Geometridae	Eucyclodes
Syntomaula simulatella	743.76245	245	Cosmopterigidae	Syntomaula
Parobeidia gigantearia marginifascia	934.1956	1790.18181818182	Geometridae	Parobeidia
Agrotis taiwana	1331.8201	1947.85714285714	Noctuidae	Agrotis
Arichanna marginata	1146.6543	985.727272727273	Geometridae	Arichanna
Perizoma fasciaria	810.52295	483.384615384615	Geometridae	Perizoma
Stauropus sikkimensis lushanus	984.9678	1945	Notodontidae	Stauropus
Pylargosceles steganioides limbaria	847.64014	348.333333333333	Geometridae	Pylargosceles
Trabala vishnou guttata	793.07404	877.722222222222	Lasiocampidae	Trabala
Plecoptera siderogramma	1130.377	609.111111111111	Erebidae	Plecoptera
Lamida obscura	416.2828	640.785714285714	Pyralidae	Lamida
Areas galactina formosana	648.96985	585.5	Erebidae	Areas
Hyalobole kononenkoi	1277.6603	2287	Noctuidae	Hyalobole
Dysaethria flavistriga	1136.8524	384.142857142857	Uraniidae	Dysaethria
Isocentris filalis	426.48672	299.470588235294	Crambidae	Isocentris
Ericeia pertendens	628.951	895	Erebidae	Ericeia
Tridrepana unispina	1045.0571	864.611111111111	Drepanidae	Tridrepana
Piletocera aegimiusalis	501.68216	426.529411764706	Crambidae	Piletocera
Sypnoides chinensis	1389.7598	2098.33333333333	Erebidae	Sypnoides
Mecodina subcostalis	604.2236	1185.52941176471	Erebidae	Mecodina
Ctenoplusia furcifera furcifera	1237.6846	658.2	Noctuidae	Ctenoplusia
Syntypistis cyanea cyanea	863.2454	528.617021276596	Notodontidae	Syntypistis
Hemistola orbiculosa	632.15894	817.333333333333	Geometridae	Hemistola
Lyclene mediobliqua	446.80795	1900	Erebidae	Lyclene
Diarsia subtincta	919.702	1821.5	Noctuidae	Diarsia
Harutalcis fumigata	1527.1802	1848.65714285714	Geometridae	Harutalcis
Teulisna tumida	737.6003	989.272727272727	Erebidae	Teulisna
Pleuroptya balteata	405.68658	479	Crambidae	Pleuroptya
Spodoptera mauritia acronyctoides	456.66702	1122.2	Noctuidae	Spodoptera
Conistra takasago	2264.3345	1950.66666666667	Noctuidae	Conistra
Cephena costata	597.5923	380	Erebidae	Cephena
Eumelea ludovicata	801.87115	304.901960784314	Geometridae	Eumelea
Drepana pallida nigromaculata	1442.7249	1273.88235294118	Drepanidae	Drepana
Pingasa alba alba	688.57117	57.6666666666667	Geometridae	Pingasa
Idaea sugillata	1095.6292	1963	Geometridae	Idaea
Notodonta griseotincta	1292.4631	1906.56140350877	Notodontidae	Notodonta
Mythimna pallidicosta	1541.9111	1101.5	Noctuidae	Mythimna
Hypena perspicua	765.3527	1283.34285714286	Erebidae	Hypena
Potnyctycia taiwana	1012.1714	1018	Noctuidae	Potnyctycia
Dipterygina indica	794.92786	1089.57142857143	Noctuidae	Dipterygina
Agnidra scabiosa fixseni	694.8369	1209.2	Drepanidae	Agnidra
Calyptra orthograpta	640.7238	757.642857142857	Erebidae	Calyptra
Amsactoides solitaria	992.99457	391.428571428571	Erebidae	Amsactoides
Ischyja manlia	812.3281	1034.94117647059	Erebidae	Ischyja
Vamuna alboluteora	864.22394	1348.55102040816	Erebidae	Vamuna
Corymica pryeri	808.4002	988.782608695652	Geometridae	Corymica
Corymica arnearia	476.5299	694.75	Geometridae	Corymica
Nola lucidalis nephodes	419.6769	253.25	Nolidae	Nola
Syntypistis subgeneris subgeneris	978.86206	522.1	Notodontidae	Syntypistis
Opisthograptis moelleri	1002.31805	1714.07142857143	Geometridae	Opisthograptis
Tyspanodes striata	640.92303	902.947368421053	Crambidae	Tyspanodes
Euplexidia pallidivirens	778.1984	2115.84615384615	Noctuidae	Euplexidia
Arasada pyraliformis	516.4761	277.444444444444	Erebidae	Arasada
Stenia minoralis	609.5688	430.5	Crambidae	Stenia
Choreutis amethystodes	538.9903	175.5	Choreutidae	Choreutis
Hysteroscene hyalina	475.5896	570.444444444444	Zygaenidae	Hysteroscene
Chrysodeixis minutus	749.2335	469.5	Noctuidae	Chrysodeixis
Oraesia excavata	915.14	614.857142857143	Erebidae	Oraesia
Gandaritis sinicaria postalba	1832.9669	1383.66666666667	Geometridae	Gandaritis
Acronicta pruinosa	944.6119	956.1	Noctuidae	Acronicta
Chrysodeixis taiwani	940.28143	1430.09090909091	Noctuidae	Chrysodeixis
Athetis stellata	674.64923	788.133333333333	Noctuidae	Athetis
Hyposidra talaca talaca	494.953	335.537572254335	Geometridae	Hyposidra
Hoplodrina implacata	967.699	2173.2	Noctuidae	Hoplodrina
Naxidia punctata	1452.0046	1762.22222222222	Geometridae	Naxidia
Andraca yauichui	1369.3403	2100.75	Endromidae	Andraca
Lophoruza pulcherrima	475.56097	333.307692307692	Erebidae	Lophoruza
Luxiaria amasa amasa	852.41785	1602.8	Geometridae	Luxiaria
Leucinodes apicalis	727.09845	1004	Crambidae	Leucinodes
Carea internifusca	734.2421	703.857142857143	Nolidae	Carea
Hypocala deflorata	657.19086	962.837209302326	Erebidae	Hypocala
Nudaria ranruna	543.3485	1170.33333333333	Erebidae	Nudaria
Mythimna nigrilinea	957.36456	100.6	Noctuidae	Mythimna
Aedia lichenea	617.1711	422.666666666667	Noctuidae	Aedia
Conistra anonyma	2206.7854	2141.75	Noctuidae	Conistra
Auaxa cesadaria	1541.9509	2004	Geometridae	Auaxa
Metaphoenia plagifera	800.80963	307.666666666667	Erebidae	Metaphoenia
Asota tortuosa	719.55426	1476.75	Erebidae	Asota
Paradarisa comparataria rantaizanensis	1781.3667	2095	Geometridae	Paradarisa
Arna bipunctapex	525.6455	228.4	Erebidae	Arna
Fodina contigua	408.9029	284.458333333333	Erebidae	Fodina
Eublemma quadrapex	536.05676	481.789473684211	Erebidae	Eublemma
Mnesiloba dentifascia	554.00507	727.5	Geometridae	Mnesiloba
Hydrillodes lentalis	479.5404	448.111111111111	Erebidae	Hydrillodes
Barsine ponlai	559.1898	1507.33333333333	Erebidae	Barsine
Mythimna separata	903.8637	645.7	Noctuidae	Mythimna
Phalacra strigata insulicola	435.71942	419.5	Drepanidae	Phalacra
Eilema ratonis	692.1014	682.392156862745	Erebidae	Eilema
Schistophyle falcifera	876.7987	872.25	Geometridae	Schistophyle
Herminia grisealis	607.7316	1002	Erebidae	Herminia
Dudusa sphingiformis	504.88205	1810.5	Notodontidae	Dudusa
Tanaorhinus viridiluteata	944.04254	1090	Geometridae	Tanaorhinus
Aedia perdicipennis	710.50507	437.230769230769	Noctuidae	Aedia
Calesia dasypterus	482.24576	383.2	Erebidae	Calesia
Tambana subflava	1353.1262	1756.14285714286	Noctuidae	Tambana
Sympis rufibasis	558.40594	263.495049504951	Erebidae	Sympis
Ramesa albistriga	632.8607	264.142857142857	Notodontidae	Ramesa
Mecodina praecipua	443.80164	330	Erebidae	Mecodina
Hastina subfalcaria caeruleolineata	1546.5715	1993.14285714286	Geometridae	Hastina
Lebeda nobilis	696.8236	452.357142857143	Lasiocampidae	Lebeda
Alloasteropetes paradisea	826.87866	670	Noctuidae	Alloasteropetes
Laspeyria ruficeps	313.95758	450.5	Erebidae	Laspeyria
Orgyia postica	533.562	277.735294117647	Erebidae	Orgyia
Olene mendosa	660.8188	1114.46153846154	Erebidae	Olene
Nothoploca endoi	1541.6804	2203.375	Drepanidae	Nothoploca
Asota heliconia zebrina	519.80115	427.467866323907	Erebidae	Asota
Pseudomiza obliquaria	1206.7811	1110.25	Geometridae	Pseudomiza
Pachyodes subtrita	659.41864	573.647058823529	Geometridae	Pachyodes
Heterothera sororcula	1421.4341	2237.33333333333	Geometridae	Heterothera
Brevipecten consanguis	929.275	458.333333333333	Erebidae	Brevipecten
Odontopera bilinearia subarida	1085.2601	1856	Geometridae	Odontopera
Hypersypnoides punctosa	762.49744	1198.46666666667	Erebidae	Hypersypnoides
Anorthoa plumbeata	1540.9369	2187.3	Noctuidae	Anorthoa
Phazaca alikangensis	744.25665	330.368421052632	Uraniidae	Phazaca
Cypoides chinensis	753.4564	799.642857142857	Sphingidae	Cypoides
Yashmakia suffusa	776.23126	603	Geometridae	Yashmakia
Tanaorhinus formosana	704.02545	1371	Geometridae	Tanaorhinus
Garaeus specularis specularis	976.87476	1949	Geometridae	Garaeus
Hyposidra infixaria	671.541	157.37037037037	Geometridae	Hyposidra
Cleora contiguata contiguata	635.1407	532.6	Geometridae	Cleora
Sarcinodes yayeyamana	962.79974	596.464285714286	Geometridae	Sarcinodes
Zanclognatha nigrisigna	1043.8474	180.333333333333	Erebidae	Zanclognatha
Lista insulsalis	441.14297	622.769230769231	Pyralidae	Lista
Loxioda similis	611.0862	833.333333333333	Erebidae	Loxioda
Comostola laesaria	450.2129	407.454545454545	Geometridae	Comostola
Negeta signata	466.9296	531.176470588235	Nolidae	Negeta
Crypsiptya coclesalis	592.12134	291.125	Crambidae	Crypsiptya
Syntypistis perdix perdix	939.81274	1869.57142857143	Notodontidae	Syntypistis
Parapsestis argenteopicta taiwana	1265.1173	1972.6	Drepanidae	Parapsestis
Calliteara angulata	843.9842	726.6	Erebidae	Calliteara
Spilarctia subtestacea	657.3031	366.5	Erebidae	Spilarctia
Mocis frugalis	730.3046	203.325581395349	Erebidae	Mocis
Erebus ephesperis	875.4386	360.068965517241	Erebidae	Erebus
Maliattha separata	482.33694	421	Noctuidae	Maliattha
Parasa shirakii	600.63165	681.041666666667	Limacodidae	Parasa
Aethalura duplicata	1543.5269	1157	Geometridae	Aethalura
Botyodes asialis	462.4522	807.1875	Crambidae	Botyodes
Vanlangia castanea	672.8826	1071.28571428571	Limacodidae	Vanlangia
Miresa fulgida	747.6782	416.794117647059	Limacodidae	Miresa
Rachiades lichenicolor albimaculata	777.1068	1059.22222222222	Notodontidae	Rachiades
Ascotis selenaria imparata	764.4033	869.333333333333	Geometridae	Ascotis
Prorodes mimicus	412.08777	290.75	Crambidae	Prorodes
Bastilla maturata	512.73315	1507	Erebidae	Bastilla
Pareclipsis serrulata	461.14587	1222	Geometridae	Pareclipsis
Maxates glaucaria	1560.6394	2300	Geometridae	Maxates
Arichanna picaria	1509.9182	2198.41666666667	Geometridae	Arichanna
Nothomiza flavicosta	549.35284	1164.25	Geometridae	Nothomiza
Botyodes principalis	652.05676	1192.29411764706	Crambidae	Botyodes
Dendrolimus arizana	1157.5398	1859.54166666667	Lasiocampidae	Dendrolimus
Bertula hadenalis persimilis	677.52527	438.076923076923	Erebidae	Bertula
Herminia kurokoi	998.57965	437.642857142857	Erebidae	Herminia
Spilosoma fumida	1128.7408	1769.36842105263	Erebidae	Spilosoma
Metaemene hampsoni	501.80756	742.571428571429	Erebidae	Metaemene
Glyphodes chilka	445.31638	1230.33333333333	Crambidae	Glyphodes
Lomographa percnosticta	374.7839	630.181818181818	Geometridae	Lomographa
Diplopseustis perieresalis	642.1509	1095.5	Crambidae	Diplopseustis
Anectropis semifascia	1016.27924	1908.22222222222	Geometridae	Anectropis
Hydrillodes torsivena	827.30145	1512.64705882353	Erebidae	Hydrillodes
Analthes taihokualis	455.60303	324.09375	Crambidae	Analthes
Euproctis marginata insulata	745.3366	1923.76470588235	Erebidae	Euproctis
Hypatima spathota	402.50287	212.666666666667	Gelechiidae	Hypatima
Blavia scoteola	770.17096	330.909090909091	Erebidae	Blavia
Ctenoplusia albostriata	1206.2256	747.5	Noctuidae	Ctenoplusia
Idaea costiguttata	1042.2012	1003.11111111111	Geometridae	Idaea
Spilarctia sp	674.4028	1049.63636363636	Erebidae	Spilarctia
Ophiusa disjungens indiscriminata	581.5048	537.636363636364	Erebidae	Ophiusa
Anisoneura salebrosa	651.8455	495.5625	Erebidae	Anisoneura
Hymenia perspectalis	517.6021	312.8	Crambidae	Hymenia
Pyrosis ni	1671.6971	2011.28571428571	Lasiocampidae	Pyrosis
Cymatophoropsis formosana	1008.41187	1204.84615384615	Noctuidae	Cymatophoropsis
Lymantria sinica	698.6816	804.1	Erebidae	Lymantria
Danala lilacina	470.46176	578.8	Geometridae	Danala
Extremoplusia megaloba	655.8086	584	Noctuidae	Extremoplusia
Mesoptila melanolopha	1243.4829	2269.33333333333	Geometridae	Mesoptila
Rivula niveipuncta	399.59512	431	Erebidae	Rivula
Mocis annetta	862.6596	1004	Erebidae	Mocis
Ectropis arizanensis	1590.1749	1717.09090909091	Geometridae	Ectropis
Katha magnata magnata	742.50824	746.666666666667	Erebidae	Katha
Gadirtha inexacta	1158.0762	785.25	Nolidae	Gadirtha
Aurana vinaceella	440.37677	624.5	Pyralidae	Aurana
Mythimna decisissima	787.3592	820.625	Noctuidae	Mythimna
Cotachena pubescens	519.5663	911.363636363636	Crambidae	Cotachena
Tethea oberthueri taiwana	1490.0123	1519.79591836735	Drepanidae	Tethea
Xenotrachea albidisca pseudodisca	868.8933	624	Noctuidae	Xenotrachea
Antipercnia cordiforma	1091.1841	983	Geometridae	Antipercnia
Parasa consocia	688.9799	421.238095238095	Limacodidae	Parasa
Episparis taiwana	601.5551	523.615384615385	Erebidae	Episparis
Lemyra alikangensis	715.5276	453.725	Erebidae	Lemyra
Diarsia sinuosa	1418.5417	1527.6	Noctuidae	Diarsia
Hylophilodes esakii	760.8207	348	Nolidae	Hylophilodes
Pleuroptya quadrimaculalis	718.7479	629.272727272727	Crambidae	Pleuroptya
Acronicta intermedia	857.55444	785	Noctuidae	Acronicta
Uresiphita tricolor	754.6686	422.25	Crambidae	Uresiphita
Ischyja ferrifracta	649.73065	522.363636363636	Erebidae	Ischyja
Hypena lignealis	898.25525	1303.89473684211	Erebidae	Hypena
Axylia putris triseriata	1074.2903	1387.5	Noctuidae	Axylia
Dudusa nobilis	594.1821	611.235294117647	Notodontidae	Dudusa
Cosmophila lyona	439.49677	471.230769230769	Erebidae	Cosmophila
Ophthalmitis herbidaria	1233.0725	179.8	Geometridae	Ophthalmitis
Lomographa platyleucata marginata	1450.8782	1733	Geometridae	Lomographa
Dura alba	358.51352	542.666666666667	Erebidae	Dura
Euproctis pulverea	824.87646	2148.15384615385	Erebidae	Euproctis
Mythimna exsanguis	1781.5863	168.5	Noctuidae	Mythimna
Chusaris nigromaculata	652.1872	574.2	Erebidae	Chusaris
Strepsigonia diluta takamukui	1057.2166	408.666666666667	Drepanidae	Strepsigonia
Alcis taiwanovariegata	1173.0033	1396.84175084175	Geometridae	Alcis
Calliteara taiwana	959.58405	1320.375	Erebidae	Calliteara
Acosmeryx naga naga	860.2918	1164.19607843137	Sphingidae	Acosmeryx
Euproctis kanshireia	511.3381	347.8	Erebidae	Euproctis
Dudusa synopla	513.6316	483.666666666667	Notodontidae	Dudusa
Ghoria subpurpurea	1515.6218	2171.25	Erebidae	Ghoria
Paracymoriza cataclystalis	758.8474	1281.875	Crambidae	Paracymoriza
Herochroma ochreipicta	1009.7789	1714.85714285714	Geometridae	Herochroma
Entomogramma fautrix	817.76385	197	Erebidae	Entomogramma
Synegia pallens abeliae	451.7117	670	Geometridae	Synegia
Bradina aulacodialis	582.46625	1203.66666666667	Crambidae	Bradina
Cirrhochrista spissalis	582.8705	252.5	Crambidae	Cirrhochrista
Ditrigona conflexaria micronioides	790.60767	1112	Drepanidae	Ditrigona
Strepsinoma croesusalis	685.8926	222.8	Crambidae	Strepsinoma
Erebus gemmans	873.36237	1266.28571428571	Erebidae	Erebus
Creatonotos gangis	540.4012	142.388888888889	Erebidae	Creatonotos
Chiasmia eleonora	760.4643	750.483870967742	Geometridae	Chiasmia
Hypena longipennis	1105.6506	1487.93333333333	Erebidae	Hypena
Tridrepana flava flava	599.814	814	Drepanidae	Tridrepana
Pyrinioides sinuosus	804.01416	625.531914893617	Thyrididae	Pyrinioides
Eudocima homaena	955.5583	597.8	Erebidae	Eudocima
Spilarctia tienmushana werneri	725.8201	617.111111111111	Erebidae	Spilarctia
Menophra nakajimai	1118.6039	1811.33333333333	Geometridae	Menophra
Blasticorhinus rivulosa	570.77216	307.764705882353	Erebidae	Blasticorhinus
Cyana hamata hamata	1230.2501	502	Erebidae	Cyana
Barsine sauteri	801.2172	538.467391304348	Erebidae	Barsine
Euproctis magna	909.77765	918.857142857143	Erebidae	Euproctis
Ziridava kanshireiensis	699.0234	547.892857142857	Geometridae	Ziridava
Bocula caradrinoides	451.84357	1088.36363636364	Erebidae	Bocula
Loxaspilates arrizanaria	1912.7745	2295.66666666667	Geometridae	Loxaspilates
Lemyra wernerthomasi	1390.915	2155.25	Erebidae	Lemyra
Ninodes splendens	413.04633	1148	Geometridae	Ninodes
Calliteara postfusca	839.5097	1292.05714285714	Erebidae	Calliteara
Aglaomorpha histrio formosana	852.8879	482.375	Erebidae	Aglaomorpha
Avitta taiwana	974.9926	1854.4	Erebidae	Avitta
Theretra nessus	738.6973	959.5	Sphingidae	Theretra
Nyctemera adversata	971.9357	610.352941176471	Erebidae	Nyctemera
Chytonix costimacula	381.5961	442	Noctuidae	Chytonix
Eospilarctia formosana	1162.2928	2278.625	Erebidae	Eospilarctia
Pangrapta trilineata	430.12372	503	Erebidae	Pangrapta
Discoglypha hampsoni	443.10037	1727	Geometridae	Discoglypha
Horithyatira decorata takamukui	1327.4838	1761.475	Drepanidae	Horithyatira
Myrioblephara simplaria simplaria	1181.6207	1628.9	Geometridae	Myrioblephara
Maruca amboinalis	984.7206	509.714285714286	Crambidae	Maruca
Taicallimorpha albipuncta	1138.1465	2280.33333333333	Erebidae	Taicallimorpha
Xanthorhoe mediofascia	2324.1433	2317	Geometridae	Xanthorhoe
Epobeidia lucifera extranigricans	1435.7711	1839.35	Geometridae	Epobeidia
Zanclognatha nakatomii	482.00336	102.8	Erebidae	Zanclognatha
Psyra spurcataria	1338.1669	2092.10526315789	Geometridae	Psyra
Ceratarcha umbrosa	460.03027	431.627450980392	Crambidae	Ceratarcha
Odontopera albiguttulata	1209.9388	1947.20588235294	Geometridae	Odontopera
Paracymoriza vagalis	486.9261	224.428571428571	Crambidae	Paracymoriza
Cyana sanguinea	771.8723	789.714285714286	Erebidae	Cyana
Eutrogia morosa	779.9466	397.190476190476	Erebidae	Eutrogia
Hypospila bolinoides	516.0792	500.852112676056	Erebidae	Hypospila
Vindusara moorei	982.78204	835.272727272727	Geometridae	Vindusara
Iragaodes nobilis	921.5139	886.75	Nolidae	Iragaodes
Hypomecis obliquisigna	1556.5095	1343.11111111111	Geometridae	Hypomecis
Marumba saishiuana formosana	1042.8981	848.5	Sphingidae	Marumba
Metaphoenia incongrualis	438.6265	302.714285714286	Erebidae	Metaphoenia
Mahanta kawadai	664.8736	1545.83333333333	Limacodidae	Mahanta
Alcis postlurida	1651.9537	2249.91666666667	Geometridae	Alcis
Hypersypnoides submarginata	833.31464	1699.27586206897	Erebidae	Hypersypnoides
Pleuroptya characteristica	620.4855	488	Crambidae	Pleuroptya
Chiasmia intermediaria	822.1173	436.75	Geometridae	Chiasmia
Amata wilemani	534.5745	1856.88888888889	Erebidae	Amata
Diarsia formosensis	1215.1469	1946.28571428571	Noctuidae	Diarsia
Euromoia subpulchra	717.06866	1727	Noctuidae	Euromoia
Glyphodes onychinalis	435.46378	421	Crambidae	Glyphodes
Comostola enodata	756.0277	1277.33333333333	Geometridae	Comostola
Phlossa conjuncta	510.90213	290.545454545455	Limacodidae	Phlossa
Bastilla praetermissa	600.9542	541.28125	Erebidae	Bastilla
Triuncina brunnea	742.23615	953.553571428571	Bombycidae	Triuncina
Lyclene alikangiae	649.2534	711.208791208791	Erebidae	Lyclene
Heotia vitessoides	647.8143	642.5	Crambidae	Heotia
Endotricha olivacealis	649.149	846.6	Pyralidae	Endotricha
Dictyestra dissecta	777.7831	219.5	Noctuidae	Dictyestra
Callopistria rivularis	526.205	242.466666666667	Noctuidae	Callopistria
Olene dudgeoni	573.0349	465.556291390729	Erebidae	Olene
Micronia aculeata	430.61993	167.157894736842	Uraniidae	Micronia
Scriptoplusia nigriluna	545.0191	252	Noctuidae	Scriptoplusia
Cruxoruza decorata	414.2214	258.111111111111	Erebidae	Cruxoruza
Hypena sinuosa	661.3654	1322	Erebidae	Hypena
Talanga nympha	493.17227	431.75	Crambidae	Talanga
Paradoxopla sinuata taiwana	1339.5155	1651.05	Lasiocampidae	Paradoxopla
Chrysodeixis eriosoma	664.6919	675	Noctuidae	Chrysodeixis
Maruca vitrata	648.3291	1115.9375	Crambidae	Maruca
Xylostola indistincta	613.86523	1005.36363636364	Noctuidae	Xylostola
Karana hoenei marcida	1089.2289	663.75	Noctuidae	Karana
Cleora nigronotaria	818.8745	48.8333333333333	Geometridae	Cleora
Hypena tenebralis	649.4767	1756.02380952381	Erebidae	Hypena
Lophophelma taiwana	793.58136	699.119047619048	Geometridae	Lophophelma
Syntypistis comatus	1029.2667	1486.09090909091	Notodontidae	Syntypistis
Anoratha sinuosa	591.6192	1914	Erebidae	Anoratha
Viridistria viridipicta	632.7615	1271.4	Noctuidae	Viridistria
Argyrocosma inductaria	714.06036	499	Geometridae	Argyrocosma
Nacoleia charesalis	556.41046	312.5	Crambidae	Nacoleia
Kamalia tattakana	1021.29474	1121.5	Notodontidae	Kamalia
Chundana emarginata	830.1424	1632.08333333333	Uraniidae	Chundana
Mesastrape fulguraria fulguraria	1004.13965	1106.42857142857	Geometridae	Mesastrape
Hydrelia bicolorata	1052.5844	1946.44444444444	Geometridae	Hydrelia
Dysstroma sikkimensis	1563.0581	1623.33333333333	Geometridae	Dysstroma
Endotricha similata	640.3734	2186.28571428571	Pyralidae	Endotricha
Menophra humeraria	1463.4061	1403.66666666667	Geometridae	Menophra
Spatalia dives	831.36707	1435.33333333333	Notodontidae	Spatalia
Callopistria duplicans	786.1424	554.5	Noctuidae	Callopistria
Ourapteryx sciticaudaria	1760.2953	1284.66666666667	Geometridae	Ourapteryx
Mabra nigriscripta	601.50336	428.428571428572	Crambidae	Mabra
Gastropacha horishana	664.85846	462.791666666667	Lasiocampidae	Gastropacha
Spoladea recurvalis	556.5388	766.95	Crambidae	Spoladea
Euchristophia cumulata meridionalis	858.3763	1873.14285714286	Geometridae	Euchristophia
Doratoptera lutea	1156.4872	1138.81818181818	Geometridae	Doratoptera
Hesudra divisa	976.04236	1295.26829268293	Erebidae	Hesudra
Euproctis karapina	1425.568	1427	Erebidae	Euproctis
Simplicia xanthoma	721.551	783.714285714286	Erebidae	Simplicia
Bastilla fulvotaenia	485.24155	288.826086956522	Erebidae	Bastilla
Benbowia takamukuanus	875.09393	1052.4	Notodontidae	Benbowia
Abaciscus alishanensis	693.049	1070.28571428571	Geometridae	Abaciscus
Cerynea igniaria	714.0237	313.2	Erebidae	Cerynea
Adrapsoides reticulatis	775.0921	2067	Erebidae	Adrapsoides
Somera viridifusca viridifusca	798.1361	706.4	Notodontidae	Somera
Habrosyne indica formosana	1072.0293	1516.20338983051	Drepanidae	Habrosyne
Hypena trigonalis	469.44913	647.666666666667	Erebidae	Hypena
Ercheia cyllaria	531.53644	268.561983471074	Erebidae	Ercheia
Odonestis bheroba formosae	884.59845	724.285714285714	Lasiocampidae	Odonestis
Orthosia reticulata fuscovestita	1382.4038	2280	Noctuidae	Orthosia
Nyctycia strigidisca nigridorsi	1361.9757	2263	Noctuidae	Nyctycia
Polythlipta maceratalis	1032.4196	1060.33333333333	Crambidae	Polythlipta
Alcis scortea	1291.6837	2061.91666666667	Geometridae	Alcis
Berta rugosivalva	1021.47205	531.4	Geometridae	Berta
Bocula marginata	531.02167	411.647058823529	Erebidae	Bocula
Harutaea flavizona	769.53815	773	Geometridae	Harutaea
Miltochrista ziczac	839.47845	476.555555555555	Erebidae	Miltochrista
Hirasa punctivenaria taiwana	1589.0322	2107	Geometridae	Hirasa
Phalga clarirena	657.526	878.666666666667	Euteliidae	Phalga
Euthrix laeta	817.3879	549.307692307692	Lasiocampidae	Euthrix
Bocchoris inspersalis	497.44565	226.2	Crambidae	Bocchoris
Ercheia niveostrigata	680.4883	486.181818181818	Erebidae	Ercheia
Callopistria delicata	553.94324	917.137931034483	Noctuidae	Callopistria
Hydrillodes nilgirialis	415.4808	541.192307692308	Erebidae	Hydrillodes
Parapercnia giraffata	1445.5883	876.333333333333	Geometridae	Parapercnia
Neoreta purpureofascia	717.1922	404.888888888889	Drepanidae	Neoreta
Menophra taiwana	1315.7882	742.785714285714	Geometridae	Menophra
Orthocabera sericea sericea	928.89465	1601.33333333333	Geometridae	Orthocabera
Lophobates inchoata	1090.4022	709.620689655172	Geometridae	Lophobates
Locastra muscosalis	575.44104	395.161290322581	Pyralidae	Locastra
Comparmustilia gerontica	1230.9684	1411.53333333333	Endromidae	Comparmustilia
Simplicia bimarginata	580.1457	489.234234234234	Erebidae	Simplicia
Theretra latreillii lucasii	509.41104	334	Sphingidae	Theretra
Hipoepa fractalis	622.1524	304.9	Erebidae	Hipoepa
Lophoptera squammigera	783.39514	468.595238095238	Euteliidae	Lophoptera
Ophiusa tirhaca	680.1606	1020.7	Erebidae	Ophiusa
Eilema taiwana	619.1682	1667.33333333333	Erebidae	Eilema
Speidelia taiwana taiwana	1284.5325	2053	Noctuidae	Speidelia
Lipararchis tranquillalis	504.08142	266.166666666667	Crambidae	Lipararchis
Acmeshachia gigantea	704.46967	1585.21428571429	Notodontidae	Acmeshachia
Apsarasa radians	842.2626	567.3125	Noctuidae	Apsarasa
Liparopsis postalbida	1140.4502	761.5	Notodontidae	Liparopsis
Corymica spatiosa	905.0727	656.229508196721	Geometridae	Corymica
Ethmia lineatonotella	717.78094	937.071428571429	Depressariidae	Ethmia
Rikiosatoa mavi	1155.4551	1613.375	Geometridae	Rikiosatoa
Pogonopygia pavida pavida	1208.9458	1182.88888888889	Geometridae	Pogonopygia
Oglasa sordida	609.50946	306.666666666667	Erebidae	Oglasa
Endotricha consocia	543.96375	283.153846153846	Pyralidae	Endotricha
Eugoa cernyi	581.0736	732.428571428572	Erebidae	Eugoa
Nacoleia commixta	624.76	615.1875	Crambidae	Nacoleia
Ampelophaga rubiginosa myosotis	633.72516	878	Sphingidae	Ampelophaga
Besaia sordida	919.6334	1996.4	Notodontidae	Besaia
Rhagastis castor formosana	497.29553	748.071428571429	Sphingidae	Rhagastis
Neotogaria saitonis saitonis	1275.3744	1496.66666666667	Drepanidae	Neotogaria
Telorta yazakii	1572.311	2174.5	Noctuidae	Telorta
Catocala macula	1002.9084	1406.27777777778	Erebidae	Catocala
Callyna contracta	427.30408	1643.69230769231	Noctuidae	Callyna
Mythimna pulchra	477.10037	303	Noctuidae	Mythimna
Callyna monoleuca	498.47247	494.895833333333	Noctuidae	Callyna
Scedopla umbrosa	489.9397	418.44	Erebidae	Scedopla
Marumba sperchius sperchius	760.2986	1142.08333333333	Sphingidae	Marumba
Pachynoa thoosalis	558.68555	271.357142857143	Crambidae	Pachynoa
Syntypistis viridipicta	778.33575	456.434782608696	Notodontidae	Syntypistis
Pleuroptya iopasalis	501.96127	276.68	Crambidae	Pleuroptya
Miltochrista sp1	690.80963	533.942857142857	Erebidae	Miltochrista
Agathia visenda curvifiniens	584.83673	261.5	Geometridae	Agathia
Simplicia discosticta	474.965	203.4	Erebidae	Simplicia
Cleora alienaria	603.5163	349.606060606061	Geometridae	Cleora
Demonarosa rufotessellata subrosea	582.5145	645	Limacodidae	Demonarosa
Alcis arizana	926.6823	2300	Geometridae	Alcis
Eudocima salaminia	496.41776	253.875	Erebidae	Eudocima
Brahmaea wallichii insulata	1159.7472	1598	Brahmaeidae	Brahmaea
Pycnarmon cribrata	600.1358	1138.5	Crambidae	Pycnarmon
Mythimna epieixelus	809.7596	420.857142857143	Noctuidae	Mythimna
Microblepsis violacea	815.8257	1023.57575757576	Drepanidae	Microblepsis
Gabala argentata	381.8832	868	Nolidae	Gabala
Antigastra catalaunalis	534.47266	548.6	Crambidae	Antigastra
Episteira sp	718.8421	322	Geometridae	Episteira
Dooabia alia	835.7135	2135.5	Geometridae	Dooabia
Erebus caprimulgus	727.03735	746.4	Erebidae	Erebus
Cyclidia substigmaria substigmaria	1392.5106	1187.16666666667	Drepanidae	Cyclidia
Chrysaeglia magnifica	769.5867	512.559139784946	Erebidae	Chrysaeglia
Uliura infausta	1071.2322	1618.875	Geometridae	Uliura
Parum colligata	588.26526	271.941176470588	Sphingidae	Parum
Oreta brunnea	701.3575	1892.8	Drepanidae	Oreta
Melanthia procellata szechuanensis	1003.6111	1305.84615384615	Geometridae	Melanthia
Agrocholorta albirena chihtuana	1548.9738	1180.6	Noctuidae	Agrocholorta
Penicillaria jocosatrix	1050.613	724	Euteliidae	Penicillaria
Hydrelia enisaria	1201.5723	1706	Geometridae	Hydrelia
Heterolocha marginata	1183.0872	2330.66666666667	Geometridae	Heterolocha
Trachea auriplena auriplena	905.7092	1233.18181818182	Noctuidae	Trachea
Corymica deducta	683.4839	276	Geometridae	Corymica
Bastilla arcuata	592.9222	360.684210526316	Erebidae	Bastilla
Ecliptopera muscicolor allobathra	1903.9373	1981.5	Geometridae	Ecliptopera
Agrotera discinotata	649.01166	586.333333333333	Crambidae	Agrotera
Tasta argozana	731.6926	1078.6	Geometridae	Tasta
Siglophora sanguinolenta	612.5861	475	Nolidae	Siglophora
Agathia laetata	574.61285	479.666666666667	Geometridae	Agathia
Adrapsa simplex	584.5096	683.84	Erebidae	Adrapsa
Oxacme cretacea	502.87427	382	Erebidae	Oxacme
Ctenoplusia limbirena	642.1318	1004	Noctuidae	Ctenoplusia
Arbudas submacula	805.57245	1325	Zygaenidae	Arbudas
Tiracola plagiata	980.429	1161.46875	Noctuidae	Tiracola
Eilicrinia flava	930.3029	423.189189189189	Geometridae	Eilicrinia
Dilophodes elegans khasiana	1603.6558	2162.31578947368	Geometridae	Dilophodes
Percnia suffusa	1110.7576	150.066666666667	Geometridae	Percnia
Ctenoplusia kosemponensis	1069.3545	967.5	Noctuidae	Ctenoplusia
Prolophota trigonifera	352.67136	245	Erebidae	Prolophota
Horipsestis mushana mushana	1394.2994	1305.5	Drepanidae	Horipsestis
Traminda aventiaria	426.90033	334.835526315789	Geometridae	Traminda
Entomopteryx rubridisca	1052.723	796.333333333333	Geometridae	Entomopteryx
Rhynchaglaea taiwana	1454.2242	2119.14285714286	Noctuidae	Rhynchaglaea
Heterolocha biplagiata	1113.9841	1761.03225806452	Geometridae	Heterolocha
Piercia yui	1600.2637	2300	Geometridae	Piercia
Pheosiopsis cinerea formosana	1126.7819	1303.28571428571	Notodontidae	Pheosiopsis
Macaldenia palumba	529.1745	398.045454545455	Erebidae	Macaldenia
Ecliptopera benigna	727.69904	680.285714285714	Geometridae	Ecliptopera
Syntypistis umbrosa	851.7962	707.2	Notodontidae	Syntypistis
Paralida triannulata	490.8249	807.666666666667	Gelechiidae	Paralida
Bocula diffisa	616.56104	470.095238095238	Erebidae	Bocula
Lophontosia fusca	1391.4222	801	Notodontidae	Lophontosia
Pindara illibata	542.839	530.577777777778	Erebidae	Pindara
Hepatica irrorata	493.83905	942.75	Erebidae	Hepatica
Hylophilodes tsukusensis	922.7795	1039.57142857143	Nolidae	Hylophilodes
Euplexidia exotica	1297.0402	1779.22222222222	Noctuidae	Euplexidia
Plagodis reticulata	1291.6653	2179	Geometridae	Plagodis
Orthosia castanea	1370.0873	2192.55555555556	Noctuidae	Orthosia
Nyctemera arctata albofasciata	1245.5002	1665.94736842105	Erebidae	Nyctemera
Sonagara strigipennis	1202.9331	928.777777777778	Thyrididae	Sonagara
Cnaphalocrocis medinalis	582.917	953.75	Crambidae	Cnaphalocrocis
Edessena gentiusalis	422.2918	584	Erebidae	Edessena
Higena trichosticha	832.7204	491	Notodontidae	Higena
Sarcinodes mongaku	655.961	713	Geometridae	Sarcinodes
Achaea janata	677.2771	628.533333333333	Erebidae	Achaea
Spodoptera pecten	835.4859	295.227272727273	Noctuidae	Spodoptera
Ambulyx ochracea	927.7313	795.125	Sphingidae	Ambulyx
Lobogonodes dactylotypa	593.1213	1022.5	Geometridae	Lobogonodes
Mocis undata	578.1537	376.702127659574	Erebidae	Mocis
Phthonandria atrilineata cuneilinearia	907.24445	287.444444444444	Geometridae	Phthonandria
Dendrolimus punctatus	915.1006	1070.4347826087	Lasiocampidae	Dendrolimus
Avatha chinensis	742.39386	1507.01724137931	Erebidae	Avatha
Opisthograptis punctilineata	992.06226	1947.55	Geometridae	Opisthograptis
Chrysodeixis heberachis	830.2169	456.505050505051	Noctuidae	Chrysodeixis
Myrioblephara fenchihuana	784.06537	1665.75	Geometridae	Myrioblephara
Luxiaria costinota	791.2896	893.6875	Geometridae	Luxiaria
Racotis boarmiaria	1027.4475	590.769230769231	Geometridae	Racotis
Macrobrochis gigas	913.8047	420.119047619048	Erebidae	Macrobrochis
Paracymoriza taiwanalis	608.89685	2291.33333333333	Crambidae	Paracymoriza
Stigmatophora tridens	797.7995	1220	Erebidae	Stigmatophora
Oxyodes scrobiculata	612.4251	531.43220338983	Erebidae	Oxyodes
Acronicta hercules	1034.4501	1220.6	Noctuidae	Acronicta
Acosmerycoides harterti	479.91	400.272727272727	Sphingidae	Acosmerycoides
Maxates sinuolata	556.114	1882.75	Geometridae	Maxates
Bastilla absentimacula	595.5204	290.788461538461	Erebidae	Bastilla
Goniorhynchus butyrosus	413.2486	249.4	Crambidae	Goniorhynchus
Tarsolepis taiwana	660.6301	1131.84615384615	Notodontidae	Tarsolepis
Pleuroptya deficiens	605.82965	978.526315789474	Crambidae	Pleuroptya
Arctioblepsis rubida	487.36472	278.37037037037	Pyralidae	Arctioblepsis
Epiplema arcuata	1520.6456	2289.16666666667	Uraniidae	Epiplema
Erygia apicalis	749.65674	428.826086956522	Erebidae	Erygia
Parolulis renalis	363.41028	405.052631578947	Erebidae	Parolulis
Fascellina chromataria	470.26352	535.09604519774	Geometridae	Fascellina
Gargela renatusalis	663.8033	541.75	Crambidae	Gargela
Macaria abydata	900.23517	199	Geometridae	Macaria
Hyalobole taiwanensis	1962.673	2297.4	Noctuidae	Hyalobole
Apoheterolocha patalata	2120.9077	2300	Geometridae	Apoheterolocha
Scopula propinquaria	541.1134	268.4	Geometridae	Scopula
Mecodina cineracea	455.55603	417.5	Erebidae	Mecodina
Ilema nigrofascia	615.59357	387.272727272727	Erebidae	Ilema
Kunugia undans metanastroides	801.4857	1313.26086956522	Lasiocampidae	Kunugia
Idaea sinicata	885.1292	949.5	Geometridae	Idaea
Formofentonia orbifer rotundata	462.16272	1175.73333333333	Notodontidae	Formofentonia
Aedia leucomelas	758.6433	607.947368421053	Noctuidae	Aedia
Amyna punctum	599.5071	616	Noctuidae	Amyna
Actias ningpoana ningtaiwana	991.023	810.047619047619	Saturniidae	Actias
Palirisa cervina formosana	1028.4406	1736.30769230769	Eupterotidae	Palirisa
Chloroclystis blanda	598.10114	2190.5	Geometridae	Chloroclystis
Nola punctilineata	364.4485	549	Nolidae	Nola
Apha horishana	529.73773	1194	Eupterotidae	Apha
Ophiusa trapezium	500.57703	436	Erebidae	Ophiusa
Borbacha pardaria	818.2979	415.564102564103	Geometridae	Borbacha
Acolutha pulchella semifulva	872.0779	1193.5	Geometridae	Acolutha
Mythimna yu	719.3469	334.4	Noctuidae	Mythimna
Pelagodes subquadraria	786.55457	609.75	Geometridae	Pelagodes
Catarhoe obscura	1759.8657	670	Geometridae	Catarhoe
Xyleutes unimaculosa	501.95627	261.5	Cossidae	Xyleutes
Arytrurides inornatus	1324.129	1577.6	Erebidae	Arytrurides
Simplicia niphona	574.49493	581	Erebidae	Simplicia
Zurobata vacillans	609.05664	581.473684210526	Erebidae	Zurobata
Callibotys carapina	398.6838	593.666666666667	Crambidae	Callibotys
Cusiala boarmioides	908.70685	371.087719298246	Geometridae	Cusiala
Orthopygia nannodes	622.47015	223	Pyralidae	Orthopygia
Argyrogramma signata	626.1945	311.6	Noctuidae	Argyrogramma
Asura tricolor	690.682	438.9375	Erebidae	Asura
Palpoctenidia phoenicosoma semilauta	1319.4387	1640.8	Geometridae	Palpoctenidia
Perixera sarawackaria	898.076	533.25	Geometridae	Perixera
Anorthoa fabiani	1262.0062	2093.5	Noctuidae	Anorthoa
Phazaca kosemponicola	492.55222	433.357142857143	Uraniidae	Phazaca
Maliattha signifera	316.83105	330.571428571429	Noctuidae	Maliattha
Hypochrosis rufescens	1325.6208	1844.69565217391	Geometridae	Hypochrosis
Epipsestis cortigera	1429.1416	1700.5	Drepanidae	Epipsestis
Cleora fraterna	937.6582	1068.95081967213	Geometridae	Cleora
Simplicia simplicissima	659.7774	425.866666666667	Erebidae	Simplicia
Flavinarosa obscura	823.36957	427.666666666667	Limacodidae	Flavinarosa
Xestia tamsi	887.59937	2274.18181818182	Noctuidae	Xestia
Parabapta obliqua	1139.3134	1410.66666666667	Geometridae	Parabapta
Pangrapta plumbilineata	718.794	583.8125	Erebidae	Pangrapta
Psilogramma increta	582.5147	637.5	Sphingidae	Psilogramma
Hydatocapnia gemina	583.9358	644.652173913044	Geometridae	Hydatocapnia
Eterusia aedea formosana	543.29346	381.473684210526	Zygaenidae	Eterusia
Catoria olivescens	1584.593	546.5	Geometridae	Catoria
Rhamnosa uniformis	734.4446	572.5	Limacodidae	Rhamnosa
Semiothisops macariata	339.1215	276.904761904762	Erebidae	Semiothisops
Serrodes campana	643.7929	700.744186046512	Erebidae	Serrodes
Cleora sp	761.3129	256	Geometridae	Cleora
Gonitis mesogona	437.2268	469.756097560976	Erebidae	Gonitis
Lyclene arcuata	657.2049	378.618421052632	Erebidae	Lyclene
Cidariplura gladiata	524.0615	301.571428571429	Erebidae	Cidariplura
Acosmeryx castanea	644.86365	522.675675675676	Sphingidae	Acosmeryx
Eusabena miltochristalis	415.05286	447.4	Crambidae	Eusabena
Parallelia stuposa	544.87427	173.846153846154	Erebidae	Parallelia
Callopistria maillardi maillardi	682.21674	754.871794871795	Noctuidae	Callopistria
Hemiscopis cinereum	622.0213	1002	Crambidae	Hemiscopis
Trotocraspeda divaricata	891.21	584.142857142857	Geometridae	Trotocraspeda
Hipoepa biasalis	513.21387	311.961538461538	Erebidae	Hipoepa
Callopistria nobilior	654.9297	557.090909090909	Noctuidae	Callopistria
Spilarctia clava	639.07794	2075.55	Erebidae	Spilarctia
Neope muirheadi nagasawae	744.6206	408	Nymphalidae	Neope
Fascellina plagiata	987.97815	1416.63157894737	Geometridae	Fascellina
Andraca theae	1278.1279	1868	Endromidae	Andraca
Rusicada combinans	595.5644	825.142857142857	Erebidae	Rusicada
Barsine horishanella	679.5693	553.615384615385	Erebidae	Barsine
Bocana manifestalis	417.4937	378	Erebidae	Bocana
Lymantria mathura subpallida	699.61554	394.336734693878	Erebidae	Lymantria
Athetis brunneolineosa	918.1426	1281.07692307692	Noctuidae	Athetis
Chorodna ochreimacula	761.34485	597.333333333333	Geometridae	Chorodna
Albara reversaria opalescens	860.71674	570.964285714286	Drepanidae	Albara
Aplotelia diplographa	1077.5812	490.833333333333	Euteliidae	Aplotelia
Hypomecis punctinalis glos	1050.0192	236.939393939394	Geometridae	Hypomecis
Hypena albopunctalis	475.68787	532	Erebidae	Hypena
Corgatha atrifalcis	823.6796	153.142857142857	Erebidae	Corgatha
Dysaethria fulvihamata	484.05325	245	Uraniidae	Dysaethria
Somatina rosacea anaemica	715.23706	644.62962962963	Geometridae	Somatina
Cosmia unicolor	1036.5923	2029	Noctuidae	Cosmia
Alcis maculata taiwanica	981.50116	2133.4	Geometridae	Alcis
Sarcinodes yeni	989.39465	815.296296296296	Geometridae	Sarcinodes
Chadisra bipartita	1034.9302	695.681818181818	Notodontidae	Chadisra
Meganola ascripta	796.8768	749.666666666667	Nolidae	Meganola
Aplochlora costipicta	1144.8805	1091.71428571429	Geometridae	Aplochlora
Lymantria sugii	673.05566	1146.66666666667	Erebidae	Lymantria
Chrysorabdia vilemani	953.63904	1886.46153846154	Erebidae	Chrysorabdia
Spilarctia postrubida	492.8078	447.242424242424	Erebidae	Spilarctia
Cania heppneri	521.2788	339.144578313253	Limacodidae	Cania
Luxiaria mitorrhaphes	793.3373	861.983870967742	Geometridae	Luxiaria
Ourapteryx clara formosana	1725.6426	641.833333333333	Geometridae	Ourapteryx
Hadennia hisbonalis	615.21826	586.176470588235	Erebidae	Hadennia
Kerala lentiginosa	1713.4645	1892.9	Nolidae	Kerala
Simplicia cornicalis	618.0897	353.190476190476	Erebidae	Simplicia
Bagada poliomera	825.4311	321	Noctuidae	Bagada
Helicoverpa armigera	709.68976	979.15	Noctuidae	Helicoverpa
Nevrina procopia	500.58948	600.25974025974	Crambidae	Nevrina
Bryophilina mollicula	735.7581	774.916666666667	Noctuidae	Bryophilina
Cnethodonta grisescens baibarana	832.03674	1104.73684210526	Notodontidae	Cnethodonta
Gasterocome pannosaria orta	855.80066	1241.6875	Geometridae	Gasterocome
Callyna jugaria	564.6106	323.947368421053	Noctuidae	Callyna
Eressa confinis finitima	501.32095	339.451612903226	Erebidae	Eressa
Ilema nachiensis	772.4923	945	Erebidae	Ilema
Cleora leucophaea taiwanensis	854.8676	1470.5	Geometridae	Cleora
Ourapteryx venusta	1361.5684	2287	Geometridae	Ourapteryx
Perciana taiwana	1133.7244	1791.1	Erebidae	Perciana
Iraga rugosa	561.1871	466.214285714286	Limacodidae	Iraga
Beara tortriciformis	369.07867	475.870967741936	Nolidae	Beara
Oruza divisa	744.2052	261	Erebidae	Oruza
Ceratonema wilemani	404.72986	115.666666666667	Limacodidae	Ceratonema
Lymantria concolor concolor	895.95215	1741.29787234043	Erebidae	Lymantria
Teliphasa albifusa	641.0527	308.083333333333	Pyralidae	Teliphasa
Dysaethria suisharyonis	1320.0029	2206.14285714286	Uraniidae	Dysaethria
Bastilla acuta acuta	587.8891	1367.33333333333	Erebidae	Bastilla
Spilarctia alba kikuchii	811.0383	1163.5	Erebidae	Spilarctia
Zanclognatha subtriplex	628.3024	341.2	Erebidae	Zanclognatha
Condica dolorosa	643.2655	257.75	Noctuidae	Condica
Tamba lala	411.32474	358.363636363636	Erebidae	Tamba
Chiasmia perfusaria	1202.6227	555	Geometridae	Chiasmia
Bradina diagonalis	530.30225	579.0625	Crambidae	Bradina
Chiasmia emersaria	513.33264	249.714285714286	Geometridae	Chiasmia
Sarcopteron punctimargo	445.84988	245	Erebidae	Sarcopteron
Fentonia baibarana	1014.2695	825.105263157895	Notodontidae	Fentonia
Celenna festivaria formosensis	1034.0018	1383.90769230769	Geometridae	Celenna
Pseudomiza aurata	1578.8259	2114.93103448276	Geometridae	Pseudomiza
Meganola triangulalis	654.7059	569.153846153846	Nolidae	Meganola
Ilema olivacea	696.9065	539.170212765957	Erebidae	Ilema
Cidariplura shanmeii	636.40875	570.285714285714	Erebidae	Cidariplura
Cechetra minor	718.2508	594.958333333333	Sphingidae	Cechetra
Dindica taiwana	1044.0624	1317.79487179487	Geometridae	Dindica
Camptoloma carum	940.7003	507	Nolidae	Camptoloma
Bertula abjudicalis	471.27032	325	Erebidae	Bertula
Pergesa acteus	531.9593	487.588235294118	Sphingidae	Pergesa
Perina nuda	527.6963	292.166666666667	Erebidae	Perina
Eoophyla gibbosalis	593.4728	331.610169491525	Crambidae	Eoophyla
Magusa tenebrosa	993.8115	846.333333333333	Noctuidae	Magusa
Paraona staudingeri formosana	766.57806	1240.42105263158	Erebidae	Paraona
Orthosia alishana	1637.2798	1976.375	Noctuidae	Orthosia
Creatonotos transiens vacillans	498.4393	295.406832298137	Erebidae	Creatonotos
Antha grata	877.3272	603	Noctuidae	Antha
Atacira lyncestides	704.6729	245	Euteliidae	Atacira
Lomographa inamata	955.50214	1141.53846153846	Geometridae	Lomographa
Antheraea formosana	546.632	955.7	Saturniidae	Antheraea
Manoba major takasago	534.6664	523.7	Nolidae	Manoba
Pagyda nebulosa	663.35986	2245.125	Crambidae	Pagyda
Scopula kagiata	1127.077	1376.4	Geometridae	Scopula
Gastropacha pardale formosana	611.0463	651.235294117647	Lasiocampidae	Gastropacha
Callopistria phaeogona	636.9815	477.916666666667	Noctuidae	Callopistria
Hypocometa clauda	1365.9684	2129.53333333333	Geometridae	Hypocometa
Amraica asahinai	833.2228	1004	Geometridae	Amraica
Dierna strigata	1067.126	380.5	Erebidae	Dierna
Chlorodontopera discospilata	1138.124	1742.92857142857	Geometridae	Chlorodontopera
Ecliptopera rectilinea kanshinensis	728.9926	375.1	Geometridae	Ecliptopera
Herminia decipiens	371.89432	822.333333333333	Erebidae	Herminia
Palpita asiaticalis	556.7066	535	Crambidae	Palpita
Cryptophlebia repletana	454.53275	367.5	Tortricidae	Cryptophlebia
Dahira obliquifascia	688.22375	490.2	Sphingidae	Dahira
Calyptra minuticornis bisacutum	502.93976	529.833333333333	Erebidae	Calyptra
Lemyra fallaciosa	966.06	1356.78947368421	Erebidae	Lemyra
Entomopteryx combusta	604.65485	386.173913043478	Geometridae	Entomopteryx
Dolbina inexacta	677.2462	716.555555555556	Sphingidae	Dolbina
Eustroma changi	1099.8508	1277.5	Geometridae	Eustroma
Peralostega deletaria deletaria	566.6765	666.76	Geometridae	Peratostega
Hypocala violacea	783.24506	1038.66666666667	Erebidae	Hypocala
Setora baibarana	605.11914	1079.125	Limacodidae	Setora
Hypena iconicalis	470.9536	700.724137931035	Erebidae	Hypena
Nola marginata	596.22076	394.5	Nolidae	Nola
Alcis pallens	1630.2197	2303	Geometridae	Alcis
Percnia luridaria nominoneura	1299.152	652.894736842105	Geometridae	Percnia
Ericeia inangulata inangulata	534.8998	719.571428571429	Erebidae	Ericeia
Lemyra rhodophilodes	883.38794	421.529411764706	Erebidae	Lemyra
Cosmotriche discitincta discitincta	1450.3151	1950.5641025641	Lasiocampidae	Cosmotriche
Hypena kanshireiensis	520.5821	432.588235294118	Erebidae	Hypena
Plesiomorpha flaviceps	694.3401	245	Geometridae	Plesiomorpha
Stigmoctenoplusia aeneofusa	597.0143	919	Noctuidae	Stigmoctenoplusia
Perixera absconditaria absconditaria	1184.3511	1098.4	Geometridae	Perixera
Heterolocha coccinea	1040.3392	803.305555555556	Geometridae	Heterolocha
Hypomecis cineracea	1434.767	812.428571428571	Geometridae	Hypomecis
Xestia yamanei	743.62555	2131.4	Noctuidae	Xestia
Panolis variegatoides	1025.4135	2127.95652173913	Noctuidae	Panolis
Condica albigutta	541.38794	572.666666666667	Noctuidae	Condica
Lamprystica purpurata	728.0468	245	Oecophoridae	Lamprystica
Hypomecis roboraria amplaria	725.9036	1133.6	Geometridae	Hypomecis
Garaeus apicata formosanus	1278.3003	1119.97674418605	Geometridae	Garaeus
Calliteara arizana	1281.3116	1872.90909090909	Erebidae	Calliteara
Tympanistes rubidorsalis	768.5871	1525	Nolidae	Tympanistes
Cechetra lineosa	814.956	1425.88235294118	Sphingidae	Cechetra
Idaea egenaria	899.88855	1027	Geometridae	Idaea
Deileptenia rimosaria	1769.7449	1868.92307692308	Geometridae	Deileptenia
Ourapteryx changi	1773.3296	1526	Geometridae	Ourapteryx
Hypena ophiusoides	646.4945	1076.25	Erebidae	Hypena
Epobeidia tigrata maxima	493.7276	776	Geometridae	Epobeidia
Xandrames latiferaria curvistriga	1128.2057	530.6	Geometridae	Xandrames
Omiodes noctescens	564.41797	548.714285714286	Crambidae	Omiodes
Epipsestis bilineata pallida	1269.1407	2289	Drepanidae	Epipsestis
Sarcinodes aequilinearia	731.2529	711.888888888889	Geometridae	Sarcinodes
Oglasa costimacula	687.4277	284.304347826087	Erebidae	Oglasa
Arcesis threnodes	479.8652	1080.75	Tortricidae	Arcesis
Elophila turbata	488.30682	310	Crambidae	Elophila
Bastilla joviana joviana	511.0402	327.3	Erebidae	Bastilla
Odontopera insulata insulata	1560.6853	2128.27272727273	Geometridae	Odontopera
Lymantria umbrifera	877.70715	1698.6	Erebidae	Lymantria
Antitrygodes divisaria perturbatus	852.4851	388.766666666667	Geometridae	Antitrygodes
Mythimna loreyi	1027.0316	1152.25	Noctuidae	Mythimna
Mythimna martoni	1152.291	1442.125	Noctuidae	Mythimna
Bastilla amygdalis	609.21674	618.157894736842	Erebidae	Bastilla
Somena scintillans	682.6005	725.944444444444	Erebidae	Somena
Bertula terminalis	1067.0669	2300	Erebidae	Bertula
Arippara indicator	823.7553	189.6	Pyralidae	Arippara
