Species	pred	true	Family	Genus
Blavia scoteola	782.5586	330.909090909091	Erebidae	Blavia
Pogonopygia nigralbata	1269.4459	668.866666666667	Geometridae	Pogonopygia
Pingasa ruginaria pacifica	839.48114	402.645161290323	Geometridae	Pingasa
Chiasmia inchoata	719.7639	513.777777777778	Geometridae	Chiasmia
Teliphasa nubilosa	1060.9355	690.709677419355	Pyralidae	Teliphasa
Trigonodes hyppasia	780.2934	168.473684210526	Erebidae	Trigonodes
Phalerodonta manleyi formosana	1430.6465	1164.4	Notodontidae	Phalerodonta
Langia zenzeroides formosana	1275.7162	1169.0625	Sphingidae	Langia
Arytrurides inornatus	1207.8293	1577.6	Erebidae	Arytrurides
Ophiusa disjungens indiscriminata	723.23676	537.636363636364	Erebidae	Ophiusa
Trachea auriplena auriplena	1325.8821	1233.18181818182	Noctuidae	Trachea
Comostola pyrrhogona	729.9933	745.333333333333	Geometridae	Comostola
Uresiphita tricolor	994.7003	422.25	Crambidae	Uresiphita
Plecoptera siderogramma	827.7073	609.111111111111	Erebidae	Plecoptera
Nevrina procopia	615.60266	600.25974025974	Crambidae	Nevrina
Spilarctia alba kikuchii	1211.6471	1163.5	Erebidae	Spilarctia
Corgatha atrifalcis	764.3785	153.142857142857	Erebidae	Corgatha
Miltochrista convexa	1440.8894	398.928571428571	Erebidae	Miltochrista
Arichanna marginata	1434.874	985.727272727273	Geometridae	Arichanna
Yashmakia suffusa	935.15	603	Geometridae	Yashmakia
Ourapteryx ramosa	2049.3047	2062.27272727273	Geometridae	Ourapteryx
Euproctis marginata insulata	1365.0856	1923.76470588235	Erebidae	Euproctis
Metaphoenia incongrualis	579.668	302.714285714286	Erebidae	Metaphoenia
Stenia charonialis	725.6826	148	Crambidae	Stenia
Spodoptera exigua	1415.4674	1550.5	Noctuidae	Spodoptera
Trabala vishnou guttata	945.589	877.722222222222	Lasiocampidae	Trabala
Phazaca alikangensis	651.3811	330.368421052632	Uraniidae	Phazaca
Pseudomiza obliquaria	1269.6294	1110.25	Geometridae	Pseudomiza
Ctenoplusia limbirena	1171.3746	1004	Noctuidae	Ctenoplusia
Brahmaea wallichii insulata	1078.6274	1598	Brahmaeidae	Brahmaea
Herminia vermiculata	1109.9199	365.333333333333	Erebidae	Herminia
Callopistria guttulalis	1111.1948	298.6	Noctuidae	Callopistria
Nudaria ranruna	944.3939	1170.33333333333	Erebidae	Nudaria
Cruxoruza decorata	264.21036	258.111111111111	Erebidae	Cruxoruza
Plesiomorpha flaviceps	1404.1289	245	Geometridae	Plesiomorpha
Uliura infausta	1067.6572	1618.875	Geometridae	Uliura
Botyodes principalis	1042.2258	1192.29411764706	Crambidae	Botyodes
Paliga celatalis	624.26196	755	Crambidae	Paliga
Tanaorhinus viridiluteata	1035.0845	1090	Geometridae	Tanaorhinus
Oruza semilux	870.0925	132.25	Erebidae	Oruza
Setora baibarana	1106.1052	1079.125	Limacodidae	Setora
Dierna strigata	861.0639	380.5	Erebidae	Dierna
Nacoleia commixta	1120.1467	615.1875	Crambidae	Nacoleia
Hippotion velox	1261.7102	1236.46153846154	Sphingidae	Hippotion
Blenina quinaria	1268.7089	1413.97222222222	Nolidae	Blenina
Chusaris nigromaculata	1019.6196	574.2	Erebidae	Chusaris
Opisthograptis moelleri	1260.5675	1714.07142857143	Geometridae	Opisthograptis
Besaia sordida	1117.6531	1996.4	Notodontidae	Besaia
Oxacme cretacea	1232.0455	382	Erebidae	Oxacme
Potnyctycia taiwana	1306.7141	1018	Noctuidae	Potnyctycia
Rachiades lichenicolor albimaculata	1353.1797	1059.22222222222	Notodontidae	Rachiades
Xestia yamanei	1692.1487	2131.4	Noctuidae	Xestia
Dudusa synopla	729.9309	483.666666666667	Notodontidae	Dudusa
Hypena cyanea	1021.61835	1217.2	Erebidae	Hypena
Atacira lyncestides	1083.9552	245	Euteliidae	Atacira
Hesudra divisa	1369.3907	1295.26829268293	Erebidae	Hesudra
Mosopia punctilinea	709.83826	544.481481481482	Erebidae	Mosopia
Chytonix costimacula	600.43646	442	Noctuidae	Chytonix
Agaraeus discolor	1226.9805	767.666666666667	Geometridae	Agaraeus
Polythlipta maceratalis	918.1741	1060.33333333333	Crambidae	Polythlipta
Teliphasa albifusa	641.70294	308.083333333333	Pyralidae	Teliphasa
Ecliptopera delecta	1207.7355	1116.44444444444	Geometridae	Ecliptopera
Hypena tristalis	1301.0071	1533.9	Erebidae	Hypena
Hypersypnoides formosensis	1188.4352	1716.71428571429	Erebidae	Hypersypnoides
Hyalobole taiwanensis	1703.3601	2297.4	Noctuidae	Hyalobole
Mythimna pulchra	968.626	303	Noctuidae	Mythimna
Mesastrape fulguraria fulguraria	786.0582	1106.42857142857	Geometridae	Mesastrape
Ercheia cyllaria	906.2781	268.561983471074	Erebidae	Ercheia
Herminia decipiens	1587.9165	822.333333333333	Erebidae	Herminia
Simplicia simplicissima	1020.8436	425.866666666667	Erebidae	Simplicia
Gonitis mesogona	1011.11865	469.756097560976	Erebidae	Gonitis
Zanclognatha nakatomii	1127.1611	102.8	Erebidae	Zanclognatha
Argyrocosma inductaria	614.11786	499	Geometridae	Argyrocosma
Eublemma terminimaculata	672.91925	481	Erebidae	Eublemma
Parasa shirakii	796.9964	681.041666666667	Limacodidae	Parasa
Trichosea diffusa	1724.8074	2082.85714285714	Noctuidae	Trichosea
Notonagemia analis gressitti	910.68115	632.384615384615	Sphingidae	Notonagemia
Aroana baliensis	1147.2809	471.571428571429	Erebidae	Aroana
Tyloptera bella ogatai	1158.3345	1479.5	Geometridae	Tyloptera
Aglaomorpha histrio formosana	644.80096	482.375	Erebidae	Aglaomorpha
Aedia leucomelas	711.56635	607.947368421053	Noctuidae	Aedia
Kunugia undans metanastroides	1431.9249	1313.26086956522	Lasiocampidae	Kunugia
Negeta signata	806.3249	531.176470588235	Nolidae	Negeta
Lymantria sinica	1621.9161	804.1	Erebidae	Lymantria
Spilosoma fumida	1396.2177	1769.36842105263	Erebidae	Spilosoma
Rhagastis binoculata	1043.6605	462.939024390244	Sphingidae	Rhagastis
Bertula hadenalis persimilis	1291.6228	438.076923076923	Erebidae	Bertula
Hypocometa clauda	1741.2328	2129.53333333333	Geometridae	Hypocometa
Prochasma dentilinea	1660.2113	1975.58333333333	Geometridae	Prochasma
Pagyda nebulosa	1367.9747	2245.125	Crambidae	Pagyda
Arichanna sinica refracta	1831.1224	2276.75	Geometridae	Arichanna
Callambulyx tatarinovii formosana	1094.51	680.611111111111	Sphingidae	Callambulyx
Rikiosatoa mavi	1576.6456	1613.375	Geometridae	Rikiosatoa
Celenna festivaria formosensis	1095.7908	1383.90769230769	Geometridae	Celenna
Chrysaeglia magnifica	1200.6576	512.559139784946	Erebidae	Chrysaeglia
Simplicia niphona	1066.3671	581	Erebidae	Simplicia
Abaciscus alishanensis	1238.7955	1070.28571428571	Geometridae	Abaciscus
Avatha chinensis	1502.496	1507.01724137931	Erebidae	Avatha
Alcis pallens	1848.7418	2303	Geometridae	Alcis
Botyodes diniasalis	1193.8147	404.5	Crambidae	Botyodes
Ctenoplusia agnata	1185.0677	1127.5	Noctuidae	Ctenoplusia
Rusicada combinans	1258.55	825.142857142857	Erebidae	Rusicada
Gadirtha inexacta	1189.6821	785.25	Nolidae	Gadirtha
Pleuroptya deficiens	1025.1108	978.526315789474	Crambidae	Pleuroptya
Eumeta pryeri	1061.7957	398.782608695652	Psychidae	Eumeta
Chorodna creataria	1021.76434	674.172839506173	Geometridae	Chorodna
Aloa lactinea	433.41013	176	Erebidae	Aloa
Phalga clarirena	988.6791	878.666666666667	Euteliidae	Phalga
Pelagodes subquadraria	741.3268	609.75	Geometridae	Pelagodes
Lemyra fallaciosa	1084.4846	1356.78947368421	Erebidae	Lemyra
Bertula abjudicalis	290.88272	325	Erebidae	Bertula
Heterolocha biplagiata	1402.0944	1761.03225806452	Geometridae	Heterolocha
Acosmerycoides harterti	734.0797	400.272727272727	Sphingidae	Acosmerycoides
Callyna semivitta	924.08777	693.190476190476	Noctuidae	Callyna
Triuncina brunnea	767.11115	953.553571428571	Bombycidae	Triuncina
Plagodis reticulata	1374.861	2179	Geometridae	Plagodis
Xylopolia fulvireniforma	1694.5919	2006.53333333333	Noctuidae	Xylopolia
Hypena indicatalis	1330.429	490	Erebidae	Hypena
Ectropis excellens	1278.4324	550.222222222222	Geometridae	Ectropis
Phlossa conjuncta	985.3253	290.545454545455	Limacodidae	Phlossa
Sewa taiwana	1715.2612	2010.5	Drepanidae	Sewa
Acronicta denticulata pernivea	1502.3074	1290.75	Noctuidae	Acronicta
Hypocala deflorata	898.79364	962.837209302326	Erebidae	Hypocala
Thyas juno	1103.3389	1136.33333333333	Erebidae	Thyas
Dindica purpurata	1258.9739	796.347826086957	Geometridae	Dindica
Plusiodonta coelonota	1176.2887	334.029411764706	Erebidae	Plusiodonta
Chrysodeixis eriosoma	1462.4752	675	Noctuidae	Chrysodeixis
Danala lilacina	674.3128	578.8	Geometridae	Danala
Hypena tenebralis	1154.3022	1756.02380952381	Erebidae	Hypena
Ctenoplusia kosemponensis	1074.071	967.5	Noctuidae	Ctenoplusia
Antipercnia cordiforma	1570.8704	983	Geometridae	Antipercnia
Bombyx mandarina formosana	789.91626	383.558823529412	Bombycidae	Bombyx
Narosoideus flavidorsalis	1232.2108	678.175	Limacodidae	Narosoideus
Churinga virago	1551.5415	1887.84615384615	Erebidae	Churinga
Piletocera aegimiusalis	965.7604	426.529411764706	Crambidae	Piletocera
Dindica taiwana	1495.758	1317.79487179487	Geometridae	Dindica
Paracymoriza vagalis	426.4074	224.428571428571	Crambidae	Paracymoriza
Dysaethria fulvihamata	315.68085	245	Uraniidae	Dysaethria
Callopistria repleta	1101.1693	1354.38461538462	Noctuidae	Callopistria
Marumba cristata bukaiana	1325.1096	963.333333333333	Sphingidae	Marumba
Spaniocentra hollowayi	796.33984	534.818181818182	Geometridae	Spaniocentra
Telorta yazakii	1553.1497	2174.5	Noctuidae	Telorta
Chrysodeixis minutus	1144.969	469.5	Noctuidae	Chrysodeixis
Artena dotata	770.4399	543.901408450704	Erebidae	Artena
Pilipectus taiwanus	1410.7196	2019.42857142857	Erebidae	Pilipectus
Penicillaria jocosatrix	1255.7887	724	Euteliidae	Penicillaria
Adrapsoides reticulatis	1473.0468	2067	Erebidae	Adrapsoides
Xenoplia trivialis	1638.7233	1406.09523809524	Geometridae	Xenoplia
Bocula caradrinoides	1229.3624	1088.36363636364	Erebidae	Bocula
Amata wilemani	1887.5323	1856.88888888889	Erebidae	Amata
Syntypistis umbrosa	1208.7568	707.2	Notodontidae	Syntypistis
Rhamnosa uniformis	1097.6548	572.5	Limacodidae	Rhamnosa
Nola fasciata	782.55914	295.25	Nolidae	Nola
Lymantria concolor concolor	1635.9125	1741.29787234043	Erebidae	Lymantria
Xanthorhoe mediofascia	1778.5464	2317	Geometridae	Xanthorhoe
Eucyclodes lalashana	1314.2891	1896	Geometridae	Eucyclodes
Tambana subflava	1659.9155	1756.14285714286	Noctuidae	Tambana
Euproctis kanshireia	747.9226	347.8	Erebidae	Euproctis
Acolutha pictaria imbecilla	1163.3512	1144.25	Geometridae	Acolutha
Mythimna sinuosa	1227.1102	1526.36842105263	Noctuidae	Mythimna
Hypena ophiusoides	1063.9581	1076.25	Erebidae	Hypena
Entomopteryx rubridisca	1174.1831	796.333333333333	Geometridae	Entomopteryx
Dindica kishidai	1565.65	1014.64705882353	Geometridae	Dindica
Psyra spurcataria	1711.3094	2092.10526315789	Geometridae	Psyra
Oreta insignis	1090.3856	687.757575757576	Drepanidae	Oreta
Endotricha similata	1276.9985	2186.28571428571	Pyralidae	Endotricha
Biston perclara	622.98395	649.241379310345	Geometridae	Biston
Sympis rufibasis	817.4321	263.495049504951	Erebidae	Sympis
Eusabena miltochristalis	381.09457	447.4	Crambidae	Eusabena
Callopistria japonibia	1031.1459	264.9	Noctuidae	Callopistria
Aedia perdicipennis	814.4373	437.230769230769	Noctuidae	Aedia
Erebus ephesperis	865.3564	360.068965517241	Erebidae	Erebus
Amblychia angeronaria	641.4647	430.428571428571	Geometridae	Amblychia
Pterotosoma castanea	529.64703	797.933333333333	Uraniidae	Pterotosoma
Condica illecta	1219.6785	429.75	Noctuidae	Condica
Calliteara arizana	1632.3444	1872.90909090909	Erebidae	Calliteara
Spatalia dives	1493.553	1435.33333333333	Notodontidae	Spatalia
Hemipsilia coavestis	1739.5342	2218.89473684211	Erebidae	Hemipsilia
Corymica spatiosa	867.4565	656.229508196721	Geometridae	Corymica
Tridrepana arikana	783.7437	793.172413793103	Drepanidae	Tridrepana
Micronidia intermedia	1411.9258	2289.6	Geometridae	Micronidia
Epipsestis dubia chengshinglini	1860.8638	2286.8	Drepanidae	Epipsestis
Mythimna subplacida	846.9978	459.235294117647	Noctuidae	Mythimna
Maxates sinuolata	1481.5015	1882.75	Geometridae	Maxates
Nyctemera arctata albofasciata	836.6945	1665.94736842105	Erebidae	Nyctemera
Condica albigutta	817.88947	572.666666666667	Noctuidae	Condica
Eoophyla conjunctalis	759.8765	602.703703703704	Crambidae	Eoophyla
Batracharta divisa	1421.1008	1206.125	Erebidae	Batracharta
Dura alba	990.1557	542.666666666667	Erebidae	Dura
Medama diplaga	945.22363	769.454545454546	Erebidae	Medama
Siglophora sanguinolenta	827.8704	475	Nolidae	Siglophora
Hypersypnoides submarginata	1008.0708	1699.27586206897	Erebidae	Hypersypnoides
Liparopsis postalbida	1463.0026	761.5	Notodontidae	Liparopsis
Mythimna loreyi	1267.2714	1152.25	Noctuidae	Mythimna
Euproctis pulverea	1827.5046	2148.15384615385	Erebidae	Euproctis
Bertula kosemponica	1315.6154	377.2	Erebidae	Bertula
Lyclene acteola	1270.1543	643.588235294118	Erebidae	Lyclene
Spilarctia postrubida	938.80884	447.242424242424	Erebidae	Spilarctia
Athetis stellata	1071.9976	788.133333333333	Noctuidae	Athetis
Endotricha mesenterialis	903.34314	335.285714285714	Pyralidae	Endotricha
Paracymoriza cataclystalis	1293.3654	1281.875	Crambidae	Paracymoriza
Bastilla amygdalis	1014.93634	618.157894736842	Erebidae	Bastilla
Eudocima homaena	1019.62585	597.8	Erebidae	Eudocima
Gnophos caenosa	1183.1774	1240	Geometridae	Gnophos
Avitta taiwana	992.1604	1854.4	Erebidae	Avitta
Amblychia moltrechti	1169.4238	2214.5	Geometridae	Amblychia
Catarhoe obscura	1539.163	670	Geometridae	Catarhoe
Acronicta gigasa	1435.0446	1057	Noctuidae	Acronicta
Elusa ustula	812.46875	363.441176470588	Noctuidae	Elusa
Syntypistis perdix perdix	1673.6527	1869.57142857143	Notodontidae	Syntypistis
Paradarisa chloauges chloauges	1089.478	1206.42105263158	Geometridae	Paradarisa
Setora postornata	1038.3451	334.642857142857	Limacodidae	Setora
Pleuroptya quadrimaculalis	1305.6173	629.272727272727	Crambidae	Pleuroptya
Bryophilina mollicula	1452.7449	774.916666666667	Noctuidae	Bryophilina
Spodoptera litura	1317.1156	476.313725490196	Noctuidae	Spodoptera
Auchmis inextricata	1928.7396	2117.28571428571	Noctuidae	Auchmis
Comostola laesaria	660.8796	407.454545454545	Geometridae	Comostola
Eilema taiwana	684.48724	1667.33333333333	Erebidae	Eilema
Trisuloides sericea	1192.9137	646.586206896552	Noctuidae	Trisuloides
Euthrix laeta	1477.0674	549.307692307692	Lasiocampidae	Euthrix
Alcis semiusta	1869.1785	2191.42424242424	Geometridae	Alcis
Acronicta hercules	1410.4557	1220.6	Noctuidae	Acronicta
Cleora leucophaea taiwanensis	1025.6343	1470.5	Geometridae	Cleora
Cania heppneri	1045.9655	339.144578313253	Limacodidae	Cania
Xanthorhoe saturata	1364.4215	368.186046511628	Geometridae	Xanthorhoe
Epipsestis bilineata pallida	1861.4506	2289	Drepanidae	Epipsestis
Chiasmia eleonora	489.26266	750.483870967742	Geometridae	Chiasmia
Euproctis magna	1038.9292	918.857142857143	Erebidae	Euproctis
Nyctemera adversata	590.7565	610.352941176471	Erebidae	Nyctemera
Ourapteryx clara formosana	793.77655	641.833333333333	Geometridae	Ourapteryx
Pangrapta plumbilineata	893.0674	583.8125	Erebidae	Pangrapta
Mythimna epieixelus	979.27045	420.857142857143	Noctuidae	Mythimna
Syntomaula simulatella	1227.0787	245	Cosmopterigidae	Syntomaula
Hypersypnoides punctosa	1072.1262	1198.46666666667	Erebidae	Hypersypnoides
Xyleutes unimaculosa	1324.5785	261.5	Cossidae	Xyleutes
Pycnarmon cribrata	1228.345	1138.5	Crambidae	Pycnarmon
Lomographa percnosticta	846.9117	630.181818181818	Geometridae	Lomographa
Cirrhochrista spissalis	814.18854	252.5	Crambidae	Cirrhochrista
Sophta olivata	758.54315	266.578947368421	Erebidae	Sophta
Palirisa cervina formosana	1641.2324	1736.30769230769	Eupterotidae	Palirisa
Euhampsonia formosana	1087.6259	1154.57142857143	Notodontidae	Euhampsonia
Actias ningpoana ningtaiwana	927.2731	810.047619047619	Saturniidae	Actias
Tyspanodes hypsalis	721.97595	618.7	Crambidae	Tyspanodes
Jodis sp	697.045	1443	Geometridae	Jodis
Paramaxates taiwana	1082.4409	1547.5	Geometridae	Paramaxates
Miltochrista sp1	1314.6315	533.942857142857	Erebidae	Miltochrista
Oruza albigutta	500.9784	278.5	Erebidae	Oruza
Cosmia unicolor	1187.2704	2029	Noctuidae	Cosmia
Nola marginata	1486.6025	394.5	Nolidae	Nola
Strepsinoma croesusalis	885.2603	222.8	Crambidae	Strepsinoma
Amplypterus mansoni takamukui	1151.4106	809.375	Sphingidae	Amplypterus
Barsine sauteri	984.2116	538.467391304348	Erebidae	Barsine
Anisoneura salebrosa	1015.7333	495.5625	Erebidae	Anisoneura
Oxyodes scrobiculata	751.9316	531.43220338983	Erebidae	Oxyodes
Callopistria rivularis	356.46494	242.466666666667	Noctuidae	Callopistria
Lassaba parvalbidaria parvalbidaria	1519.9589	1660.69411764706	Geometridae	Lassaba
Tyspanodes striata	1238.2529	902.947368421053	Crambidae	Tyspanodes
Agrotis ipsilon	1432.5168	804.69696969697	Noctuidae	Agrotis
Mythimna changi	1102.523	1687.28571428571	Noctuidae	Mythimna
Pareclipsis serrulata	1006.33594	1222	Geometridae	Pareclipsis
Eilema ratonis	1147.198	682.392156862745	Erebidae	Eilema
Ericeia pertendens	498.40253	895	Erebidae	Ericeia
Creatonotos gangis	399.6923	142.388888888889	Erebidae	Creatonotos
Pangrapta trilineata	407.89658	503	Erebidae	Pangrapta
Neotogaria saitonis saitonis	1596.5131	1496.66666666667	Drepanidae	Neotogaria
Borbacha pardaria	788.28	415.564102564103	Geometridae	Borbacha
Euplexidia exotica	1669.7391	1779.22222222222	Noctuidae	Euplexidia
Olene mendosa	1540.7892	1114.46153846154	Erebidae	Olene
Hipoepa biasalis	825.24835	311.961538461538	Erebidae	Hipoepa
Syntypistis viridipicta	1112.919	456.434782608696	Notodontidae	Syntypistis
Paralida triannulata	944.3222	807.666666666667	Gelechiidae	Paralida
Parallelia stuposa	1033.1178	173.846153846154	Erebidae	Parallelia
Lemyra rhodophilodes	539.65454	421.529411764706	Erebidae	Lemyra
Teulisna tumida	1419.8805	989.272727272727	Erebidae	Teulisna
Calliteara grotei horishanella	1380.9845	757.8	Erebidae	Calliteara
Chiasmia perfusaria	1136.5021	555	Geometridae	Chiasmia
Nothomiza flavicosta	1143.118	1164.25	Geometridae	Nothomiza
Maliattha separata	994.3744	421	Noctuidae	Maliattha
Dysstroma sikkimensis	1874.4712	1623.33333333333	Geometridae	Dysstroma
Ercheia umbrosa	1083.1943	1542.09523809524	Erebidae	Ercheia
Physetobasis dentifascia triangulifera	1159.3662	1135.1	Geometridae	Physetobasis
Comibaena procumbaria	649.022	340.347826086956	Geometridae	Comibaena
Hypena kanshireiensis	874.3324	432.588235294118	Erebidae	Hypena
Euromoia subpulchra	705.5676	1727	Noctuidae	Euromoia
Hypomecis cineracea	1092.7294	812.428571428571	Geometridae	Hypomecis
Isodemis serpentinana	1052.3407	317.5	Tortricidae	Isodemis
Hypena bicoloralis	1038.0616	1040	Erebidae	Hypena
Callidula attenuata	990.96124	819	Callidulidae	Callidula
Hydrillodes gravatalis	1245.6318	295.923076923077	Erebidae	Hydrillodes
Mabra nigriscripta	481.21704	428.428571428572	Crambidae	Mabra
Metaphoenia plagifera	489.85226	307.666666666667	Erebidae	Metaphoenia
Alcis nubeculosa	1703.4342	2040.85714285714	Geometridae	Alcis
Stauropus teikichiana teikichiana	1250.521	811.8	Notodontidae	Stauropus
Fascionycta fasciata	1518.887	724.206896551724	Noctuidae	Fascionycta
Diphtherocome pulchra	1623.7299	1705.22580645161	Noctuidae	Diphtherocome
Rotunda rotundapex	950.5478	1220	Bombycidae	Rotunda
Pachyodes subtrita	599.30426	573.647058823529	Geometridae	Pachyodes
Alloasteropetes paradisea	1278.6411	670	Noctuidae	Alloasteropetes
Orthaga olivacea	1025.4242	412.2	Pyralidae	Orthaga
Ilema nachiensis	1208.5925	945	Erebidae	Ilema
Orthosia alishana	1360.6583	1976.375	Noctuidae	Orthosia
Cerynea igniaria	590.12805	313.2	Erebidae	Cerynea
Agrotera discinotata	664.4266	586.333333333333	Crambidae	Agrotera
Pleuroptya iopasalis	850.6865	276.68	Crambidae	Pleuroptya
Eustroma changi	1539.5348	1277.5	Geometridae	Eustroma
Catoria sublavaria	441.1355	394.416666666667	Geometridae	Catoria
Odontopera bilinearia subarida	1629.1641	1856	Geometridae	Odontopera
Narosoideus vulpinus	1114.3893	508.941176470588	Limacodidae	Narosoideus
Cleora contiguata contiguata	870.98914	532.6	Geometridae	Cleora
Oglasa sordida	1336.9788	306.666666666667	Erebidae	Oglasa
Mythimna radiata	1564.1549	1625.57142857143	Noctuidae	Mythimna
Callyna monoleuca	818.3638	494.895833333333	Noctuidae	Callyna
Chrysorabdia vilemani	1743.8647	1886.46153846154	Erebidae	Chrysorabdia
Asura tricolor	1494.8179	438.9375	Erebidae	Asura
Lamprystica purpurata	993.91235	245	Oecophoridae	Lamprystica
Asota heliconia zebrina	437.94818	427.467866323907	Erebidae	Asota
Phazaca theclatus	978.48004	245	Uraniidae	Phazaca
Ourapteryx yerburii virescens	1010.9417	749.888888888889	Geometridae	Ourapteryx
Parolulis renalis	1080.5364	405.052631578947	Erebidae	Parolulis
Tridrepana unispina	946.6226	864.611111111111	Drepanidae	Tridrepana
Prolophota trigonifera	1507.9865	245	Erebidae	Prolophota
Paradoxopla sinuata taiwana	1180.2861	1651.05	Lasiocampidae	Paradoxopla
Chundana emarginata	1170.77	1632.08333333333	Uraniidae	Chundana
Comibaena cassidara	824.54987	585.5	Geometridae	Comibaena
Oroplema oyamana	1713.5388	1985.57142857143	Uraniidae	Oroplema
Antitrygodes divisaria perturbatus	764.17255	388.766666666667	Geometridae	Antitrygodes
Maruca amboinalis	895.9423	509.714285714286	Crambidae	Maruca
Cifuna locuples	1667.6531	1002	Erebidae	Cifuna
Drepana pallida nigromaculata	1202.3188	1273.88235294118	Drepanidae	Drepana
Cyclodes omma	735.7676	397.444444444445	Noctuidae	Cyclodes
Cymatophoropsis formosana	1119.9939	1204.84615384615	Noctuidae	Cymatophoropsis
Dindica polyphaenaria	1165.5059	652.192307692308	Geometridae	Dindica
Cleora nigronotaria	776.54767	48.8333333333333	Geometridae	Cleora
Erebus caprimulgus	1045.886	746.4	Erebidae	Erebus
Hyblaea puera	1058.0299	514	Hyblaeidae	Hyblaea
Bagada poliomera	806.50525	321	Noctuidae	Bagada
Ischyja ferrifracta	1013.1101	522.363636363636	Erebidae	Ischyja
Ganisa formosicola	1245.1498	751.2	Eupterotidae	Ganisa
Elophila turbata	357.9941	310	Crambidae	Elophila
Hulodes caranea	1027.629	407.222222222222	Erebidae	Hulodes
Syntypistis cyanea cyanea	1126.0399	528.617021276596	Notodontidae	Syntypistis
Callopistria maillardi maillardi	1099.4874	754.871794871795	Noctuidae	Callopistria
Dudusa nobilis	685.8252	611.235294117647	Notodontidae	Dudusa
Dactylioglypha tonica	961.8431	262.5	Tortricidae	Dactylioglypha
Eudocima okurai	1054.473	414.5	Erebidae	Eudocima
Semidonta kosemponica	1267.6437	843	Notodontidae	Hyperaeschrella
Catocala wushensis	1480.4917	2199	Erebidae	Catocala
Mecodina cineracea	974.0479	417.5	Erebidae	Mecodina
Prismosticta fenestrata	899.10406	1095.46666666667	Endromidae	Prismosticta
Mocis annetta	1687.017	1004	Erebidae	Mocis
Cidariplura gladiata	1050.8385	301.571428571429	Erebidae	Cidariplura
Lophoptera longipennis	1536.3667	1997.08333333333	Euteliidae	Lophoptera
Phalacra strigata insulicola	636.17786	419.5	Drepanidae	Phalacra
Barsine horishanella	707.7628	553.615384615385	Erebidae	Barsine
Paracymoriza nigra	1014.2297	372.333333333333	Crambidae	Paracymoriza
Micronia aculeata	731.7026	167.157894736842	Uraniidae	Micronia
Marumba saishiuana formosana	1266.0615	848.5	Sphingidae	Marumba
Cosmophila lyona	936.49524	471.230769230769	Erebidae	Cosmophila
Hydrillodes lentalis	1337.0099	448.111111111111	Erebidae	Hydrillodes
Lomographa inamata	1100.8933	1141.53846153846	Geometridae	Lomographa
Krananda latimarginaria	1097.692	493.142857142857	Geometridae	Krananda
Bocula diffisa	892.2003	470.095238095238	Erebidae	Bocula
Lophontosia fusca	1479.9388	801	Notodontidae	Lophontosia
Adrapsa quadrilinealis	782.3885	274.76	Erebidae	Adrapsa
Lymantria sugii	1544.257	1146.66666666667	Erebidae	Lymantria
Bastilla acuta acuta	1274.8219	1367.33333333333	Erebidae	Bastilla
Myrioblephara fenchihuana	1304.2784	1665.75	Geometridae	Myrioblephara
Xylostola indistincta	1252.2079	1005.36363636364	Noctuidae	Xylostola
Locharna strigipennis	980.9655	554.162162162162	Erebidae	Locharna
Arichanna pryeraria	1657.8503	1858.86666666667	Geometridae	Arichanna
Gonodontis pallida	906.8219	685.4375	Geometridae	Gonodontis
Viridistria viridipicta	1608.5708	1271.4	Noctuidae	Viridistria
Menophra nakajimai	1021.1361	1811.33333333333	Geometridae	Menophra
Leucinodes apicalis	1241.5524	1004	Crambidae	Leucinodes
Arcesis threnodes	608.9743	1080.75	Tortricidae	Arcesis
Entomopteryx combusta	604.69855	386.173913043478	Geometridae	Entomopteryx
Monocerotesa virgata	265.98172	1037.2	Geometridae	Monocerotesa
Monema rubriceps	364.96497	348.756756756757	Limacodidae	Monema
Asota tortuosa	967.25275	1476.75	Erebidae	Asota
Orgyia postica	858.04193	277.735294117647	Erebidae	Orgyia
Sypnoides pannosa	1334.9976	1363.33333333333	Erebidae	Sypnoides
Corgatha tornalis	943.91	173.5	Erebidae	Corgatha
Protarchella nivis	1598.6727	1283.66666666667	Tortricidae	Protarchella
Hypena cervinalis	1161.6309	1541.75	Erebidae	Hypena
Ethmia lineatonotella	1282.8512	937.071428571429	Depressariidae	Ethmia
Lygniodes hypoleuca	1033.3054	907	Erebidae	Lygniodes
Orthocabera sericea sericea	1240.8948	1601.33333333333	Geometridae	Orthocabera
Progonia oileusalis	1053.7726	212.8	Erebidae	Progonia
Lipomelia subusta	579.4532	839.333333333333	Geometridae	Lipomelia
Herminia grisealis	515.8516	1002	Erebidae	Herminia
Apsarasa radians	520.44867	567.3125	Noctuidae	Apsarasa
Eoophyla gibbosalis	979.50006	331.610169491525	Crambidae	Eoophyla
Beara tortriciformis	1437.0625	475.870967741936	Nolidae	Beara
Hypospila bolinoides	921.0856	500.852112676056	Erebidae	Hypospila
Cotachena pubescens	1298.7181	911.363636363636	Crambidae	Cotachena
Semiothisops macariata	623.87103	276.904761904762	Erebidae	Semiothisops
Sarcinodes yeni	1009.7741	815.296296296296	Geometridae	Sarcinodes
Orthosia reticulata fuscovestita	1660.9265	2280	Noctuidae	Orthosia
Stenia minoralis	1000.2429	430.5	Crambidae	Stenia
Rikiosatoa fucataria	1851.6685	2070	Geometridae	Rikiosatoa
Luxiaria costinota	941.18085	893.6875	Geometridae	Luxiaria
Timandra convectaria	903.79175	371.307692307692	Geometridae	Timandra
Fodina contigua	828.19696	284.458333333333	Erebidae	Fodina
Camptomastix hisbonalis	852.85236	560.255319148936	Crambidae	Camptomastix
Trotocraspeda divaricata	650.2757	584.142857142857	Geometridae	Trotocraspeda
Gasterocome pannosaria orta	1158.3875	1241.6875	Geometridae	Gasterocome
Chrysodeixis taiwani	1274.6263	1430.09090909091	Noctuidae	Chrysodeixis
Dipterygina cupreotincta	1246.6162	923.15	Noctuidae	Dipterygina
Higena trichosticha	1185.2429	491	Notodontidae	Higena
Demonarosa rufotessellata subrosea	666.0559	645	Limacodidae	Demonarosa
Flavinarosa obscura	1129.5608	427.666666666667	Limacodidae	Flavinarosa
Habrosyne indica formosana	1373.6598	1516.20338983051	Drepanidae	Habrosyne
Axylia putris triseriata	1468.8584	1387.5	Noctuidae	Axylia
Creatonotos transiens vacillans	299.27148	295.406832298137	Erebidae	Creatonotos
Nacoleia charesalis	860.0531	312.5	Crambidae	Nacoleia
Erygia apicalis	895.7034	428.826086956522	Erebidae	Erygia
Dolbina inexacta	1033.0433	716.555555555556	Sphingidae	Dolbina
Hylophilodes esakii	715.68335	348	Nolidae	Hylophilodes
Nausinoe perspectata	1145.3818	369.424242424242	Crambidae	Nausinoe
Ecliptopera muscicolor allobathra	1871.9941	1981.5	Geometridae	Ecliptopera
Somatina rosacea anaemica	767.7077	644.62962962963	Geometridae	Somatina
Mithuna arizana	1140.6597	1019.64705882353	Erebidae	Mithuna
Ziridava kanshireiensis	1299.5684	547.892857142857	Geometridae	Ziridava
Callopistria nobilior	747.24554	557.090909090909	Noctuidae	Callopistria
Meganola ascripta	1081.2355	749.666666666667	Nolidae	Meganola
Acontia olivacea	848.5047	822	Noctuidae	Acontia
Corymica pryeri	1027.9012	988.782608695652	Geometridae	Corymica
Opisthograptis punctilineata	1625.6405	1947.55	Geometridae	Opisthograptis
Taicallimorpha albipuncta	514.607	2280.33333333333	Erebidae	Taicallimorpha
Dysaethria suisharyonis	555.1031	2206.14285714286	Uraniidae	Dysaethria
Hampsonella arizana	876.7518	1341.125	Limacodidae	Hampsonella
Spoladea recurvalis	871.2806	766.95	Crambidae	Spoladea
Nyctemera carissima formosana	495.26038	502.854545454546	Erebidae	Nyctemera
Cechetra lineosa	1232.3221	1425.88235294118	Sphingidae	Cechetra
Spilarctia subcarnea	452.5576	229.013513513514	Erebidae	Spilarctia
Macrocilix mysticata flavotincta	1109.1155	1584.16666666667	Drepanidae	Macrocilix
Acronicta pruinosa	1761.3125	956.1	Noctuidae	Acronicta
Simplicia xanthoma	753.0497	783.714285714286	Erebidae	Simplicia
Thalassodes sp	735.9269	784.25	Geometridae	Thalassodes
Endotricha metacuralis	1135.4634	1988.375	Pyralidae	Endotricha
Neope muirheadi nagasawae	978.13794	408	Nymphalidae	Neope
Ceratonema wilemani	353.60236	115.666666666667	Limacodidae	Ceratonema
Sarcinodes aequilinearia	757.9924	711.888888888889	Geometridae	Sarcinodes
Tanaorhinus formosana	1029.7036	1371	Geometridae	Tanaorhinus
Horipsestis aenea aenea	1529.6753	700.818181818182	Drepanidae	Horipsestis
Platycerota vitticostata	1182.6621	245	Geometridae	Platycerota
Botyodes caldusalis	636.8927	466.125	Crambidae	Botyodes
Eudocima salaminia	748.13696	253.875	Erebidae	Eudocima
Euproctis croceola	1541.7495	1313.5	Erebidae	Euproctis
Susica sinensis	856.08606	356	Limacodidae	Susica
Nordstromia semililacina	1625.6084	1672.02857142857	Drepanidae	Nordstromia
Areas galactina formosana	545.4167	585.5	Erebidae	Areas
Ophiusa trapezium	1118.1956	436	Erebidae	Ophiusa
Prorodes mimicus	721.4364	290.75	Crambidae	Prorodes
Nola lucidalis nephodes	1230.0411	253.25	Nolidae	Nola
Loxioda similis	1244.7451	833.333333333333	Erebidae	Loxioda
Allodontoides tenebrosa	1192.0792	397.294117647059	Notodontidae	Allodontoides
Meganola triangulalis	855.7659	569.153846153846	Nolidae	Meganola
Idaea egenaria	866.64056	1027	Geometridae	Idaea
Satoblephara owadai	787.4082	1104.14285714286	Geometridae	Satoblephara
Xyleutes strix	785.47656	311.08	Cossidae	Xyleutes
Dysaethria flavistriga	902.84296	384.142857142857	Uraniidae	Dysaethria
Pindara illibata	888.6786	530.577777777778	Erebidae	Pindara
Plusiopalpa adrasta shisa	1001.73517	906.666666666667	Noctuidae	Plusiopalpa
Nothoploca endoi	1848.9995	2203.375	Drepanidae	Nothoploca
Chiasmia emersaria	649.59326	249.714285714286	Geometridae	Chiasmia
Rivula basalis	1079.4572	852.333333333333	Erebidae	Rivula
Nemophora ahenea	1355.4999	134	Adelidae	Nemophora
Agnidra scabiosa fixseni	1091.5488	1209.2	Drepanidae	Agnidra
Ourapteryx sciticaudaria	939.90466	1284.66666666667	Geometridae	Ourapteryx
Herochroma cristata	668.78406	383.25	Geometridae	Herochroma
Eucyclodes gavissima aphrodite	389.57104	1977.5	Geometridae	Eucyclodes
Paracymoriza taiwanalis	1769.8374	2291.33333333333	Crambidae	Paracymoriza
Ectropis arizanensis	1155.5638	1717.09090909091	Geometridae	Ectropis
Carea varipes	1128.1726	1227	Nolidae	Carea
Lophoptera squammigera	848.8135	468.595238095238	Euteliidae	Lophoptera
Percnia longitermen	802.9304	692.533333333333	Geometridae	Percnia
Tamba taiwana	1366.2024	2064.6	Erebidae	Tamba
Pogonopygia pavida pavida	1112.9374	1182.88888888889	Geometridae	Pogonopygia
Scopelodes contractus	558.7393	359.857142857143	Limacodidae	Scopelodes
Garaeus specularis specularis	1129.092	1949	Geometridae	Garaeus
Togaritensha curvilinea curvilinea	1748.7765	2197.125	Notodontidae	Togaritensha
Loepa formosensis	1255.317	1122.30769230769	Saturniidae	Loepa
Perixera sarawackaria	818.3458	533.25	Geometridae	Perixera
Locastra muscosalis	907.10535	395.161290322581	Pyralidae	Locastra
Gabala argentata	1704.5841	868	Nolidae	Gabala
Bastilla fulvotaenia	667.37085	288.826086956522	Erebidae	Bastilla
Serrodes campana	1169.4269	700.744186046512	Erebidae	Serrodes
Amsactoides solitaria	1023.77185	391.428571428571	Erebidae	Amsactoides
Agathia laetata	517.2899	479.666666666667	Geometridae	Agathia
Chrysodeixis heberachis	1060.5321	456.505050505051	Noctuidae	Chrysodeixis
Pareclipsis umbrata	1107.074	722.375	Geometridae	Pareclipsis
Fentonia baibarana	1518.0352	825.105263157895	Notodontidae	Fentonia
Pericyma cruegeri	1321.7222	311.666666666667	Erebidae	Pericyma
Calliteara angulata	992.3826	726.6	Erebidae	Calliteara
Blenina chlorophila	985.6528	1561.5	Nolidae	Blenina
Tarsolepis taiwana	1070.6438	1131.84615384615	Notodontidae	Tarsolepis
Horipsestis mushana mushana	1404.0092	1305.5	Drepanidae	Horipsestis
Blenina senex	1287.5233	1285	Nolidae	Blenina
Chloroclystis rubroviridis	1549.794	1874.66666666667	Geometridae	Chloroclystis
Aplochlora costipicta	1410.201	1091.71428571429	Geometridae	Aplochlora
Omiodes noctescens	989.5805	548.714285714286	Crambidae	Omiodes
Hypocala subsatura	1082.3644	1090.89393939394	Erebidae	Hypocala
Laspeyria ruficeps	1001.074	450.5	Erebidae	Laspeyria
Parapercnia giraffata	966.67847	876.333333333333	Geometridae	Parapercnia
Amerila astrea	480.7815	523.0625	Erebidae	Amerila
Alcis scortea	1706.3322	2061.91666666667	Geometridae	Alcis
Loxaspilates arrizanaria	1680.6755	2295.66666666667	Geometridae	Loxaspilates
Spilarctia clava	1786.3252	2075.55	Erebidae	Spilarctia
Callyna contracta	1015.5773	1643.69230769231	Noctuidae	Callyna
Dendrolimus arizana	1269.9601	1859.54166666667	Lasiocampidae	Dendrolimus
Pheosiopsis cinerea formosana	1518.316	1303.28571428571	Notodontidae	Pheosiopsis
Thyas coronata	1011.5907	893.105263157895	Erebidae	Thyas
Maxates glaucaria	1461.312	2300	Geometridae	Maxates
Spodoptera pecten	1021.5166	295.227272727273	Noctuidae	Spodoptera
Diduga flavicostata	1515.4973	204.333333333333	Erebidae	Diduga
Syllepte taiwanalis	723.11084	316.410714285714	Crambidae	Syllepte
Oreta loochooana	1050.7913	1025.75	Drepanidae	Oreta
Camptoloma carum	726.16064	507	Nolidae	Camptoloma
Bastilla absentimacula	760.5868	290.788461538461	Erebidae	Bastilla
Habrosyne pterographa	1722.7081	2054.6	Drepanidae	Habrosyne
Mecodina albodentata	804.86835	268.487804878049	Erebidae	Mecodina
Polyphagozerra coffeae	1434.9116	398.3	Cossidae	Polyphagozerra
Cyana sanguinea	532.4225	789.714285714286	Erebidae	Cyana
Pylargosceles steganioides limbaria	824.91425	348.333333333333	Geometridae	Pylargosceles
Episparis taiwana	1084.46	523.615384615385	Erebidae	Episparis
Hydatocapnia gemina	805.7939	644.652173913044	Geometridae	Hydatocapnia
Ourapteryx venusta	1847.3978	2287	Geometridae	Ourapteryx
Conilepia nigricosta paiwan	812.32446	429.72	Erebidae	Conilepia
Endotricha consocia	813.01404	283.153846153846	Pyralidae	Endotricha
Brunia antica	976.97186	317.363636363636	Erebidae	Brunia
Arcte coerula	1110.7788	1136	Noctuidae	Arcte
Andraca theae	1076.1285	1868	Endromidae	Andraca
Somena scintillans	1221.208	725.944444444444	Erebidae	Somena
Heterothera sororcula	1971.3906	2237.33333333333	Geometridae	Heterothera
Heotia vitessoides	575.3491	642.5	Crambidae	Heotia
Miltochrista ziczac	858.12823	476.555555555555	Erebidae	Miltochrista
Macaria abydata	757.01587	199	Geometridae	Macaria
Edessena gentiusalis	1003.5755	584	Erebidae	Edessena
Carea internifusca	1100.3158	703.857142857143	Nolidae	Carea
Herochroma ochreipicta	1074.109	1714.85714285714	Geometridae	Herochroma
Orthopygia nannodes	937.78674	223	Pyralidae	Orthopygia
Lipararchis tranquillalis	1228.1008	266.166666666667	Crambidae	Lipararchis
Luxiaria mitorrhaphes	1142.6055	861.983870967742	Geometridae	Luxiaria
Apospasta rantaizanensis	1296.9128	1692.5	Noctuidae	Apospasta
Cidariplura shanmeii	326.79306	570.285714285714	Erebidae	Cidariplura
Ophthalmitis herbidaria	693.36633	179.8	Geometridae	Ophthalmitis
Agrocholorta taiwanawae	1094.2483	1506	Noctuidae	Agrocholorta
Dahira obliquifascia	1006.7269	490.2	Sphingidae	Dahira
Syntomoides imaon	836.3126	383.117647058823	Erebidae	Syntomoides
Phthonandria atrilineata cuneilinearia	990.64105	287.444444444444	Geometridae	Phthonandria
Ramesa albistriga	1195.6537	264.142857142857	Notodontidae	Ramesa
Parobeidia gigantearia marginifascia	428.42432	1790.18181818182	Geometridae	Parobeidia
Eospilarctia formosana	1733.4174	2278.625	Erebidae	Eospilarctia
Benbowia takamukuanus	1228.689	1052.4	Notodontidae	Benbowia
Hepatica irrorata	1488.0876	942.75	Erebidae	Hepatica
Mecodina praecipua	1108.9603	330	Erebidae	Mecodina
Conistra anonyma	1065.6055	2141.75	Noctuidae	Conistra
Tridrepana flava flava	1102.6354	814	Drepanidae	Tridrepana
Lymantria mathura subpallida	909.34045	394.336734693878	Erebidae	Lymantria
Alcis taiwanovariegata	1349.314	1396.84175084175	Geometridae	Alcis
Pseudocollix hyperythra catalalia	643.8892	610.666666666667	Geometridae	Pseudocollix
Syntypistis pallidifascia pallidifascia	1185.989	750	Notodontidae	Syntypistis
Oreta brunnea	1214.9973	1892.8	Drepanidae	Oreta
Sarcinodes yayeyamana	733.0565	596.464285714286	Geometridae	Sarcinodes
Euproctis karapina	1019.5687	1427	Erebidae	Euproctis
Chadisra bipartita	1327.0986	695.681818181818	Notodontidae	Chadisra
Ernolatia moorei	810.04675	338	Bombycidae	Ernolatia
Ischyja manlia	1051.8232	1034.94117647059	Erebidae	Ischyja
Uresiphita quinquigera	841.4873	434.529411764706	Crambidae	Uresiphita
Lixa productalis taiwana	749.79315	289.25	Pyralidae	Lixa
Lyclene arcuata	1021.9285	378.618421052632	Erebidae	Lyclene
Lamida obscura	695.3818	640.785714285714	Pyralidae	Lamida
Eilicrinia flava	662.6303	423.189189189189	Geometridae	Eilicrinia
Lophophelma iterans onerosus	321.73642	598.293103448276	Geometridae	Lophophelma
Neohipparchus vallata	830.83545	1013.11111111111	Geometridae	Neohipparchus
Lyclene alikangiae	1019.4314	711.208791208791	Erebidae	Lyclene
Hypomecis roboraria amplaria	851.1158	1133.6	Geometridae	Hypomecis
Dipterygina indica	1083.0188	1089.57142857143	Noctuidae	Dipterygina
Disparia wilemani	1303.625	790.333333333333	Notodontidae	Disparia
Anectropis semifascia	1609.1056	1908.22222222222	Geometridae	Anectropis
Menophra humeraria	1432.9088	1403.66666666667	Geometridae	Menophra
Berta rugosivalva	1035.2502	531.4	Geometridae	Berta
Sarcopteron punctimargo	389.70364	245	Erebidae	Sarcopteron
Mythimna yu	1157.0428	334.4	Noctuidae	Mythimna
Cyclidia substigmaria substigmaria	1036.3384	1187.16666666667	Drepanidae	Cyclidia
Horithyatira decorata takamukui	1657.2776	1761.475	Drepanidae	Horithyatira
Paraona staudingeri formosana	1165.363	1240.42105263158	Erebidae	Paraona
Psilogramma increta	1035.9403	637.5	Sphingidae	Psilogramma
Somera viridifusca viridifusca	1538.4666	706.4	Notodontidae	Somera
Tethea consimilis c-album	1425.0886	1595.54545454545	Drepanidae	Tethea
Spodoptera mauritia acronyctoides	1090.3053	1122.2	Noctuidae	Spodoptera
Ilema olivacea	985.80963	539.170212765957	Erebidae	Ilema
Polyptychus chinensis	1181.6409	799.333333333333	Sphingidae	Polyptychus
Ascotis selenaria imparata	1160.0266	869.333333333333	Geometridae	Ascotis
Calyptra minuticornis bisacutum	596.9579	529.833333333333	Erebidae	Calyptra
Epipsestis cortigera	1325.2399	1700.5	Drepanidae	Epipsestis
Heortia vitessoides	495.39273	376.277777777778	Crambidae	Heortia
Anacronicta nitida	962.86816	1293.5	Noctuidae	Anacronicta
Marumba sperchius sperchius	902.07	1142.08333333333	Sphingidae	Marumba
Dilophodes elegans khasiana	1841.58	2162.31578947368	Geometridae	Dilophodes
Theretra latreillii lucasii	936.5678	334	Sphingidae	Theretra
Piercia yui	1878.8763	2300	Geometridae	Piercia
Rusicada privata	1070.4836	829.833333333333	Erebidae	Rusicada
Choreutis amethystodes	436.3513	175.5	Choreutidae	Choreutis
Sonagara strigipennis	1264.5552	928.777777777778	Thyrididae	Sonagara
Hysteroscene hyalina	812.1934	570.444444444444	Zygaenidae	Hysteroscene
Herminia kurokoi	1330.1425	437.642857142857	Erebidae	Herminia
Parabapta unifasciata	1078.7241	1409.27272727273	Geometridae	Parabapta
Garaeus apicata formosanus	1087.4731	1119.97674418605	Geometridae	Garaeus
Thosea sinensis	810.10516	390.3125	Limacodidae	Thosea
Anorthoa fabiani	1831.1288	2093.5	Noctuidae	Anorthoa
Hirasa punctivenaria taiwana	929.1442	2107	Geometridae	Hirasa
Siccia taiwana	1400.4285	772	Erebidae	Siccia
Pachynoa thoosalis	699.5007	271.357142857143	Crambidae	Pachynoa
Gargela renatusalis	779.40204	541.75	Crambidae	Gargela
Orthosia castanea	1527.7332	2192.55555555556	Noctuidae	Orthosia
Machaeropteris petalacma	1666.7162	1799	Tineidae	Machaeropteris
Daddala lucilla	1236.3561	1315.40707964602	Erebidae	Daddala
Bastilla joviana joviana	1140.7749	327.3	Erebidae	Bastilla
Hypena perspicua	1173.3392	1283.34285714286	Erebidae	Hypena
Heterolocha coccinea	917.8972	803.305555555556	Geometridae	Heterolocha
Paracolax pryeri	898.0495	846.8	Erebidae	Paracolax
Ommatophora luminosa	988.56445	660.044444444445	Erebidae	Ommatophora
Antha grata	1434.9259	603	Noctuidae	Antha
Hypena trigonalis	1175.9811	647.666666666667	Erebidae	Hypena
Cosmotriche discitincta discitincta	1751.0393	1950.5641025641	Lasiocampidae	Cosmotriche
Syntypistis comatus	1566.1919	1486.09090909091	Notodontidae	Syntypistis
Glyphodes chilka	898.7997	1230.33333333333	Crambidae	Glyphodes
Amyna punctum	861.3315	616	Noctuidae	Amyna
Hypena albopunctalis	899.2819	532	Erebidae	Hypena
Bocula marginata	849.73157	411.647058823529	Erebidae	Bocula
Aroa substrigosa	585.0493	250.150943396226	Erebidae	Aroa
Ninodes splendens	995.7903	1148	Geometridae	Ninodes
Moma abbreviata	898.34033	810.833333333333	Noctuidae	Moma
Vamuna alboluteora	1224.5946	1348.55102040816	Erebidae	Vamuna
Ceratarcha umbrosa	1068.1278	431.627450980392	Crambidae	Ceratarcha
Pseudabraxas taiwana	1008.2707	1112	Geometridae	Pseudabraxas
Mythimna exsanguis	538.138	168.5	Noctuidae	Mythimna
Metaemene atrigutta	863.16003	270.9	Erebidae	Metaemene
Comibaena delicatior	807.2639	749.833333333333	Geometridae	Comibaena
Antigastra catalaunalis	774.8892	548.6	Crambidae	Antigastra
Lymantria umbrifera	1631.2024	1698.6	Erebidae	Lymantria
Harutalcis fumigata	1852.6252	1848.65714285714	Geometridae	Harutalcis
Adrapsa simplex	788.59674	683.84	Erebidae	Adrapsa
Barsine ponlai	1112.2861	1507.33333333333	Erebidae	Barsine
Lophoruza pulcherrima	558.57385	333.307692307692	Erebidae	Lophoruza
Ctenoplusia furcifera furcifera	1244.8297	658.2	Noctuidae	Ctenoplusia
Tanaoctenia haliaria	1406.3925	1812.02564102564	Geometridae	Tanaoctenia
Magusa tenebrosa	1084.2944	846.333333333333	Noctuidae	Magusa
Aplotelia diplographa	1258.3256	490.833333333333	Euteliidae	Aplotelia
Agrotis taiwana	1138.5209	1947.85714285714	Noctuidae	Agrotis
Ctenoplusia albostriata	971.54376	747.5	Noctuidae	Ctenoplusia
Narangodes confluens	1210.3057	1341.88235294118	Nolidae	Narangodes
Dypterygia subfusca	1088.2517	1262.75	Noctuidae	Dypterygia
Agrocholorta albirena chihtuana	1284.3262	1180.6	Noctuidae	Agrocholorta
Hypatima spathota	948.6019	212.666666666667	Gelechiidae	Hypatima
Heterolocha marginata	1558.8373	2330.66666666667	Geometridae	Heterolocha
Hypochrosis rufescens	1742.5258	1844.69565217391	Geometridae	Hypochrosis
Rhynchaglaea taiwana	1594.5864	2119.14285714286	Noctuidae	Rhynchaglaea
Episteira sp	1186.7396	322	Geometridae	Episteira
Euproctis sericea	395.32037	1832.36363636364	Erebidae	Euproctis
Herochroma baibarana	853.5329	692.692307692308	Geometridae	Herochroma
Chloroclystis blanda	1814.6204	2190.5	Geometridae	Chloroclystis
Apithecia viridata wilemani	1767.4049	2167.875	Geometridae	Apithecia
Vindusara moorei	856.34	835.272727272727	Geometridae	Vindusara
Palpoctenidia phoenicosoma semilauta	792.249	1640.8	Geometridae	Palpoctenidia
Condica dolorosa	1028.3511	257.75	Noctuidae	Condica
Lymantria xylina xylina	701.48315	353.4	Erebidae	Lymantria
Extremoplusia megaloba	1080.3127	584	Noctuidae	Extremoplusia
Eterusia aedea formosana	388.57153	381.473684210526	Zygaenidae	Eterusia
Brevipecten consanguis	1126.6821	458.333333333333	Erebidae	Brevipecten
Nyctycia endoi endoi	1289.8192	2149.5	Noctuidae	Nyctycia
Cypoides chinensis	995.69006	799.642857142857	Sphingidae	Cypoides
Nola punctilineata	1556.3015	549	Nolidae	Nola
Ecliptopera rectilinea kanshinensis	1412.219	375.1	Geometridae	Ecliptopera
Asota plana lacteata	454.31165	396.142857142857	Erebidae	Asota
Alcis maculata taiwanica	1234.204	2133.4	Geometridae	Alcis
Arbudas submacula	743.8662	1325	Zygaenidae	Arbudas
Chalciope mygdon	1195.2688	310.857142857143	Erebidae	Chalciope
Bocchoris inspersalis	1445.6962	226.2	Crambidae	Bocchoris
Spilarctia sp	865.18207	1049.63636363636	Erebidae	Spilarctia
Callopistria deflexusa	953.9452	746	Noctuidae	Callopistria
Arna bipunctapex	983.82666	228.4	Erebidae	Arna
Lyclene mediobliqua	960.2361	1900	Erebidae	Lyclene
Xestia tamsi	1167.9349	2274.18181818182	Noctuidae	Xestia
Orybina flaviplaga	1369.3398	1390	Pyralidae	Orybina
Peralostega deletaria deletaria	941.2412	666.76	Geometridae	Peratostega
Nyctycia strigidisca nigridorsi	1883.6128	2263	Noctuidae	Nyctycia
Chiasmia monticolaria notia	742.17957	673.75	Geometridae	Chiasmia
Arippara indicator	988.4979	189.6	Pyralidae	Arippara
Calyptra orthograpta	1317.3319	757.642857142857	Erebidae	Calyptra
Zurobata vacillans	945.1968	581.473684210526	Erebidae	Zurobata
Barsine callorufa	1522.9626	2150.33333333333	Erebidae	Barsine
Athetis stellulata	929.7003	737.090909090909	Noctuidae	Athetis
Neopheosia fasciata fasciata	1113.8701	992.333333333333	Notodontidae	Neopheosia
Albara reversaria opalescens	1030.7599	570.964285714286	Drepanidae	Albara
Melanthia procellata szechuanensis	1704.9374	1305.84615384615	Geometridae	Melanthia
Epipsestis nikkoensis	1490.4207	2300	Drepanidae	Epipsestis
Blasticorhinus rivulosa	1080.7805	307.764705882353	Erebidae	Blasticorhinus
Neoreta purpureofascia	1167.3392	404.888888888889	Drepanidae	Neoreta
Hastina subfalcaria caeruleolineata	997.95105	1993.14285714286	Geometridae	Hastina
Synegia pallens abeliae	910.6509	670	Geometridae	Synegia
Metaemene hampsoni	656.9535	742.571428571429	Erebidae	Metaemene
Perixera absconditaria absconditaria	1211.8442	1098.4	Geometridae	Perixera
Gastropacha pardale formosana	780.7862	651.235294117647	Lasiocampidae	Gastropacha
Mythimna nigrilinea	877.05597	100.6	Noctuidae	Mythimna
Comparmustilia gerontica	1204.3707	1411.53333333333	Endromidae	Comparmustilia
Vanlangia castanea	1176.2317	1071.28571428571	Limacodidae	Vanlangia
Trisuloides sugii	1197.343	670	Noctuidae	Trisuloides
Hypomecis punctinalis glos	872.1277	236.939393939394	Geometridae	Hypomecis
Callyna jugaria	866.16614	323.947368421053	Noctuidae	Callyna
Helicoverpa armigera	1097.3085	979.15	Noctuidae	Helicoverpa
Sesamia inferens	347.63715	411.333333333333	Noctuidae	Sesamia
Ilema kosemponica	1146.6991	633.424242424242	Erebidae	Ilema
Calliteara postfusca	1105.5145	1292.05714285714	Erebidae	Calliteara
Oreta fuscopurpurea	1112.0302	687.967741935484	Drepanidae	Oreta
Garudinia bimaculata	777.0244	277.809523809524	Erebidae	Garudinia
Thyatira batis formosicola	1509.1775	426.2	Drepanidae	Thyatira
Mocis frugalis	1004.10034	203.325581395349	Erebidae	Mocis
Tasta argozana	1365.2273	1078.6	Geometridae	Tasta
Lophoptera hemithyris	402.15164	416.230769230769	Euteliidae	Lophoptera
Menophra taiwana	1199.3584	742.785714285714	Geometridae	Menophra
Clavipalpula aurariae formosana	1765.3606	2165.6875	Noctuidae	Clavipalpula
Metabraxas rubrotincta	1372.0798	1195.5	Geometridae	Metabraxas
Aethalura duplicata	1166.3042	1157	Geometridae	Aethalura
Ecliptopera umbrosaria stathera	1308.2278	410.5	Geometridae	Ecliptopera
Euchristophia cumulata meridionalis	1434.8804	1873.14285714286	Geometridae	Euchristophia
Hypocala violacea	1051.4441	1038.66666666667	Erebidae	Hypocala
Hyposidra infixaria	657.65576	157.37037037037	Geometridae	Hyposidra
Parasa pastoralis	855.7809	240.5	Limacodidae	Parasa
Conistra takasago	1343.4425	1950.66666666667	Noctuidae	Conistra
Katha magnata magnata	801.78534	746.666666666667	Erebidae	Katha
Avatha bipartita	1059.0875	244.523809523809	Erebidae	Avatha
Metallaxis semiustus	602.1334	448.333333333333	Geometridae	Metallaxis
Lygephila yoshimotoi	1228.855	2055.25	Erebidae	Lygephila
Biston regalis comitata	1319.692	1795	Geometridae	Biston
Pseudosphetta moorei	1144.3718	389.285714285714	Erebidae	Pseudosphetta
Calliteara lunulata takamukuana	1128.5789	761.5	Erebidae	Calliteara
Aurana vinaceella	951.0152	624.5	Pyralidae	Aurana
Cleora sp	1064.2673	256	Geometridae	Cleora
Apha horishana	1504.0732	1194	Eupterotidae	Apha
Hydrillodes nilgirialis	1052.0424	541.192307692308	Erebidae	Hydrillodes
Stauropus alternus alternus	891.9379	302.666666666667	Notodontidae	Stauropus
Olulis puncticinctalis	727.879	197.444444444444	Erebidae	Olulis
Odontopera insulata insulata	1506.7844	2128.27272727273	Geometridae	Odontopera
Tympanistes rubidorsalis	1020.5079	1525	Nolidae	Tympanistes
Pangrapta lunulata	593.5621	329.25	Erebidae	Pangrapta
Panilla dispila	666.0127	294.571428571429	Erebidae	Panilla
Entomogramma fautrix	989.03204	197	Erebidae	Entomogramma
Psilalcis pulveraria	754.0182	609.318181818182	Geometridae	Psilalcis
Strepsigonia diluta takamukui	1267.8331	408.666666666667	Drepanidae	Strepsigonia
Gastropacha horishana	694.40753	462.791666666667	Lasiocampidae	Gastropacha
Idaea sugillata	1261.376	1963	Geometridae	Idaea
Calicha griseoviridata	887.09796	1712.5	Geometridae	Calicha
Lophoptera nama	955.1522	408.333333333333	Euteliidae	Lophoptera
Andraca yauichui	1088.7635	2100.75	Endromidae	Andraca
Harutaea flavizona	893.07385	773	Geometridae	Harutaea
Trichoplites albimaculosa	1818.5447	2300	Geometridae	Trichoplites
Tyana falcata	1800.4199	1554.5	Nolidae	Tyana
Panthea grisea	1308.3223	1824	Noctuidae	Panthea
Zanclognatha nigrisigna	1625.4194	180.333333333333	Erebidae	Zanclognatha
Hypena longipennis	1206.6725	1487.93333333333	Erebidae	Hypena
Bertula terminalis	1665.5759	2300	Erebidae	Bertula
Antheraea formosana	1113.0621	955.7	Saturniidae	Antheraea
Hylophilodes tsukusensis	1528.2756	1039.57142857143	Nolidae	Hylophilodes
Macrobrochis gigas	493.37918	420.119047619048	Erebidae	Macrobrochis
Ectropis bhurmitra	1173.2614	298.842105263158	Geometridae	Ectropis
Epiplema arcuata	1525.8586	2289.16666666667	Uraniidae	Epiplema
Kamalia tattakana	1161.1643	1121.5	Notodontidae	Kamalia
Callopistria phaeogona	966.1414	477.916666666667	Noctuidae	Callopistria
Circobotys aurealis	688.9115	377.083333333333	Crambidae	Circobotys
Pleuroptya characteristica	660.02313	488	Crambidae	Pleuroptya
Oraesia excavata	973.1273	614.857142857143	Erebidae	Oraesia
Agrius convolvuli	1076.1561	770	Sphingidae	Agrius
Epobeidia lucifera extranigricans	1457.5273	1839.35	Geometridae	Epobeidia
Dooabia alia	877.8372	2135.5	Geometridae	Dooabia
Checupa stegeri	1643.5032	1803.09090909091	Noctuidae	Checupa
Sarcinodes mongaku	1372.6078	713	Geometridae	Sarcinodes
Acosmeryx castanea	1190.9781	522.675675675676	Sphingidae	Acosmeryx
Netria multispinae multispinae	1355.6846	1781.18181818182	Notodontidae	Netria
Anoratha sinuosa	1627.1824	1914	Erebidae	Anoratha
Xenotrachea albidisca pseudodisca	1556.5421	624	Noctuidae	Xenotrachea
Mythimna separata	1391.9319	645.7	Noctuidae	Mythimna
Lophobates inchoata	925.0495	709.620689655172	Geometridae	Lophobates
Mahanta kawadai	1569.5927	1545.83333333333	Limacodidae	Mahanta
Zanclognatha subtriplex	1302.0953	341.2	Erebidae	Zanclognatha
Parabapta obliqua	1359.5165	1410.66666666667	Geometridae	Parabapta
Athetis brunneolineosa	1199.425	1281.07692307692	Noctuidae	Athetis
Argyrogramma signata	1136.3547	311.6	Noctuidae	Argyrogramma
Lemyra imparilis	919.8078	450.111111111111	Erebidae	Lemyra
Chlorodontopera discospilata	1266.8585	1742.92857142857	Geometridae	Chlorodontopera
Hypena lignealis	987.4216	1303.89473684211	Erebidae	Hypena
Comostola enodata	652.76575	1277.33333333333	Geometridae	Comostola
Naxidia punctata	1617.4756	1762.22222222222	Geometridae	Naxidia
Nechesia albodentata	481.08905	273.666666666667	Erebidae	Nechesia
Ercheia niveostrigata	1075.2755	486.181818181818	Erebidae	Ercheia
Lemyra alikangensis	1079.3151	453.725	Erebidae	Lemyra
Alcis arizana	1774.4702	2300	Geometridae	Alcis
Aedia lichenea	570.0958	422.666666666667	Noctuidae	Aedia
Blasticorhinus bifasciata	1714.1978	1152.83333333333	Erebidae	Blasticorhinus
Idaea costiguttata	1136.6859	1003.11111111111	Geometridae	Idaea
Timandra extremaria	752.0839	490.466666666667	Geometridae	Timandra
Rachia lineata	871.4144	1670.71428571429	Notodontidae	Rachia
Herpetogramma luctuosalis	638.2018	483.620689655172	Crambidae	Herpetogramma
Maruca vitrata	1202.273	1115.9375	Crambidae	Maruca
Spilarctia wilemani	890.92523	946.913043478261	Erebidae	Spilarctia
Agathia visenda curvifiniens	449.4039	261.5	Geometridae	Agathia
Perizoma fasciaria	720.0621	483.384615384615	Geometridae	Perizoma
Calliteara taiwana	1311.3162	1320.375	Erebidae	Calliteara
Ourapteryx changi	1262.525	1526	Geometridae	Ourapteryx
Westermannia elliptica elliptica	807.4723	360.303571428572	Nolidae	Westermannia
Psilalcis albibasis	1575.2983	1738.3125	Geometridae	Psilalcis
Rivula niveipuncta	1198.9941	431	Erebidae	Rivula
Parectropis subflava	1320.6937	1799.21052631579	Geometridae	Parectropis
Diplopseustis perieresalis	1504.4414	1095.5	Crambidae	Diplopseustis
Scopula propinquaria	1128.7418	268.4	Geometridae	Scopula
Diarsia formosensis	1816.3619	1946.28571428571	Noctuidae	Diarsia
Percnia suffusa	751.9198	150.066666666667	Geometridae	Percnia
Ilema nigrofascia	638.1172	387.272727272727	Erebidae	Ilema
Simplicia discosticta	1400.1334	203.4	Erebidae	Simplicia
Callopistria delicata	897.4232	917.137931034483	Noctuidae	Callopistria
Kerala lentiginosa	1839.5775	1892.9	Nolidae	Kerala
Callopistria duplicans	1269.0735	554.5	Noctuidae	Callopistria
Ourapteryx caecata	1755.3074	2178	Geometridae	Ourapteryx
Corymica deducta	925.24414	276	Geometridae	Corymica
Anorthoa plumbeata	1633.1738	2187.3	Noctuidae	Anorthoa
Mythimna martoni	1591.2091	1442.125	Noctuidae	Mythimna
Organopoda carnearia carnearia	911.36835	1139.93333333333	Geometridae	Organopoda
Auaxa cesadaria	1176.7136	2004	Geometridae	Auaxa
Cleora alienaria	833.8796	349.606060606061	Geometridae	Cleora
Synegiodes histrionaria ornata	1052.6508	1676.57142857143	Geometridae	Synegiodes
Racotis boarmiaria	952.9396	590.769230769231	Geometridae	Racotis
Asota caricae	685.089	526.05	Erebidae	Asota
Hyposemansis singha	1063.4249	100	Erebidae	Hyposemansis
Perciana taiwana	1690.0486	1791.1	Erebidae	Perciana
Epipsestis meilingchani	1855.2496	2268.85714285714	Drepanidae	Epipsestis
Percnia luridaria nominoneura	958.92236	652.894736842105	Geometridae	Percnia
Acolutha pulchella semifulva	907.31586	1193.5	Geometridae	Acolutha
Traminda aventiaria	774.74506	334.835526315789	Geometridae	Traminda
Achaea janata	934.91296	628.533333333333	Erebidae	Achaea
Oberthueria formosibia	1525.4126	1419.3125	Endromidae	Oberthueria
Panolis variegatoides	1647.5105	2127.95652173913	Noctuidae	Panolis
Alcis admissaria undularia	1522.4093	1815.39534883721	Geometridae	Alcis
Hoplodrina implacata	798.85767	2173.2	Noctuidae	Hoplodrina
Eugoa cernyi	1511.4916	732.428571428572	Erebidae	Eugoa
Oruza divisa	980.2494	261	Erebidae	Oruza
Bradina diagonalis	699.6048	579.0625	Crambidae	Bradina
Microblepsis violacea	1065.9543	1023.57575757576	Drepanidae	Microblepsis
Mythimna pallidicosta	1377.7335	1101.5	Noctuidae	Mythimna
Sesamia nigropunctata	1137.1094	363.3	Noctuidae	Sesamia
Phlogophora albovittata	1530.7163	1749.59259259259	Noctuidae	Phlogophora
Lebeda nobilis	1262.7957	452.357142857143	Lasiocampidae	Lebeda
Arasada pyraliformis	293.6849	277.444444444444	Erebidae	Arasada
Rhagastis castor formosana	890.36816	748.071428571429	Sphingidae	Rhagastis
Barsine fuscozonata	1391.1652	1635.51351351351	Erebidae	Barsine
Hydrillodes torsivena	1215.4073	1512.64705882353	Erebidae	Hydrillodes
Ocoelophora lentiginosaria festa	604.6503	397	Geometridae	Ocoelophora
Blasticorhinus ussuriensis	1353.6792	1002	Erebidae	Blasticorhinus
Paracrama angulata	485.28635	746.777777777778	Nolidae	Paracrama
Pida postalba	1855.7615	2085.875	Erebidae	Pida
Parum colligata	990.83765	271.941176470588	Sphingidae	Parum
Acosmeryx naga naga	1182.0173	1164.19607843137	Sphingidae	Acosmeryx
Arichanna picaria	1628.0342	2198.41666666667	Geometridae	Arichanna
Eutrogia morosa	1225.0092	397.190476190476	Erebidae	Eutrogia
Gandaritis sinicaria postalba	1450.9469	1383.66666666667	Geometridae	Gandaritis
Pyrosis ni	1581.241	2011.28571428571	Lasiocampidae	Pyrosis
Eublemma quadrapex	735.4701	481.789473684211	Erebidae	Eublemma
Cnethodonta grisescens baibarana	1076.0963	1104.73684210526	Notodontidae	Cnethodonta
Bocula xanthostola	992.72174	496.266666666667	Erebidae	Bocula
Ditrigona conflexaria micronioides	1277.1492	1112	Drepanidae	Ditrigona
Fascellina plagiata	1216.7109	1416.63157894737	Geometridae	Fascellina
Cnaphalocrocis medinalis	689.3601	953.75	Crambidae	Cnaphalocrocis
Martania taiwana	1911.7451	2289.88888888889	Geometridae	Martania
Macaldenia palumba	659.23315	398.045454545455	Erebidae	Macaldenia
Theretra nessus	1263.6221	959.5	Sphingidae	Theretra
Lithopolia confusa confusa	1474.1672	1420	Noctuidae	Lithopolia
Glauconoe deductalis	531.5078	387.142857142857	Crambidae	Glauconoe
Diarsia sinuosa	1528.2479	1527.6	Noctuidae	Diarsia
Catocala macula	1013.27	1406.27777777778	Erebidae	Catocala
Lophoruza lunifera	1010.6243	322.090909090909	Erebidae	Lophoruza
Ambulyx ochracea	1146.286	795.125	Sphingidae	Ambulyx
Eressa confinis finitima	389.1405	339.451612903226	Erebidae	Eressa
Scriptoplusia nigriluna	1321.9873	252	Noctuidae	Scriptoplusia
Norracoides basinotata	1204.3712	300.454545454545	Notodontidae	Norracoides
Lophophelma taiwana	493.29053	699.119047619048	Geometridae	Lophophelma
Cryptophlebia repletana	760.0782	367.5	Tortricidae	Cryptophlebia
Paranigilgia bushii	232.46306	245	Brachodidae	Paranigilgia
Phazaca kosemponicola	995.5935	433.357142857143	Uraniidae	Phazaca
Cephena costata	378.68552	380	Erebidae	Cephena
Gymnasura semilutea	1129.1099	1230.57142857143	Erebidae	Gymnasura
Palpita asiaticalis	973.8987	535	Crambidae	Palpita
Iraga rugosa	780.1849	466.214285714286	Limacodidae	Iraga
Mecodina subcostalis	1037.0703	1185.52941176471	Erebidae	Mecodina
Perinaenia mingchyrica	1176.8792	1737.625	Erebidae	Perinaenia
Hemiscopis cinereum	892.8712	1002	Crambidae	Hemiscopis
Lomographa platyleucata marginata	1564.6136	1733	Geometridae	Lomographa
Luxiaria amasa amasa	1001.4907	1602.8	Geometridae	Luxiaria
Hadennia hisbonalis	936.18384	586.176470588235	Erebidae	Hadennia
Zanclopera falcata	719.1683	393.702127659574	Geometridae	Zanclopera
Bastilla maturata	1318.294	1507	Erebidae	Bastilla
Hypomecis obliquisigna	1056.0948	1343.11111111111	Geometridae	Hypomecis
Problepsis albidior matsumurai	690.7303	677.8125	Geometridae	Problepsis
Ophiusa tirhaca	937.37384	1020.7	Erebidae	Ophiusa
Pergesa acteus	1107.356	487.588235294118	Sphingidae	Pergesa
Deileptenia rimosaria	1572.7122	1868.92307692308	Geometridae	Deileptenia
Discoglypha hampsoni	1099.3795	1727	Geometridae	Discoglypha
Dudusa sphingiformis	805.6621	1810.5	Notodontidae	Dudusa
Stigmoctenoplusia aeneofusa	1258.4634	919	Noctuidae	Stigmoctenoplusia
Goniorhynchus butyrosus	723.36334	249.4	Crambidae	Goniorhynchus
Pingasa alba alba	392.7459	57.6666666666667	Geometridae	Pingasa
Acronicta intermedia	1785.3401	785	Noctuidae	Acronicta
Amraica asahinai	954.9221	1004	Geometridae	Amraica
Calguia defiguralis	785.5327	588.666666666667	Pyralidae	Calguia
Pleuroptya balteata	488.4984	479	Crambidae	Pleuroptya
Ambulyx sericeipennis	1062.0676	666.818181818182	Sphingidae	Ambulyx
Tochara creberrima	1029.0203	291.714285714286	Erebidae	Tochara
Asota egens indica	456.33258	424.687943262412	Erebidae	Asota
Ctenoplusia adiaphora	1823.7377	1732	Noctuidae	Ctenoplusia
Erebus gemmans	869.36	1266.28571428571	Erebidae	Erebus
Schistophyle falcifera	1011.6133	872.25	Geometridae	Schistophyle
Trilocha varians	692.7976	98.8518518518518	Bombycidae	Trilocha
Tethea oberthueri taiwana	1455.1879	1519.79591836735	Drepanidae	Tethea
Scedopla umbrosa	1100.769	418.44	Erebidae	Scedopla
Lophophleps purpurea	1243.4087	256.111111111111	Geometridae	Lophophleps
Pygospila tyres	870.21466	1353.41666666667	Crambidae	Pygospila
Botyodes asialis	719.8557	807.1875	Crambidae	Botyodes
Euplexia chlorerythra	1778.892	2138.75	Noctuidae	Euplexia
Comibaena pictipennis pictipennis	1349.6697	1999.5	Geometridae	Comibaena
Lista insulsalis	974.8019	622.769230769231	Pyralidae	Lista
Spilarctia tienmushana werneri	901.20996	617.111111111111	Erebidae	Spilarctia
Hemistola orbiculosa	542.1205	817.333333333333	Geometridae	Hemistola
Harpyia formosicola	1440.1677	1736.6	Notodontidae	Harpyia
Euproctis purpureofasciata	1741.1211	2024.55	Erebidae	Euproctis
Microxyla confusa	762.2332	356.833333333333	Noctuidae	Microxyla
Parasa consocia	723.7265	421.238095238095	Limacodidae	Parasa
Stauropus sikkimensis lushanus	1589.3259	1945	Notodontidae	Stauropus
Ericeia inangulata inangulata	1156.0088	719.571428571429	Erebidae	Ericeia
Oglasa costimacula	642.9064	284.304347826087	Erebidae	Oglasa
Cyana hamata hamata	684.23865	502	Erebidae	Cyana
Menophra anaplagiata	1257.8179	1124.72222222222	Geometridae	Menophra
Catoria olivescens	561.0759	546.5	Geometridae	Catoria
Chiasmia intermediaria	725.5416	436.75	Geometridae	Chiasmia
Notodonta griseotincta	1385.8419	1906.56140350877	Notodontidae	Notodonta
Krananda semihyalina	1075.3743	1265.83962264151	Geometridae	Krananda
Tarsolepis japonica	876.76495	766.121212121212	Notodontidae	Tarsolepis
Spilarctia subtestacea	528.5586	366.5	Erebidae	Spilarctia
Mythimna bistrigata	1184.8527	1281.6	Noctuidae	Mythimna
Hypena sinuosa	1291.9076	1322	Erebidae	Hypena
Bastilla arcuata	1104.8711	360.684210526316	Erebidae	Bastilla
Cusiala boarmioides	823.64435	371.087719298246	Geometridae	Cusiala
Danielithosia immaculata	982.0773	423.666666666667	Erebidae	Danielithosia
Acmeshachia gigantea	1319.651	1585.21428571429	Notodontidae	Acmeshachia
Isocentris filalis	732.85626	299.470588235294	Crambidae	Isocentris
Macroglossum mitchellii imperator	1315.1876	1598.44444444444	Sphingidae	Macroglossum
Apoheterolocha patalata	1855.9064	2300	Geometridae	Apoheterolocha
Idaea sinicata	954.45966	949.5	Geometridae	Idaea
Paradarisa comparataria rantaizanensis	1530.1603	2095	Geometridae	Paradarisa
Nishada formosibia	977.2181	332	Erebidae	Nishada
Euplexidia pallidivirens	1880.9454	2115.84615384615	Noctuidae	Euplexidia
Glyphodes onychinalis	689.39404	421	Crambidae	Glyphodes
Sophta diplochorda	928.48126	517.166666666667	Erebidae	Sophta
Herochroma supraviridaria	1189.5679	1753	Geometridae	Herochroma
Dendrolimus punctatus	1222.9722	1070.4347826087	Lasiocampidae	Dendrolimus
Pseudogyrtona marmorea	1698.59	1452	Erebidae	Pseudogyrtona
Mythimna albomarginata rubea	1016.7246	969.608695652174	Noctuidae	Mythimna
Karana hoenei marcida	844.87286	663.75	Noctuidae	Karana
Hydrelia bicolorata	1544.2454	1946.44444444444	Geometridae	Hydrelia
Bastilla praetermissa	750.20337	541.28125	Erebidae	Bastilla
Lophobates ochrolaria	1584.7169	1563.18181818182	Geometridae	Lophobates
Odontopera albiguttulata	1825.5055	1947.20588235294	Geometridae	Odontopera
Crypsiptya coclesalis	505.5581	291.125	Crambidae	Crypsiptya
Hymenia perspectalis	629.415	312.8	Crambidae	Hymenia
Parapsestis argenteopicta taiwana	1740.5654	1972.6	Drepanidae	Parapsestis
Stigmatophora tridens	860.1955	1220	Erebidae	Stigmatophora
Maliattha signifera	1404.982	330.571428571429	Noctuidae	Maliattha
Hipoepa fractalis	1200.017	304.9	Erebidae	Hipoepa
Krananda oliveomarginata	993.35876	515	Geometridae	Krananda
Hyposidra talaca talaca	901.3079	335.537572254335	Geometridae	Hyposidra
Pantana ochripalpis	1349.5651	528.727272727273	Erebidae	Pantana
Mythimna decisissima	1040.9833	820.625	Noctuidae	Mythimna
Lobogonodes dactylotypa	734.00134	1022.5	Geometridae	Lobogonodes
Demopsestis formosana	1859.4878	2091	Drepanidae	Demopsestis
Diarsia canescens	1409.2233	1518.8	Noctuidae	Diarsia
Anuga multiplicans	1006.70795	637.333333333333	Euteliidae	Anuga
Hyalobole kononenkoi	1562.5475	2287	Noctuidae	Hyalobole
Hypena taiwana	1197.6471	697.428571428571	Erebidae	Hypena
Mocis undata	1089.8018	376.702127659574	Erebidae	Mocis
Syntypistis subgeneris subgeneris	1199.1848	522.1	Notodontidae	Syntypistis
Sphragifera sigillata taimacula	1149.6375	1351.33333333333	Noctuidae	Sphragifera
Analthes taihokualis	906.72235	324.09375	Crambidae	Analthes
Mesoptila melanolopha	1783.4469	2269.33333333333	Geometridae	Mesoptila
Manoba major takasago	1382.1937	523.7	Nolidae	Manoba
Formofentonia orbifer rotundata	1587.846	1175.73333333333	Notodontidae	Formofentonia
Dictyestra dissecta	1127.4696	219.5	Noctuidae	Dictyestra
Discoglypha locupletata	1214.8881	1380.07142857143	Geometridae	Discoglypha
Fascellina chromataria	745.35504	535.09604519774	Geometridae	Fascellina
Calesia dasypterus	596.91144	383.2	Erebidae	Calesia
Eospilarctia nehallenia baibarensis	1751.6556	2013.5	Erebidae	Eospilarctia
Warreniplema fumicosta	1484.1063	796	Uraniidae	Warreniplema
Simplicia bimarginata	865.61487	489.234234234234	Erebidae	Simplicia
Simplicia cornicalis	945.89575	353.190476190476	Erebidae	Simplicia
Alcis postlurida	1806.5938	2249.91666666667	Geometridae	Alcis
Lemyra wernerthomasi	1339.2985	2155.25	Erebidae	Lemyra
Callibotys carapina	569.06964	593.666666666667	Crambidae	Callibotys
Hydrelia enisaria	1788.9756	1706	Geometridae	Hydrelia
Speidelia taiwana taiwana	1099.9388	2053	Noctuidae	Speidelia
Cechetra minor	1026.0729	594.958333333333	Sphingidae	Cechetra
Condica serva	1084.8717	330.615384615385	Noctuidae	Condica
Neogurelca hyas	1234.7144	228.5	Sphingidae	Neogurelca
Mnesiloba dentifascia	1066.6338	727.5	Geometridae	Mnesiloba
Talanga nympha	590.62695	431.75	Crambidae	Talanga
Agrioglypta itysalis	566.99634	295.677966101695	Crambidae	Agrioglypta
Corymica arnearia	622.8234	694.75	Geometridae	Corymica
Perina nuda	1080.4697	292.166666666667	Erebidae	Perina
Ecliptopera benigna	1643.4923	680.285714285714	Geometridae	Ecliptopera
Scopula kagiata	975.9923	1376.4	Geometridae	Scopula
Chorodna ochreimacula	970.806	597.333333333333	Geometridae	Chorodna
Myrioblephara simplaria simplaria	1362.3643	1628.9	Geometridae	Myrioblephara
Endotricha olivacealis	910.54144	846.6	Pyralidae	Endotricha
Tamba lala	812.58514	358.363636363636	Erebidae	Tamba
Epobeidia tigrata maxima	641.3013	776	Geometridae	Epobeidia
Cleora fraterna	937.7117	1068.95081967213	Geometridae	Cleora
Karana gemmifera	1877.407	1844.4	Noctuidae	Karana
Pseudomiza aurata	1164.1036	2114.93103448276	Geometridae	Pseudomiza
Bradina aulacodialis	1219.1042	1203.66666666667	Crambidae	Bradina
Sypnoides chinensis	1633.4296	2098.33333333333	Erebidae	Sypnoides
Pyrinioides sinuosus	872.2842	625.531914893617	Thyrididae	Pyrinioides
Hypena iconicalis	1104.6388	700.724137931035	Erebidae	Hypena
Tiracola plagiata	1266.281	1161.46875	Noctuidae	Tiracola
Miresa fulgida	1496.1237	416.794117647059	Limacodidae	Miresa
Iragaodes nobilis	1315.4606	886.75	Nolidae	Iragaodes
Odonestis bheroba formosae	724.1846	724.285714285714	Lasiocampidae	Odonestis
Olene dudgeoni	1017.8333	465.556291390729	Erebidae	Olene
Ctenoplusia placida	1723.7153	1072	Noctuidae	Ctenoplusia
Ghoria subpurpurea	792.219	2171.25	Erebidae	Ghoria
Eumelea ludovicata	927.2666	304.901960784314	Geometridae	Eumelea
Arctioblepsis rubida	704.1294	278.37037037037	Pyralidae	Arctioblepsis
Diarsia subtincta	932.74554	1821.5	Noctuidae	Diarsia
Psilalcis breta rantaizana	800.44525	455.776315789474	Geometridae	Psilalcis
Paralebeda femorata mirabilis	1208.439	653	Lasiocampidae	Paralebeda
Xandrames latiferaria curvistriga	419.55038	530.6	Geometridae	Xandrames
Herculia pelasgalis	1118.6733	606.6875	Pyralidae	Herculia
Doratoptera lutea	1459.735	1138.81818181818	Geometridae	Doratoptera
Harpyia microsticta baibarana	1471.858	1004	Notodontidae	Harpyia
Ampelophaga rubiginosa myosotis	967.43274	878	Sphingidae	Ampelophaga
Bocana manifestalis	886.12573	378	Erebidae	Bocana
