a1,a2,b1,b2,fname
3,242,42,237,V17-20140816-010
60,206,47,209,V03-20131201-084
38,236,19,235,A46-20150513-053
55,216,30,228,A47-20150318-079
50,219,27,234,A38-20130416-110
66,190,62,178,A35-20130605-084
42,207,51,208,A32-20120425-039
39,221,50,209,V04-20130606-121
58,208,42,237,A32-20111226-034
51,228,41,225,A32-20111123-022
33,211,44,211,A32-20111226-011
37,194,44,208,A42-20160713-042
21,226,37,219,A52-20160601-052
38,236,38,222,A52-20151110-199
38,227,34,227,A32-20120222-059
54,222,15,239,V16-20131122-015
38,220,47,216,A34-20130313-037
47,201,41,218,A32-20120425-010
53,203,55,203,V12-20130910-042
30,230,30,224,A41-20140325-010
35,220,46,217,A32-20120222-030
74,196,61,193,A35-20140728-175
64,207,45,209,V10-20131004-033
18,229,42,207,A34-20151209-047
29,227,28,224,A35-20140302-034
67,186,64,195,A36-20130606-059
56,212,43,214,A32-20111024-013
39,215,53,209,V03-20130606-025
24,224,35,235,A35-20130417-084
17,244,28,229,A35-20160712-069
23,224,27,227,A46-20150128-004
25,227,38,213,V11-20130608-018
44,211,31,224,A32-20120425-015
37,225,47,210,V01-20130403-004
65,201,50,229,V15-20140327-069
38,224,16,236,A34-20130506-103
40,214,47,213,V01-20130928-002
46,207,39,219,A35-20130417-022
56,215,53,203,A32-20111024-014
41,237,37,224,V03-20150126-013
33,222,52,201,V14-20130428-017
31,222,37,202,A32-20120222-036
50,181,50,206,A32-20120830-080
58,198,54,200,V02-20130801-174
36,224,36,220,V12-20130628-001
44,212,54,203,V04-20130509-130
41,208,37,220,A32-20120523-044
23,197,40,223,V12-20130910-065
39,207,43,217,V04-20130509-018
77,200,48,198,V04-20130411-095
29,219,35,219,V12-20130628-007
55,214,47,213,V02-20130603-052
45,216,46,211,A32-20111226-012
68,211,33,224,A41-20140206-144
30,216,34,220,B29-20131018-057
36,226,54,209,V17-20140322-081
37,226,46,212,V03-20130909-022
47,217,42,210,V04-20130509-049
58,223,4,218,A35-20141116-215
40,222,24,234,A34-20131105-047
51,214,58,201,V04-20130509-106
66,223,49,206,A46-20151111-252
72,207,46,217,V01-20130629-005
37,229,45,219,A32-20111226-042
33,216,39,227,A38-20130805-103
55,196,38,219,A35-20130605-167
18,231,26,238,V27-20160319-025
36,213,35,216,V07-20130607-029
33,226,36,222,A37-20130806-030
15,225,26,225,V19-20150717-003
63,232,43,220,V07-20130412-044
34,224,49,213,A32-20111123-032
45,220,28,225,A43-20150408-040
40,238,22,232,A35-20140923-078
67,197,49,204,V16-20131004-056
46,217,34,222,A43-20160308-039
60,202,45,216,A32-20111123-066
35,224,47,214,A39-20130807-026
31,200,50,216,A36-20130226-031
20,221,34,215,V07-20130607-049
31,218,39,218,A38-20140325-031
41,208,41,212,A36-20130226-048
18,240,17,241,A46-20160426-256
29,231,25,230,A46-20160705-181
47,253,49,218,A33-20130115-052
18,223,45,206,A43-20160713-058
81,190,69,188,A35-20150811-219
39,231,22,231,A35-20150609-022
37,220,31,235,V12-20140217-042
55,209,41,209,V03-20130409-032
80,181,73,184,A35-20140923-212
38,203,7,243,V14-20130428-148
28,220,44,222,A37-20131016-051
26,244,20,229,V12-20140809-124
46,211,59,195,A41-20140325-098
49,234,36,221,V05-20130607-039
48,200,41,219,V13-20130608-024
24,235,49,203,B12-20120921-007
37,201,44,223,A35-20130605-041
32,220,45,211,A32-20120725-089
65,225,19,235,A34-20140102-002
46,228,30,225,A52-20151110-230
61,173,52,199,A34-20130313-064
20,240,26,228,A52-20160704-111
26,212,48,215,A32-20120425-110
30,206,36,224,V12-20130528-144
38,223,43,214,A46-20151111-132
38,224,37,218,B28-20131017-019
55,235,11,248,V13-20150212-002
61,202,51,199,A39-20130807-063
43,232,54,204,V04-20130509-102
46,184,52,212,A46-20150128-138
38,224,40,214,V15-20140425-061
45,189,44,213,A37-20131016-114
54,204,56,208,A35-20130605-117
51,205,59,196,A36-20130226-017
34,218,38,217,A38-20130416-016
48,211,54,211,V18-20150414-059
27,212,40,217,A35-20140101-058
55,218,52,227,B12-20120921-003
40,213,47,210,V04-20130509-010
35,229,33,223,V11-20130608-116
44,216,30,231,A32-20111123-002
53,228,15,244,A52-20151110-191
30,221,41,212,V11-20130706-038
65,219,41,214,V12-20131128-099
53,216,48,211,V02-20130930-048
33,235,29,229,V20-20160603-065
40,224,48,207,V12-20130910-004
16,228,19,228,A46-20150128-185
38,223,39,211,A38-20130805-086
19,240,32,238,V04-20140530-294
35,216,13,249,V20-20150123-007
46,222,43,217,V11-20130810-067
23,234,32,207,A34-20130709-102
43,215,30,224,A35-20140923-106
35,230,53,212,A32-20120830-034
33,225,31,231,A35-20130417-036
11,240,13,245,V27-20160319-033
30,227,30,232,A38-20150518-050
33,216,46,209,A37-20130806-044
53,205,25,230,B28-20131017-035
34,215,19,235,V01-20140522-058
47,210,41,216,V12-20130628-116
50,234,37,218,A37-20150812-026
36,236,27,234,A35-20131202-004
48,234,17,236,A46-20150128-118
33,235,28,226,A41-20140206-018
48,227,49,212,A32-20111123-114
58,219,44,216,V12-20130927-016
65,227,38,210,V04-20150223-026
30,226,0,219,A48-20160222-119
32,237,42,212,V03-20130510-132
42,201,50,207,A35-20130221-026
48,230,42,223,B13-20120926-006
75,196,40,217,V09-20140104-001
31,230,25,233,A38-20140728-027
51,201,42,220,A33-20130115-034
33,231,21,240,A32-20110927-056
61,196,64,194,B29-20131018-071
57,203,41,220,V04-20130606-139
54,205,32,221,A32-20110927-058
52,224,55,197,V06-20131101-112
31,234,21,241,V12-20130528-183
36,207,44,208,V03-20130409-048
69,207,42,218,V12-20131128-094
48,229,33,218,A46-20150513-160
36,204,50,212,A38-20130416-067
77,220,53,203,A35-20160307-036
71,211,56,193,V09-20130413-049
28,231,44,205,V21-20150815-004
41,208,28,228,A38-20150518-030
27,227,34,234,V03-20150422-027
79,213,31,230,V05-20130412-013
56,206,63,193,V13-20130928-092
70,193,59,198,A43-20160308-097
58,206,38,223,A32-20120830-132
39,232,32,228,A32-20111024-171
39,222,18,240,A41-20140325-145
53,213,38,211,V12-20130528-147
71,209,23,227,V14-20130428-079
23,227,15,231,V11-20130414-011
38,225,51,213,A32-20111123-071
48,225,52,210,A32-20111024-023
40,217,52,208,A32-20111123-057
69,212,41,217,V13-20130928-078
38,222,27,231,A48-20160118-012
56,206,36,222,V13-20130608-016
40,219,54,207,V02-20130801-100
37,235,26,231,A34-20140428-137
46,193,55,204,A35-20150409-198
54,226,33,225,A37-20150812-101
34,235,28,229,V17-20140607-094
51,214,45,214,A34-20130313-017
27,231,21,234,A48-20150318-053
32,220,55,197,V03-20131103-064
53,211,47,218,V07-20130809-016
31,225,21,236,A38-20140728-086
70,212,27,241,V08-20140503-048
60,180,66,189,A32-20120725-010
47,212,35,220,V14-20130428-165
62,203,52,209,A33-20130115-036
46,208,26,224,A34-20130313-044
50,216,45,211,A33-20130115-033
18,246,49,218,V06-20140820-091
55,215,51,211,V06-20131101-111
64,210,47,214,A38-20140925-063
79,202,61,194,A37-20160504-196
68,205,56,200,A32-20120725-086
39,211,36,218,V06-20130705-021
17,209,32,200,V04-20140530-213
9,248,30,229,V20-20160331-092
30,224,35,232,A38-20130805-096
34,209,50,229,A34-20130709-082
54,203,57,207,A34-20130902-231
45,206,45,209,A37-20160504-137
32,220,19,235,A40-20140924-006
45,206,22,232,A35-20130805-152
64,205,42,215,V12-20130628-101
59,211,42,214,V12-20131128-042
36,223,38,216,A32-20120523-169
46,209,40,215,A32-20120830-013
37,228,32,225,V14-20130428-019
35,208,35,220,A37-20130418-007
66,201,43,214,V03-20130606-044
35,216,12,249,V07-20141024-060
47,211,46,211,V04-20130606-161
41,227,29,225,A35-20140923-253
32,229,26,232,A38-20140325-071
63,222,47,210,V12-20130927-024
63,208,40,219,V07-20130412-023
53,211,58,198,A35-20141116-217
41,208,45,215,V02-20130801-080
51,206,45,213,V03-20130409-020
25,237,36,229,A32-20120523-019
15,216,30,225,A34-20151209-145
35,221,57,204,A32-20111123-056
80,208,41,219,V12-20131028-004
27,222,40,217,A32-20110927-042
32,211,49,209,V04-20130509-030
31,222,53,205,A34-20130506-054
46,217,31,226,A35-20150811-090
45,217,49,213,A32-20120425-045
38,216,6,244,V03-20130409-189
65,214,49,215,V12-20131028-041
13,227,25,238,A48-20160601-266
60,218,46,206,A35-20141116-223
30,218,38,224,B11-20120920-012
55,226,23,237,V04-20150223-127
57,215,50,211,V14-20130725-035
40,254,26,235,V07-20130412-105
41,216,35,224,A48-20160601-021
42,228,49,212,V04-20130509-104
48,223,39,223,A34-20130902-031
33,218,46,198,V03-20131201-079
42,202,47,209,V12-20130910-061
36,194,65,209,V12-20140217-020
26,228,62,188,V02-20140501-106
44,220,57,203,A34-20130902-228
26,211,52,209,A32-20120830-099
46,240,29,231,V12-20140809-131
41,202,49,216,V01-20130403-026
54,205,43,211,V04-20130606-124
22,221,27,227,V14-20130428-040
60,213,51,207,V04-20130509-090
37,230,29,229,A35-20130605-131
26,202,43,213,A38-20131001-044
43,223,24,237,A38-20131203-009
46,217,42,225,A32-20120830-153
32,245,30,221,A46-20160119-109
47,231,52,212,V07-20131108-007
36,229,18,237,A34-20140826-100
34,200,41,218,A36-20130606-060
52,237,35,221,A42-20140922-035
51,248,42,225,A33-20130115-047
8,229,15,234,V03-20150126-005
57,210,54,207,V04-20130606-191
21,239,27,231,V04-20140425-126
42,215,41,219,A38-20130805-062
28,216,43,214,A37-20131016-058
36,206,40,206,V11-20130810-079
44,208,28,224,A34-20130506-028
52,223,28,227,A35-20140923-025
33,218,28,224,A34-20140226-006
37,225,33,224,A32-20110927-053
45,212,36,219,A38-20130416-012
41,221,26,249,V12-20140413-019
50,227,40,218,A35-20130221-054
50,224,22,221,V06-20150911-067
75,191,37,216,V04-20130509-058
39,240,18,240,V04-20150223-129
54,220,47,199,V11-20130414-067
36,224,47,207,V03-20130606-165
14,249,6,253,V28-20160509-048
38,218,52,208,V12-20130927-026
78,187,68,185,A35-20150609-239
34,225,40,223,A32-20111123-063
52,210,40,210,A35-20140923-284
54,211,49,213,A32-20120523-071
34,224,49,217,V02-20130603-011
38,221,44,219,A34-20130902-046
31,221,47,215,A35-20130805-087
41,217,47,216,V03-20140102-035
29,226,48,210,V09-20140719-010
34,210,41,220,A32-20120523-042
56,204,42,214,A34-20130313-018
58,205,46,206,A46-20160602-212
52,214,35,249,V04-20150223-041
64,227,57,201,V04-20130509-158
36,237,37,219,A42-20150610-045
42,235,13,246,A34-20130709-089
42,208,45,209,V12-20131128-015
29,229,34,220,A38-20140728-060
11,223,32,232,V14-20130428-067
47,223,28,222,A37-20130806-094
45,231,36,223,V23-20150811-026
48,198,44,215,V12-20140413-001
60,211,35,221,V12-20131028-039
48,194,52,206,V12-20131128-040
16,215,38,209,V03-20141027-037
41,241,36,228,A37-20140303-018
53,218,37,229,B29-20131018-031
45,227,22,231,A47-20150512-030
46,227,23,237,A43-20160503-122
39,207,36,221,B28-20131017-026
52,206,33,223,A38-20130416-015
54,225,56,201,V02-20130603-130
17,223,35,222,V07-20130607-010
41,214,43,221,A32-20120222-008
51,187,44,215,A38-20130416-085
14,236,42,208,V20-20150515-003
31,243,29,228,A42-20140430-031
31,238,16,234,A47-20150512-074
34,214,52,208,A32-20111226-007
48,225,32,230,A37-20130806-095
52,207,46,212,V04-20150320-019
46,219,26,217,V06-20130412-004
61,216,48,216,A34-20130902-328
30,220,32,234,B28-20131017-018
54,219,59,199,V02-20130603-127
65,212,59,207,V02-20130603-163
18,231,38,219,A38-20140728-067
39,218,50,209,V03-20140203-023
26,232,51,219,V17-20140412-039
34,216,42,229,V05-20130607-059
56,218,5,241,V03-20130409-102
62,206,32,213,A35-20130805-174
11,238,8,248,A34-20130709-088
49,212,47,208,V12-20130927-008
40,239,30,225,A40-20140924-039
59,225,46,211,A48-20150512-020
49,219,28,233,A35-20150609-107
17,203,55,208,V06-20140502-054
50,191,45,209,V12-20130910-056
39,211,38,223,A35-20130805-066
38,228,12,243,V20-20160331-076
39,218,52,205,V16-20131004-059
31,227,32,226,A35-20140101-070
23,225,23,234,A38-20130805-127
54,199,53,201,A32-20120725-049
34,244,13,244,V12-20130528-178
30,213,37,221,A32-20111024-137
57,220,29,239,V04-20150223-035
45,205,35,204,A48-20160601-165
54,221,37,221,A32-20111123-095
36,199,54,201,V02-20130801-171
45,226,47,217,V02-20130407-113
41,215,41,219,A35-20130417-066
65,209,44,214,V12-20131028-052
54,218,37,223,V12-20130628-091
41,214,42,214,A46-20150513-009
22,231,21,236,A34-20140626-037
24,225,27,234,A32-20120523-028
46,207,51,216,A32-20111024-006
46,205,40,217,A38-20131001-082
57,202,54,200,V11-20130810-144
26,236,30,214,V10-20140730-027
13,235,26,219,A43-20160713-009
71,223,47,211,V13-20130608-086
14,225,28,227,A46-20150319-004
60,209,44,213,A48-20150512-017
51,224,30,232,B29-20131018-015
43,214,47,218,A32-20120523-058
36,220,29,224,V04-20130411-082
59,208,46,209,V11-20130810-107
70,197,48,214,V02-20140101-090
73,217,33,222,A35-20150409-036
59,228,17,235,V16-20131227-001
38,229,29,227,A43-20150408-036
27,216,7,231,V12-20130628-064
18,238,29,228,A37-20140103-060
28,235,19,235,A34-20140626-024
20,224,19,220,V04-20130411-047
52,207,44,209,V12-20130528-016
61,217,41,215,A46-20151111-254
26,223,26,230,A43-20160713-130
41,196,42,212,V04-20130509-137
31,237,19,235,V24-20160312-095
69,207,43,214,V12-20130910-082
34,224,40,221,A32-20111024-051
37,232,41,234,B11-20120920-002
31,232,37,219,V27-20160105-009
31,220,23,231,V10-20140328-187
51,231,26,234,A35-20140923-269
46,220,56,205,A38-20130416-038
24,231,24,234,A46-20150128-094
26,235,28,236,A41-20140206-014
44,206,3,208,V04-20130509-028
41,225,35,224,A41-20140206-053
53,196,55,207,A32-20120830-030
36,216,42,208,A35-20130221-033
55,198,53,213,V08-20130607-012
34,241,50,217,A37-20140303-029
73,201,55,201,A35-20150409-048
37,216,48,213,B12-20120921-009
77,193,66,187,A42-20150610-056
45,216,20,224,V02-20130407-002
39,200,39,219,V12-20140217-047
69,204,55,203,A35-20150409-085
60,194,47,204,V12-20130628-201
54,188,42,201,A32-20120222-048
78,190,57,205,V05-20130607-073
49,212,42,198,V01-20130403-015
32,222,44,212,V04-20130509-007
35,233,33,219,A35-20150811-107
49,220,34,213,V11-20130414-012
55,189,70,188,A32-20120725-024
43,236,39,219,A32-20111123-093
20,214,26,234,V14-20130428-156
37,211,56,204,V15-20140327-087
31,232,26,227,A32-20110927-044
35,222,45,219,B11-20120920-008
45,208,45,216,A34-20130506-110
36,230,50,211,V02-20131201-050
58,218,48,210,V12-20131128-052
15,237,39,220,V04-20140530-164
34,227,37,216,A34-20130506-043
26,214,28,223,V14-20130428-018
14,242,41,230,V10-20140328-229
40,216,48,209,V12-20130528-062
60,217,58,204,V11-20131201-067
29,216,20,235,V15-20141219-016
42,216,40,221,A38-20130416-077
42,199,56,201,V12-20140316-013
51,205,31,231,A32-20111024-010
51,197,60,196,A32-20120725-048
40,217,34,229,A32-20120425-088
49,232,39,214,V02-20130801-063
32,219,22,239,V04-20150920-018
36,219,33,224,A37-20130806-075
37,211,44,205,V03-20130809-052
53,211,33,219,V12-20140217-033
56,200,27,226,V12-20131223-042
38,229,39,224,V04-20130606-082
75,231,39,215,A35-20150212-014
40,217,56,208,A38-20130416-117
61,196,46,213,A35-20130805-207
44,204,41,214,A32-20120830-017
31,221,25,226,A32-20110927-038
49,200,61,194,A34-20130313-020
58,213,28,225,V04-20140425-142
63,230,23,235,A52-20151110-209
24,248,10,247,V15-20150717-032
36,238,26,255,A41-20140325-048
64,202,30,221,V14-20130428-153
63,196,58,189,V02-20130407-057
52,225,47,212,A32-20120830-005
39,220,32,232,A32-20120830-102
34,237,54,203,V18-20151214-017
57,212,48,220,A32-20111123-027
46,223,46,216,A32-20111123-019
72,193,50,208,V13-20131102-027
41,197,51,214,A33-20130115-051
28,218,31,228,A37-20140103-033
34,242,0,212,A42-20151210-074
40,238,33,242,V03-20141027-032
57,222,51,205,A35-20131015-088
44,207,27,229,A38-20130805-076
29,222,37,216,A32-20110927-043
69,196,51,214,V12-20131028-032
39,214,53,205,A38-20141120-017
45,206,38,225,A35-20160712-073
38,222,34,214,A46-20150513-113
57,198,44,218,V12-20130628-185
33,230,34,224,A34-20130902-210
35,226,30,218,V25-20160604-035
39,175,54,208,A35-20130805-191
41,217,46,212,V02-20130930-065
62,200,66,197,V20-20150417-123
52,199,54,206,A37-20140103-025
54,205,29,228,V12-20130628-097
37,220,48,204,V11-20130907-012
40,216,43,214,V02-20130603-036
47,211,46,200,V03-20130510-187
56,201,48,207,V16-20131004-063
42,229,43,208,V03-20130409-010
66,204,43,206,V14-20130428-114
36,229,43,214,V04-20130411-112
44,246,30,216,A35-20130605-072
32,211,17,242,V06-20130412-007
71,185,55,203,V16-20131004-039
20,238,15,243,V02-20140501-208
35,227,20,235,v01-20140425-020
13,219,42,226,A32-20120523-007
19,221,42,207,V13-20130608-027
43,202,58,201,V01-20130629-019
40,208,0,202,V11-20130810-013
44,225,24,230,A37-20130806-027
41,224,30,222,V11-20130414-085
39,232,41,214,A35-20160502-183
48,189,64,195,V02-20130407-034
16,228,19,232,A34-20151209-048
63,205,50,214,V12-20131128-049
58,202,39,223,B28-20131017-007
44,222,47,222,B13-20120926-010
45,228,28,229,V02-20140721-016
50,217,53,210,A36-20130226-035
33,216,42,212,A35-20130805-178
42,219,44,204,V03-20130510-194
59,228,27,227,A52-20151110-241
68,211,44,206,A35-20150811-094
40,243,39,214,V03-20140402-083
63,218,37,206,V18-20160506-130
31,192,41,206,V04-20130411-050
67,172,67,189,A47-20150318-081
23,232,19,234,V14-20130428-068
29,201,24,229,V11-20130414-090
26,233,24,233,V12-20140809-174
91,183,74,177,A42-20151210-095
17,197,17,234,V02-20130407-077
52,207,31,224,A37-20140103-042
63,220,39,218,A43-20150611-154
45,230,37,216,A37-20130806-107
39,208,49,208,A35-20130805-090
39,217,50,216,A34-20130902-079
75,217,54,203,V04-20130509-160
12,231,21,232,A38-20140925-215
46,213,47,215,V07-20130809-015
73,218,22,239,A37-20151016-184
38,198,54,201,V02-20141124-095
64,207,38,220,V12-20130628-152
52,214,34,223,V10-20130608-024
25,244,29,230,A38-20131203-031
67,232,35,222,A48-20150512-150
20,220,19,244,A35-20130605-047
52,224,26,213,A36-20130606-054
20,234,37,224,A37-20140501-004
12,240,25,231,V18-20160309-047
23,223,25,236,A46-20160223-009
58,203,55,206,V06-20130805-151
44,223,40,221,A38-20130416-123
35,221,29,227,A37-20160504-072
50,222,45,217,A38-20140925-041
28,211,40,210,V11-20130508-042
27,218,47,215,A35-20140302-040
48,214,47,216,A32-20110927-039
30,215,50,194,V11-20131005-041
51,216,45,209,V12-20130927-023
50,224,20,232,A01-20150407-024
34,212,41,222,A35-20131015-091
60,202,45,215,V04-20130509-040
74,212,52,214,V15-20140101-074
46,234,24,232,A48-20160222-043
61,213,42,216,V11-20130608-031
52,231,48,211,A37-20130418-054
32,209,30,219,V11-20130414-070
56,208,38,207,V14-20130428-059
27,239,39,224,A38-20140206-032
21,239,24,229,A38-20140925-060
40,222,41,211,V11-20130414-073
47,235,23,228,A47-20150318-029
44,209,31,229,V08-20130607-017
35,232,23,235,A48-20150318-035
51,214,57,218,A32-20111123-044
26,238,23,251,A41-20140206-011
66,212,40,213,V12-20130927-020
24,228,35,221,A34-20140428-080
34,235,38,221,A35-20140501-042
62,205,29,220,A32-20120830-031
34,197,31,218,A34-20130902-263
19,208,37,217,V07-20130607-004
76,175,64,189,A34-20130313-066
21,241,22,232,A42-20140922-053
15,223,32,216,A39-20130807-020
43,228,17,236,A52-20151110-057
40,206,53,204,A32-20120830-063
48,220,55,218,V03-20140203-048
49,217,37,222,A32-20111024-070
42,203,45,209,V02-20130801-066
40,231,41,209,V14-20130428-048
38,215,50,205,V02-20140101-053
33,222,38,221,A32-20120523-115
35,212,47,219,A35-20130417-008
31,214,38,221,A35-20130221-042
43,219,53,202,A32-20111123-074
11,236,20,210,V02-20140501-011
44,208,55,191,V02-20130407-026
57,214,53,207,V02-20130801-101
56,216,40,216,V06-20130705-045
55,217,36,221,V09-20130601-009
32,235,39,219,A34-20140428-063
36,210,55,210,V12-20140316-011
42,208,52,218,A32-20120222-026
42,222,42,215,V11-20130706-005
25,189,45,210,V02-20130407-027
53,226,18,239,A38-20130416-109
17,233,39,221,A38-20140925-106
23,223,21,234,V03-20130510-151
41,192,65,194,V02-20140303-009
32,205,39,230,V19-20150820-017
47,215,41,217,A35-20130221-006
41,232,32,229,A35-20130417-149
45,230,48,211,V03-20130510-069
48,222,40,230,V03-20130510-114
53,217,48,206,V04-20130509-099
1,219,34,229,A34-20140626-098
44,240,50,207,A32-20111024-007
23,230,26,229,V15-20140721-015
15,222,23,231,A48-20160118-034
39,199,36,217,A32-20120523-141
45,213,51,211,V04-20130509-012
45,208,38,220,A34-20130902-281
26,231,38,234,A35-20130417-122
41,217,48,212,V07-20130809-029
42,221,33,224,V03-20130909-056
39,222,27,219,A46-20160705-005
31,228,29,229,A37-20160504-011
45,205,47,206,V02-20140101-093
45,221,37,217,A48-20150318-004
60,230,32,213,V03-20130409-002
31,238,39,222,V20-20150417-087
68,203,62,201,V05-20130607-076
63,206,49,225,A33-20130115-049
40,204,52,199,V12-20131028-016
21,227,35,217,V14-20130725-049
51,232,46,215,A39-20130807-048
42,240,39,218,A35-20140101-035
30,226,31,218,V15-20140627-043
26,222,30,227,A41-20140325-092
30,225,32,226,A47-20150318-035
72,209,41,212,A35-20160502-323
35,255,0,255,V06-20130412-066
61,200,53,200,A43-20160308-240
31,222,45,215,V11-20140308-058
44,233,34,230,A32-20120222-011
39,209,36,227,A37-20130806-031
32,237,21,234,A52-20151110-049
44,216,43,229,A32-20111226-048
56,220,36,218,V12-20130628-136
52,206,30,219,A35-20130221-022
30,229,14,235,A46-20160602-223
83,173,77,178,A35-20160502-115
44,219,39,216,V09-20130601-008
60,235,23,234,A41-20140206-111
34,216,61,197,V03-20130510-007
35,234,27,232,A41-20140206-019
22,223,30,223,A48-20150318-056
48,219,50,208,V03-20130606-099
37,216,49,218,V11-20130608-094
38,221,18,209,V11-20130608-009
54,206,49,210,V14-20130725-016
45,240,28,228,A38-20140728-167
49,198,44,213,A35-20140101-090
55,200,38,225,V12-20131028-022
52,224,44,212,A32-20111123-094
47,213,41,219,A48-20160601-191
32,211,48,218,V04-20140530-228
33,234,36,222,A34-20130902-050
30,215,49,208,V12-20131128-121
27,223,27,232,A43-20150611-021
64,211,48,201,V03-20130409-162
75,196,40,214,V04-20130606-146
39,232,31,229,A41-20140325-016
74,217,44,214,V12-20131028-030
48,213,37,219,V03-20130606-100
42,199,37,218,A35-20130417-090
53,222,61,204,V02-20131201-106
47,197,53,197,V04-20130411-055
36,231,39,216,V04-20130411-113
46,204,58,203,A32-20120725-064
51,204,51,205,A38-20140925-121
56,202,39,212,V14-20130428-168
68,180,70,184,A46-20160705-079
63,220,42,216,V02-20131201-051
53,231,53,212,V13-20130928-088
28,228,31,220,A35-20130605-076
58,203,49,208,A35-20140923-085
53,201,45,218,V12-20131128-109
51,224,28,228,A48-20160425-055
39,210,16,224,V06-20130412-003
51,206,51,217,V12-20140217-038
15,252,28,220,V15-20150214-031
12,235,35,242,V04-20150223-033
28,210,35,215,V14-20130428-033
27,232,26,235,A38-20140206-010
30,212,34,214,A42-20160713-063
43,205,29,221,V03-20130409-135
47,199,50,205,A34-20130506-051
67,226,44,217,A37-20160504-195
53,223,44,209,V09-20130601-029
15,240,28,231,A35-20130605-016
79,204,38,221,V01-20130928-039
61,201,41,216,A36-20130226-043
60,219,39,216,A42-20150610-033
29,210,45,215,A36-20130226-001
55,206,30,225,V03-20130510-053
13,232,30,224,V19-20150417-009
33,234,27,227,A38-20140925-120
46,212,41,214,V17-20140412-018
41,204,38,224,A32-20111024-061
72,221,27,216,V14-20130428-118
48,203,45,212,A32-20120725-105
41,215,46,199,V03-20131103-001
17,203,44,211,A35-20130605-094
36,242,41,211,A35-20140923-038
32,227,52,206,V11-20130508-050
42,208,38,230,V12-20130528-161
59,208,40,206,V15-20140101-005
56,217,44,207,V03-20130510-095
61,209,49,220,V07-20130412-032
21,233,46,214,V10-20131004-034
66,193,56,200,V16-20131004-086
25,220,30,237,A32-20110927-031
51,220,37,219,A35-20130805-063
34,229,21,235,A48-20150318-030
56,199,36,224,A34-20140826-071
77,192,57,201,V14-20130428-108
61,211,46,209,V11-20130608-073
59,186,38,222,V11-20130414-064
38,224,49,209,A38-20130416-118
43,209,34,221,V12-20130628-094
32,211,59,204,V06-20140227-039
57,196,47,209,A41-20140206-052
55,209,41,225,A32-20111123-068
29,225,28,230,V17-20140816-065
52,213,45,212,V14-20130725-033
52,216,43,215,V11-20130608-028
40,201,49,207,V18-20160506-132
58,207,39,219,V12-20131223-030
38,218,39,218,A41-20140325-076
44,238,27,226,A52-20151110-222
39,225,37,221,A32-20120725-074
64,215,43,218,V12-20130927-025
73,196,50,210,V12-20131128-041
52,202,48,208,A32-20111024-113
41,205,35,226,A37-20130806-002
54,209,36,216,V04-20130606-147
57,234,17,237,V12-20130528-159
27,240,28,228,A46-20160426-003
29,217,32,219,A38-20140206-046
43,227,30,227,A35-20131202-008
41,218,52,200,M13-20140429-042
33,216,36,222,A35-20130417-075
44,231,39,222,B28-20131017-010
56,220,14,240,A47-20150512-036
42,221,42,214,A43-20150408-113
37,216,36,222,A48-20160601-225
43,228,18,236,V14-20130428-031
70,212,37,219,V03-20130909-031
31,223,29,231,A37-20140103-017
37,230,23,241,V04-20140530-077
50,247,39,219,A34-20130902-275
40,208,46,213,A34-20130902-075
65,211,48,208,A40-20140924-211
12,219,16,234,V17-20140816-023
24,209,33,213,V04-20130411-008
69,219,42,218,A35-20140728-199
37,226,47,212,V04-20130606-117
64,211,26,221,A32-20111123-079
15,220,28,240,V04-20150223-037
52,201,61,198,V06-20131101-116
26,238,22,232,A46-20151111-065
52,205,33,221,A34-20130506-062
32,237,21,235,A46-20160705-189
74,182,68,188,A40-20140924-177
46,228,44,212,A35-20141116-169
48,225,40,225,A32-20120222-015
43,207,14,250,V04-20140425-075
32,220,30,218,V14-20130428-029
3,226,6,249,A32-20120523-139
43,227,26,230,A35-20151209-068
31,229,29,226,A35-20141116-031
56,212,35,217,V14-20130428-055
34,225,26,228,A41-20140325-121
32,219,29,225,A38-20140206-001
30,223,61,201,V12-20131028-013
59,226,22,237,A47-20150318-009
22,235,16,240,A44-20141021-041
33,229,30,231,A41-20140325-034
74,207,41,216,A43-20150408-112
52,218,47,207,V11-20131201-070
72,206,49,202,V08-20140103-019
39,229,22,240,A38-20130416-046
45,217,49,213,V17-20140503-014
25,234,40,222,A38-20140325-036
48,214,39,218,B12-20120921-017
51,210,63,195,V06-20131101-062
55,206,49,215,A36-20130226-022
23,204,56,206,A36-20130606-036
51,202,43,210,A34-20130902-267
38,220,29,223,A35-20130805-061
1,224,5,251,V20-20160805-029
47,211,44,219,A32-20120830-025
53,221,29,233,V19-20150515-067
25,218,49,192,V02-20140303-121
61,198,35,223,V12-20130927-030
38,241,22,235,A32-20111226-028
30,212,46,214,A32-20120523-035
24,230,38,218,V03-20140402-070
48,240,43,213,V05-20130607-066
49,216,49,213,A32-20111123-021
47,217,35,222,V03-20130510-021
32,231,25,233,A42-20140430-033
46,238,33,220,A46-20150513-064
40,255,16,232,V12-20140809-129
28,239,34,216,A52-20160704-097
49,220,26,231,A37-20130806-071
16,217,23,242,V04-20150920-045
51,188,57,196,V12-20140217-024
56,192,51,207,V02-20130801-178
59,216,32,225,V03-20130606-157
30,227,21,238,A48-20150318-038
39,225,43,215,A41-20140325-183
47,214,38,216,A32-20111024-106
59,228,48,218,V02-20141124-137
58,187,30,229,A36-20130606-041
24,201,62,199,A35-20130605-122
44,234,51,209,A36-20130606-082
42,239,20,238,A43-20150408-048
26,224,32,214,V11-20130508-075
29,240,26,233,A35-20130805-005
60,217,41,228,V07-20140221-004
19,228,36,239,A35-20130605-039
29,214,42,219,A32-20120523-008
32,212,38,218,V05-20130412-007
49,210,26,224,A35-20130805-068
42,209,36,214,A35-20130417-143
63,193,49,205,V04-20130411-013
35,224,47,208,V12-20131028-007
39,212,39,209,V12-20131223-020
36,222,39,216,A35-20130805-197
27,229,56,201,A38-20131001-035
52,210,49,209,V11-20130608-075
67,197,55,216,A36-20130606-007
28,240,33,218,A41-20140325-153
43,226,27,232,A45-20141118-070
25,222,39,213,V03-20130510-043
75,197,64,204,M13-20140429-064
46,216,57,208,V12-20140316-015
49,213,53,218,A33-20130115-040
13,248,9,243,V02-20141124-046
18,212,46,229,A36-20130606-012
40,218,17,215,A34-20151209-134
42,206,46,214,V03-20140402-026
20,230,26,231,A38-20140325-062
32,228,27,234,V04-20130411-091
37,204,50,207,A35-20141116-133
69,199,40,214,A43-20160503-085
34,235,23,232,A35-20140728-104
20,250,30,226,V04-20150320-135
52,205,41,202,A34-20130506-009
53,214,48,209,V13-20131102-025
26,231,28,232,A32-20110927-045
58,220,59,206,V11-20131005-091
30,209,68,206,V12-20140316-014
35,215,40,220,B13-20120926-008
38,222,34,229,A32-20111123-004
45,230,42,218,A32-20110927-023
46,227,41,207,V03-20130510-028
25,233,19,232,A32-20110927-061
69,224,32,224,B29-20131018-067
43,210,43,210,V12-20130628-084
34,219,39,224,A38-20130416-064
28,223,24,235,A41-20140325-114
15,243,23,232,V21-20150620-036
37,220,36,217,V11-20130508-061
58,211,40,210,A35-20130605-107
29,210,49,209,V12-20131223-002
37,229,36,220,A35-20130605-026
65,204,55,201,A35-20150811-221
43,229,26,218,V03-20130409-088
66,236,26,236,V19-20150515-116
4,241,37,226,V18-20150414-051
71,184,56,200,A42-20140430-117
38,219,47,206,A35-20140501-038
19,235,32,223,A42-20160503-071
26,207,35,209,A46-20160602-003
36,232,42,216,V03-20130510-137
33,223,33,223,A35-20130805-045
39,221,36,220,A32-20120523-158
33,220,38,218,V14-20130428-050
21,221,49,209,V11-20130414-034
18,218,41,226,V03-20141027-055
51,255,30,227,V10-20150116-091
25,230,27,224,A41-20140206-049
72,190,48,205,V14-20130428-136
40,216,59,190,V05-20130809-022
43,220,52,208,V11-20130706-031
51,198,63,197,A34-20130313-060
42,208,48,214,V14-20130428-053
46,217,21,245,V20-20160603-053
41,224,52,203,A32-20120425-042
31,214,51,206,A32-20120830-065
66,225,44,208,A42-20140922-065
21,227,41,214,A38-20131203-034
38,231,26,228,A35-20140728-114
30,228,47,215,A38-20130805-029
53,231,50,205,A37-20130418-056
35,203,38,215,A35-20130805-085
47,215,21,230,V04-20130411-020
31,235,43,215,A37-20130806-045
30,228,32,227,A41-20140206-017
68,206,44,214,V12-20131028-035
18,225,18,235,A35-20130605-169
64,208,42,220,V07-20130412-020
29,211,23,241,V01-20140624-003
14,232,39,233,V15-20140531-047
32,223,39,218,V29-20160827-001
33,213,54,217,V02-20140721-052
46,195,40,226,V05-20130607-061
39,211,58,193,A36-20130226-045
12,217,15,223,V11-20130414-094
28,225,36,224,A52-20160704-139
40,210,47,217,A35-20130221-050
45,210,48,216,V03-20140303-061
44,210,53,206,V12-20131128-022
41,190,62,199,A35-20130805-094
34,215,32,224,V29-20160827-006
52,201,57,205,V06-20130805-152
26,227,34,219,A34-20140826-134
29,238,26,233,A45-20141118-036
72,214,66,184,V09-20130413-053
44,230,34,223,A35-20160502-021
38,224,50,204,V02-20130603-001
52,201,58,197,V04-20130411-011
41,220,50,216,V12-20130628-072
24,242,30,231,A35-20150811-188
78,206,37,215,V14-20130428-087
41,230,51,195,V03-20130409-086
41,224,30,227,A34-20140102-012
35,207,44,214,A32-20120725-004
37,231,55,204,V06-20131101-084
46,230,29,224,A43-20150210-005
43,222,35,213,A37-20130418-004
36,201,38,209,V03-20130409-049
1,218,20,235,A35-20130605-045
77,249,50,230,A33-20130115-038
44,199,53,204,A32-20120725-067
30,208,45,221,V09-20140329-001
66,216,52,210,V07-20130809-009
32,214,29,225,A35-20131202-037
34,206,44,204,V02-20130407-075
56,215,38,224,A39-20130807-060
28,217,46,209,A46-20160602-020
42,231,28,233,A34-20140226-023
27,229,41,221,V20-20160805-030
49,208,52,202,V04-20130411-077
32,221,36,215,V13-20130608-014
50,202,45,209,V15-20140327-043
41,215,38,222,A32-20120523-045
47,241,38,207,V03-20130409-149
28,239,30,225,A41-20140325-180
53,213,46,207,V04-20130411-083
28,221,39,219,V19-20151016-045
45,212,40,212,V13-20131102-039
40,219,41,220,A38-20130416-049
26,234,40,227,A32-20120222-058
26,211,31,227,B29-20131018-007
39,212,32,227,V08-20130413-006
37,221,39,220,V14-20130428-063
46,224,60,222,A32-20120523-183
69,190,61,193,A36-20130226-068
62,226,17,241,A46-20150319-117
32,235,29,223,A46-20150319-008
66,209,45,221,V01-20130629-011
20,226,25,227,A35-20130605-007
47,218,24,234,V15-20140222-017
55,187,65,193,A32-20120725-043
41,215,41,226,A32-20111226-033
27,234,19,235,A38-20140925-002
48,202,66,192,V01-20130403-027
24,224,31,217,V01-20140624-025
51,213,42,223,A33-20130115-054
23,212,49,209,V02-20130407-098
32,209,37,217,V11-20130508-049
48,209,54,201,V12-20130528-059
50,215,38,221,A40-20140924-222
24,210,46,213,V07-20130607-044
58,195,32,222,V11-20130608-118
34,234,10,249,A47-20160425-012
40,248,27,235,V12-20130528-195
43,215,48,211,V12-20130927-009
51,218,39,221,A35-20130221-055
56,213,49,202,V02-20130930-076
61,212,53,208,V11-20131201-060
26,239,54,200,A32-20120222-062
41,220,43,217,A35-20130221-041
42,206,45,209,V12-20130628-045
31,237,34,223,A38-20140925-143
30,235,22,232,A41-20140325-162
58,208,42,213,A35-20130417-013
49,208,34,218,A35-20130221-053
45,245,19,225,A34-20130709-091
57,222,37,219,A42-20150409-016
84,178,78,178,A35-20151209-100
32,241,34,229,A35-20130605-014
43,216,30,242,V02-20130801-005
61,208,38,208,V14-20130428-013
34,220,36,222,A32-20120523-025
30,225,28,234,A34-20151209-075
59,198,30,222,V04-20150320-043
18,230,32,223,A48-20160222-105
39,233,37,212,A34-20130709-053
72,199,50,205,A37-20131016-116
50,223,50,205,V07-20130412-081
53,194,51,205,A34-20130313-056
45,219,62,201,V07-20130412-075
46,203,53,200,V04-20130411-021
55,200,57,208,V11-20130810-101
39,208,52,214,A32-20120830-148
36,216,31,214,V17-20140322-077
38,229,41,222,A34-20130506-014
77,208,33,225,V02-20130801-126
34,222,31,229,A37-20131016-019
31,229,58,198,V14-20130428-180
41,239,32,227,A52-20151110-220
51,243,53,199,V05-20130809-044
33,223,44,211,V04-20130509-117
34,204,37,222,A35-20130605-046
36,202,45,202,A48-20160601-202
60,191,58,196,V16-20131004-077
31,237,41,232,V13-20140322-062
68,211,41,219,V12-20130910-105
53,214,40,214,V06-20130805-039
30,218,51,201,V12-20130628-067
44,220,35,226,A35-20130805-062
34,228,42,214,A46-20150513-163
46,222,15,242,A47-20151110-092
17,232,40,214,A32-20111123-076
37,213,53,213,A32-20120725-069
27,225,45,215,A38-20130416-051
35,226,24,233,V11-20130608-107
61,204,47,209,V12-20130528-070
38,228,30,224,A35-20130221-067
58,204,58,194,V03-20130409-185
38,190,60,195,V10-20130413-023
53,213,33,218,V01-20130928-034
58,225,35,221,A37-20150812-115
27,222,39,215,V29-20160827-043
31,219,46,218,V20-20150417-065
44,239,30,219,V15-20140531-005
23,217,40,219,A32-20120523-041
37,227,48,211,V17-20140412-011
58,237,38,224,A37-20150812-162
46,201,57,199,A32-20120725-102
75,212,38,219,V12-20131128-100
60,216,28,227,V03-20130510-104
41,221,27,223,A35-20130417-150
52,201,44,204,V05-20130607-063
30,218,46,216,V12-20130528-043
48,214,41,213,A35-20151014-129
1,220,32,229,A38-20140925-233
77,214,44,221,V12-20131028-043
35,226,35,210,V16-20140425-010
73,210,48,210,V12-20131128-055
20,235,19,227,V10-20140730-049
46,206,45,217,A32-20120830-075
66,205,37,221,A36-20130226-046
51,235,54,209,V18-20151007-108
38,212,58,201,V03-20140102-017
46,218,42,217,V02-20131201-054
46,214,28,238,A38-20130416-066
54,211,48,204,V02-20130603-122
50,199,40,222,A32-20120425-070
55,213,43,211,V03-20131201-057
38,182,54,208,A37-20130418-026
50,201,40,213,V03-20130409-019
42,224,54,208,V03-20140303-001
51,182,51,204,V02-20130407-107
9,247,20,235,A48-20160601-294
52,222,42,216,V11-20130414-084
64,225,28,221,V06-20130412-037
44,192,39,212,A48-20160601-184
14,225,29,231,A32-20120725-096
42,225,44,216,A35-20131015-006
45,221,24,236,V01-20130629-021
41,234,36,225,A41-20140325-041
25,230,45,210,V11-20130608-019
49,230,36,222,A43-20160308-050
48,228,40,216,A32-20111123-097
41,224,31,230,A41-20140325-019
77,197,57,199,V11-20140111-039
53,214,43,220,V12-20130927-021
41,218,28,226,V02-20130407-076
46,218,52,207,V12-20130910-041
53,193,51,207,A34-20130313-023
29,209,42,227,V03-20140402-068
37,237,44,212,A32-20111024-173
71,204,55,202,A43-20150210-004
31,217,27,225,A35-20130605-075
25,211,34,223,A38-20140728-111
48,213,47,209,V04-20130606-057
44,195,58,198,A48-20160601-083
36,224,44,210,V11-20130608-102
57,228,39,223,V07-20141024-033
44,219,46,211,A32-20111123-024
36,214,46,214,A38-20130416-114
32,237,29,226,V05-20150116-015
65,197,44,214,A41-20140206-095
72,204,46,208,A36-20130226-058
57,205,40,216,A37-20130418-016
21,237,34,226,A35-20160712-022
46,205,57,212,V14-20130428-105
50,209,42,205,V03-20130409-163
77,194,44,213,V03-20130708-111
35,238,29,229,A35-20140501-005
64,250,26,231,V10-20130413-073
53,209,46,211,V03-20130708-099
65,215,33,220,A46-20150513-190
18,243,24,236,V05-20130607-086
41,239,18,233,A48-20150318-112
69,219,38,237,V04-20140721-068
20,207,30,221,V04-20130411-051
38,226,54,210,A39-20130807-059
30,220,29,228,A35-20140923-193
80,205,59,195,A42-20140430-095
40,207,36,214,A34-20151209-139
53,231,52,216,A32-20120523-076
38,218,41,220,V02-20130801-007
27,194,38,211,A34-20151006-073
60,205,45,218,A32-20120425-007
26,216,35,222,A35-20140101-065
25,242,24,232,A34-20140826-098
26,202,35,221,A48-20160601-079
55,227,42,218,V07-20130412-004
56,215,25,229,A48-20150512-151
37,217,27,231,A41-20140325-044
39,212,31,225,A46-20150128-159
65,193,49,203,V12-20131028-056
16,236,30,225,A35-20140923-001
34,223,44,207,A32-20111123-012
39,230,30,234,A32-20111226-044
77,181,57,197,A32-20120725-112
30,232,20,245,V19-20150515-176
40,215,27,232,V11-20130608-114
51,216,51,208,V03-20131103-044
62,202,38,227,V07-20130412-063
42,237,32,223,A35-20151209-084
52,207,40,216,V02-20130603-075
25,230,34,218,A38-20140728-050
54,202,39,224,A33-20130115-053
56,213,52,210,A32-20120523-054
26,232,31,228,A41-20140206-037
35,222,16,236,V13-20140516-079
33,209,43,200,V03-20130510-176
40,212,42,235,A43-20160308-214
48,209,33,228,A34-20130902-269
32,208,31,192,V02-20130407-006
57,221,28,229,A35-20130417-170
24,239,27,236,V12-20140809-233
43,219,43,218,A35-20160502-226
38,204,38,213,A32-20120523-140
12,217,40,204,V04-20140530-192
31,240,29,227,A48-20160425-040
31,233,28,230,A32-20111024-024
55,213,53,224,B12-20120921-008
23,226,30,236,V17-20151107-013
39,212,58,204,V10-20140328-023
43,251,39,228,A32-20111024-112
33,225,41,226,V17-20140503-085
23,234,29,225,A47-20160425-038
37,189,36,213,V11-20130414-045
44,215,26,227,A34-20151209-135
47,217,25,229,A42-20160308-025
55,222,43,226,A32-20111123-023
27,206,4,251,V06-20130412-084
35,209,47,207,A34-20130902-266
28,199,44,210,A35-20130221-044
31,204,72,204,A36-20130226-018
51,223,62,209,A32-20111024-134
28,228,43,217,A35-20130417-002
21,227,29,234,A32-20120725-100
71,207,47,209,A35-20140923-190
64,218,14,238,A46-20151111-196
50,222,46,205,V04-20130411-058
25,224,47,205,V02-20130603-091
77,172,70,184,A37-20151016-152
48,192,48,208,V04-20130411-038
43,228,35,218,A32-20111123-064
37,232,37,222,A38-20140325-072
42,222,46,226,V18-20151007-049
71,212,56,209,A35-20130605-120
44,230,48,226,B13-20120926-002
40,232,11,243,A44-20141021-010
47,205,43,219,V06-20130805-125
30,219,11,247,A34-20140626-131
46,219,44,213,V12-20130927-029
20,231,21,232,A48-20150318-044
35,221,31,231,A38-20130805-120
15,235,30,233,V11-20150226-026
44,213,36,221,V04-20130411-039
20,230,25,234,A36-20130606-048
44,221,46,219,V12-20130927-027
54,206,49,208,A35-20160502-148
31,205,50,206,A32-20120725-114
14,234,33,234,A37-20140303-023
36,226,21,235,A41-20140206-091
64,211,53,204,A35-20150811-192
65,200,55,197,V16-20131004-045
41,215,34,217,V06-20130805-098
41,230,44,223,A32-20111024-163
71,192,43,205,V03-20130409-023
47,218,20,232,A35-20130605-034
50,208,38,224,V13-20130928-062
25,231,20,240,A48-20160601-285
53,218,38,220,A35-20130221-043
28,228,34,222,V11-20130608-113
31,227,47,216,A32-20111024-162
31,229,14,246,V18-20160309-035
35,232,43,215,V12-20131128-086
32,209,33,238,V05-20130607-062
31,219,39,223,A35-20140302-029
51,212,31,228,A38-20140925-219
28,220,49,214,V03-20130409-139
35,221,39,224,V11-20150126-029
39,215,43,213,A42-20140430-116
25,220,38,212,V04-20140530-153
52,208,49,214,V11-20131109-040
55,212,35,219,V03-20130606-175
53,207,51,204,A37-20151016-205
28,213,57,209,A32-20120222-091
41,212,45,224,A32-20120830-050
54,210,40,213,V04-20130509-063
37,209,51,207,A32-20111123-060
39,207,36,217,A35-20140302-063
29,210,44,202,V03-20130409-025
52,219,44,215,A34-20130902-273
29,206,39,208,V02-20130407-021
36,214,33,223,A38-20130416-017
55,225,32,235,V15-20150117-014
36,218,20,220,V02-20130407-003
36,219,44,206,V12-20130927-003
60,220,36,223,V13-20130428-003
33,227,44,211,A41-20140325-087
43,218,56,220,A32-20120523-121
25,213,32,223,V15-20140327-020
38,219,46,221,B12-20120921-022
18,244,38,210,V03-20130409-195
28,205,27,226,A34-20130506-087
41,206,38,213,V12-20131223-004
37,219,45,211,A34-20130902-204
65,202,46,214,V12-20131128-108
27,235,32,215,A34-20140826-113
44,224,25,241,A32-20110927-050
41,226,41,210,V03-20130809-020
56,197,60,201,A35-20130805-209
43,225,50,211,V04-20130606-078
41,231,32,220,V12-20131223-080
21,217,45,213,A48-20150512-087
31,203,42,214,A34-20130313-002
27,207,43,217,A34-20130506-046
96,193,66,191,A35-20150609-256
35,225,43,216,A42-20140430-082
62,205,39,213,A34-20130902-251
37,255,31,218,V04-20130606-088
74,187,55,203,V03-20130409-130
37,224,39,216,V03-20130809-009
21,235,37,219,A38-20140325-092
50,203,38,218,V03-20140303-058
64,215,41,217,V02-20130603-046
69,190,63,195,A35-20151014-055
55,206,54,199,V03-20130409-184
55,194,55,199,A34-20130313-059
44,201,57,209,B12-20120921-024
52,208,55,212,A36-20130226-009
33,210,53,199,V11-20130810-028
55,197,49,209,V12-20130910-057
64,232,33,221,A46-20151111-204
30,223,44,217,A35-20130417-152
50,218,22,231,V04-20140530-194
26,235,20,237,A48-20160222-049
46,211,35,214,V04-20140530-196
66,206,52,204,A35-20130417-165
62,200,46,213,V04-20130509-042
46,208,55,202,V12-20131028-012
49,221,27,215,A34-20130709-071
45,235,29,227,V03-20140917-040
30,217,39,231,B13-20120926-007
70,167,65,186,A43-20160308-242
21,231,32,217,V04-20130411-025
43,227,31,234,A32-20111024-093
32,213,48,207,V12-20130628-044
61,201,55,198,A35-20130605-137
55,223,48,210,A39-20130807-070
34,224,37,225,V20-20151212-034
58,222,22,236,V03-20130409-191
46,226,35,230,V02-20141124-082
45,224,37,229,A35-20130417-068
14,227,27,240,V15-20140531-015
69,199,53,205,V12-20131028-061
37,205,53,209,A35-20140101-043
36,231,52,208,V04-20130606-093
50,240,23,228,A37-20130418-051
60,192,54,198,A42-20160713-043
54,204,47,212,V01-20131026-001
71,199,26,224,V02-20130407-094
41,246,10,243,A52-20151110-217
36,203,40,209,V04-20130411-016
23,232,13,239,V12-20140809-259
44,221,31,228,A32-20111024-069
65,207,41,220,V02-20130603-081
45,215,46,221,B13-20120926-004
11,226,24,237,V03-20141027-049
45,207,59,205,V02-20140204-105
36,205,47,216,V07-20130412-049
30,233,21,236,V13-20130428-033
58,218,41,208,V03-20130409-148
57,197,48,208,V02-20140204-107
54,187,45,203,V02-20130407-056
47,213,40,217,A42-20140430-111
28,237,27,230,A41-20140325-116
61,196,48,209,V04-20130509-075
33,200,50,203,V05-20130607-078
34,206,54,209,V03-20140303-034
63,213,48,202,A37-20151016-017
21,221,22,241,V06-20140820-110
68,198,37,221,A35-20130417-167
65,217,41,212,V14-20130428-006
62,219,48,210,V19-20150820-049
55,208,32,225,V14-20130428-103
20,240,50,202,A32-20110927-055
40,226,38,223,A39-20130807-056
23,234,39,218,V07-20140321-009
30,235,25,217,V11-20130414-098
50,221,37,219,V03-20130510-135
58,215,49,213,V12-20130910-073
40,203,56,214,V03-20130409-089
69,202,56,206,V07-20130809-050
57,208,41,219,V03-20130510-124
51,210,59,199,A37-20151016-150
35,214,30,221,V14-20130428-122
44,214,43,219,A38-20130416-013
45,224,37,213,A37-20130418-008
34,204,45,208,V12-20130528-026
38,225,30,225,A41-20140325-038
57,194,43,216,A34-20130313-019
51,238,51,191,V02-20131201-059
40,222,57,199,V12-20130628-068
43,217,57,199,V02-20131201-010
24,227,39,216,V11-20130608-008
42,215,37,221,A41-20140325-174
65,202,32,228,V03-20130909-057
36,230,28,229,A34-20140226-008
35,213,49,222,V17-20140412-002
28,222,46,206,V29-20160827-009
44,204,46,201,V06-20130805-013
69,195,45,211,A32-20120725-061
42,211,33,223,A32-20111024-064
31,222,28,228,A43-20160308-175
24,242,46,211,A35-20140501-039
41,234,37,219,A42-20151210-067
37,212,40,212,V12-20130528-078
48,222,38,221,V04-20130606-055
34,217,47,201,V12-20130528-025
31,218,52,208,V03-20150422-039
44,210,45,209,A38-20130416-089
58,214,57,208,V11-20130414-042
9,232,15,247,V04-20140721-165
60,204,32,222,V14-20130428-080
57,212,49,209,A32-20111123-078
82,171,78,181,A35-20151014-184
49,220,43,211,A35-20130221-016
54,221,44,212,V15-20140101-048
39,224,43,212,A37-20150610-012
71,208,34,205,V02-20140721-046
42,215,54,207,V11-20130810-016
17,213,25,214,V16-20140117-010
1,240,26,238,A38-20140925-105
49,233,4,249,V04-20140721-086
8,224,47,217,V15-20140531-022
35,211,31,224,V17-20141206-065
38,221,23,229,A41-20140206-106
11,233,17,229,V12-20140809-101
43,216,43,205,V12-20130528-024
32,218,46,215,A34-20130709-097
74,222,39,219,A35-20150609-223
55,214,49,209,A37-20130418-019
32,208,34,226,A37-20130806-014
56,213,57,200,A48-20160222-078
40,196,49,193,V05-20140525-116
51,231,38,217,A35-20160111-212
44,209,47,214,V03-20130606-066
37,241,39,229,V02-20140721-042
35,215,50,205,V12-20130628-088
34,242,32,223,A38-20140325-004
29,225,25,229,V04-20150920-046
39,224,45,216,A34-20130902-233
47,227,42,207,V18-20150414-052
53,211,54,200,V03-20130606-006
28,218,43,225,A32-20111226-013
57,209,32,226,A35-20130605-187
27,241,25,234,A32-20110927-049
30,212,42,213,V15-20140425-025
53,216,49,214,V03-20130606-184
25,219,47,215,A38-20130416-074
36,211,43,214,V17-20140322-020
50,214,57,214,V15-20140627-050
58,214,41,222,V06-20130705-011
40,178,65,199,A32-20120222-055
43,224,31,224,A35-20130605-140
33,207,36,221,A32-20120830-042
31,238,35,220,A46-20151111-091
68,187,60,197,V14-20130428-126
17,214,38,216,A46-20160705-263
53,206,43,214,V11-20130907-028
33,217,54,191,V11-20130414-106
43,213,48,211,A46-20151111-051
41,210,56,206,V12-20130927-010
39,230,35,219,A42-20140430-042
50,204,45,214,V12-20130528-093
40,213,47,215,V11-20130508-048
53,223,36,218,V11-20130608-062
27,235,45,218,A32-20120523-055
55,222,64,191,A35-20131202-058
80,196,62,196,A32-20111024-072
57,221,40,213,V04-20130509-120
40,221,50,201,V05-20141017-038
46,214,45,218,A36-20130606-106
42,215,37,218,A35-20130221-031
46,250,41,226,V07-20130412-109
29,212,57,192,V02-20130407-025
25,228,43,214,A41-20140325-070
60,205,41,211,V12-20131223-054
11,210,38,211,A34-20151209-078
39,221,44,197,V02-20140501-118
20,237,34,222,V04-20150223-113
78,191,68,188,A42-20150409-064
38,210,39,214,A32-20111226-008
36,227,34,223,A46-20151111-094
60,204,42,214,A38-20140925-027
16,231,27,232,A46-20150319-037
42,235,24,230,A35-20160307-136
36,219,41,205,V11-20130414-074
39,218,33,210,V02-20140501-129
26,218,46,219,A32-20111226-006
43,230,23,235,A45-20141118-046
52,204,52,204,A38-20130610-018
48,225,54,223,V03-20140303-040
59,197,42,215,V12-20131128-056
44,222,46,215,A32-20111024-098
40,216,32,225,V07-20130607-033
67,192,56,201,A34-20130902-232
40,206,50,221,V17-20140322-030
50,229,28,228,A38-20150518-058
35,235,26,228,A45-20141118-020
14,241,9,250,V20-20150417-137
62,199,62,192,A46-20160705-105
36,231,25,243,V04-20140530-252
16,239,16,240,A48-20160601-276
26,218,51,210,A35-20130805-072
30,222,37,215,A35-20130805-015
35,202,62,201,A34-20130709-058
36,233,36,223,A34-20151006-019
16,216,34,209,V06-20130412-055
31,206,36,224,A46-20160223-020
66,209,45,220,V13-20140322-045
39,216,54,195,V12-20130910-035
41,210,43,217,V12-20130910-103
60,207,44,225,V13-20140322-044
27,236,20,236,A34-20140626-008
15,231,37,226,A32-20120523-061
48,217,44,211,V14-20130725-030
46,227,6,229,A35-20140101-022
50,202,52,215,V12-20130528-080
63,175,69,183,A32-20120725-107
52,217,45,212,A35-20131202-061
46,232,31,222,A35-20150409-185
34,207,22,220,V06-20140820-029
55,208,54,204,V03-20130708-051
28,199,42,219,V04-20130411-040
38,223,44,212,A47-20151110-091
67,213,60,200,V13-20130608-084
41,247,9,248,V12-20130528-176
32,215,48,212,V04-20130606-011
46,211,45,212,A38-20130610-020
44,219,29,228,V07-20130412-117
45,205,40,221,V08-20130413-076
14,241,31,216,V03-20150226-011
7,245,24,228,V17-20140816-055
44,233,41,215,A34-20140826-131
24,240,33,221,A46-20160426-121
62,207,46,215,V13-20131102-072
36,213,52,202,V06-20130805-038
14,244,27,224,A45-20141118-007
27,245,21,230,V03-20141027-017
56,223,32,226,A32-20111123-030
48,227,38,219,B28-20131017-046
79,184,68,184,A46-20160705-116
53,239,27,230,A35-20150609-110
41,204,42,213,V12-20130910-063
40,207,50,203,V03-20130606-011
67,217,49,206,A52-20151110-154
33,229,29,225,A32-20110927-063
73,193,73,178,V02-20130603-166
52,215,49,210,V03-20140203-025
24,255,32,227,V05-20141121-021
16,210,28,219,V04-20130411-001
40,232,19,235,A52-20151110-194
27,209,26,238,A52-20160704-083
25,218,43,214,A32-20120523-023
59,215,44,210,V03-20130809-035
30,246,44,220,A32-20120523-029
47,190,32,221,A37-20131016-113
17,224,35,208,V06-20151211-007
48,231,35,221,A35-20131202-067
31,222,41,214,A35-20130805-058
52,220,28,218,A36-20130226-085
23,238,31,224,A38-20140206-005
47,217,56,212,V11-20130810-043
9,238,21,223,A35-20130605-161
19,241,11,233,A35-20130605-160
32,229,46,204,V02-20140501-196
28,220,37,224,V04-20140425-149
38,238,34,217,A35-20160712-016
51,200,50,205,A34-20140626-029
24,218,41,220,V11-20130706-053
79,190,71,187,A42-20151015-024
56,218,43,220,V12-20130910-072
26,245,51,225,V17-20151107-116
43,206,54,204,A32-20120725-082
45,208,15,232,V10-20140328-077
69,203,35,223,V12-20130528-090
34,225,23,236,V08-20140719-037
53,230,48,224,V15-20140721-019
34,218,48,213,V02-20130603-037
41,244,17,239,V10-20140822-048
44,217,39,217,A38-20150518-091
36,230,15,241,A47-20150318-011
52,207,48,208,V04-20130509-096
29,209,53,208,A34-20130902-304
46,228,54,211,A36-20130226-003
38,195,49,207,A48-20150318-052
33,208,7,237,V04-20130411-028
59,218,23,227,V11-20130706-055
57,211,57,186,V16-20131004-005
70,190,44,213,V12-20130910-060
34,210,32,230,A41-20140206-044
77,207,41,213,A35-20150609-214
64,208,51,204,V23-20151110-028
45,224,36,223,A34-20130506-052
63,207,51,213,V11-20130810-142
40,215,47,213,A38-20131001-067
56,217,43,218,A39-20130807-062
43,233,42,212,A35-20130805-131
34,228,42,213,A34-20140226-061
53,210,39,219,V02-20130407-103
46,204,37,218,V11-20130508-058
61,222,49,208,V04-20130606-174
48,219,26,236,V07-20130607-031
69,202,45,212,V11-20130907-057
38,222,42,216,V04-20130606-040
75,218,41,222,V07-20130412-025
41,220,54,208,A32-20120830-103
52,214,36,232,A34-20130506-006
47,197,44,204,A48-20160601-235
27,226,33,218,A46-20150513-090
66,205,46,202,V06-20140227-047
44,216,36,221,A35-20131015-033
48,211,40,209,V15-20140222-012
34,218,50,206,V03-20131103-062
52,205,51,206,A35-20150811-163
67,224,41,220,V07-20130412-041
57,201,41,222,A32-20120830-087
25,231,27,221,A32-20111024-177
3,214,59,205,V07-20130412-101
58,195,51,208,A32-20120830-083
42,222,40,219,V11-20130907-083
31,236,35,238,V15-20140627-031
78,172,61,188,A37-20130418-061
43,191,65,205,V04-20130411-056
20,230,21,237,V04-20130509-148
28,214,31,225,A34-20130506-025
61,204,63,194,A39-20130807-080
36,232,32,228,A52-20151110-020
23,245,10,246,V27-20160319-006
50,188,51,209,B13-20120926-014
66,200,61,197,A35-20141116-249
24,225,30,232,A32-20120222-060
47,220,37,220,A46-20150128-145
51,202,22,235,A34-20130506-081
21,234,25,238,A46-20160223-026
51,204,40,216,A35-20130417-138
34,230,46,215,A35-20130417-105
35,207,29,222,A48-20160601-171
37,208,28,223,V14-20130428-143
45,207,49,213,A32-20120425-048
48,248,40,220,A33-20130115-024
22,223,49,219,V09-20140524-051
37,212,47,213,A32-20111226-018
49,213,48,224,A32-20111123-073
26,238,33,222,A46-20160705-179
55,220,41,205,V03-20130409-031
51,227,33,228,A35-20130805-151
54,212,46,223,A32-20110927-027
42,218,39,216,A37-20150213-016
52,191,62,194,A37-20130418-020
68,202,18,232,V04-20130411-054
55,217,48,215,A32-20111024-091
49,228,31,237,V15-20140327-061
28,228,35,219,V11-20130508-021
27,227,29,225,A41-20140325-164
49,221,44,217,A34-20130902-234
61,183,56,193,A37-20130418-038
49,226,24,232,A37-20151016-036
28,218,29,226,A46-20160705-042
26,241,44,195,V12-20140217-017
47,219,47,210,V02-20131201-046
48,225,23,235,A38-20140325-112
58,197,52,206,V14-20130428-124
59,216,42,211,V04-20130509-112
80,172,68,189,A39-20130807-042
18,232,42,217,V10-20140530-032
34,229,34,225,A35-20130417-033
37,210,43,222,A38-20130805-043
58,228,59,196,A45-20141118-041
51,209,58,198,V12-20130910-118
59,207,39,225,V12-20130528-088
56,230,50,213,A32-20111226-046
36,231,28,230,V05-20141017-022
37,239,34,223,A35-20140101-010
29,226,50,208,A38-20130416-073
41,215,51,208,V04-20130509-013
29,231,39,215,A43-20160308-153
32,202,44,216,A34-20130902-305
36,208,39,219,A34-20130902-292
55,215,42,216,A48-20150512-149
24,235,31,216,V19-20151113-032
26,232,38,230,A38-20131001-134
31,229,23,228,A52-20151110-142
55,208,36,222,A32-20111024-083
44,225,34,222,A32-20120523-022
33,211,24,226,V04-20130411-014
56,206,48,208,V13-20130608-005
48,219,30,224,V12-20140316-029
14,229,27,225,A34-20151209-070
63,229,58,194,V10-20131004-039
78,188,79,185,A39-20130807-043
41,215,15,241,A42-20130419-004
44,237,49,208,A45-20141118-101
59,201,49,208,V01-20130403-001
47,203,29,211,V04-20150920-116
31,226,39,220,V10-20140328-226
52,217,41,217,V14-20130725-015
16,241,42,224,V03-20130409-118
33,213,23,231,A48-20160425-180
86,228,40,212,V03-20130409-078
32,218,41,215,A46-20160223-141
57,220,35,222,A48-20150318-110
41,219,34,218,A48-20160118-030
37,241,25,237,V01-20150720-018
40,231,26,231,A47-20150512-073
32,194,34,200,V19-20150612-039
49,226,36,216,A52-20151110-168
44,207,24,226,A38-20130416-060
52,204,42,228,V11-20140308-110
44,212,23,236,A38-20140925-139
40,221,30,227,A42-20160308-013
51,235,41,217,A52-20151110-197
50,221,41,206,V03-20130510-111
52,223,43,213,V15-20140327-027
33,220,36,227,B29-20131018-016
38,217,30,231,A38-20130416-050
36,202,56,207,V06-20130705-084
57,229,31,229,A34-20140226-073
55,206,36,214,V02-20130930-047
58,205,32,233,V12-20140217-041
51,223,64,207,A32-20111024-164
31,221,38,222,A38-20140728-017
35,207,31,224,A32-20111123-111
28,226,22,230,A38-20140925-084
46,236,16,244,V04-20150223-119
58,205,38,219,V12-20131028-042
31,231,17,236,A48-20160222-096
52,212,42,221,V09-20130601-002
69,223,16,242,A35-20130605-173
47,207,19,215,V04-20130411-092
23,241,37,219,A47-20151110-093
34,225,44,215,V11-20130508-056
28,235,36,216,A38-20150518-139
36,213,48,212,V11-20140308-053
31,214,38,212,V03-20130409-127
24,224,40,202,V03-20130510-183
46,213,29,233,A35-20140501-009
18,240,27,223,A46-20160705-003
46,215,37,217,A34-20130902-220
30,217,33,224,A46-20150513-186
68,211,57,200,V07-20130412-014
63,210,47,202,V03-20130409-161
35,231,33,226,A41-20140206-021
56,230,18,238,A46-20150319-009
52,205,47,212,A35-20130805-109
32,229,35,222,A32-20120222-020
35,213,38,213,V12-20130628-029
49,204,51,206,V11-20130810-119
39,238,23,233,A40-20140924-151
61,219,31,227,V19-20150515-101
52,212,45,205,V04-20130509-128
33,217,22,227,V12-20130528-150
32,216,25,212,V01-20140522-040
41,227,27,227,A47-20150318-028
19,245,36,226,V12-20140809-257
51,223,22,240,V12-20130528-194
24,231,17,239,A46-20160705-162
62,245,22,216,A37-20140303-040
21,241,34,222,A35-20141116-260
51,218,59,198,V02-20131201-101
48,232,55,211,V03-20130510-215
45,203,34,228,A48-20160601-160
49,185,56,199,A32-20120725-104
49,209,45,213,V11-20130608-095
42,211,41,217,V04-20130509-019
44,208,61,203,V18-20150414-060
59,239,27,224,A52-20151110-249
31,227,40,212,A38-20140206-039
66,234,41,217,V07-20130412-046
43,215,57,209,V06-20130705-009
50,209,41,225,A33-20130115-029
34,203,39,217,A34-20130902-030
61,216,36,213,V03-20130409-128
37,195,32,219,A48-20160601-234
29,222,17,241,V14-20130428-107
43,223,28,226,A47-20150512-069
40,199,41,216,A32-20120830-024
32,240,22,235,A46-20150128-111
44,224,19,239,A48-20160222-029
48,227,34,217,A35-20130221-056
37,225,39,217,A32-20120523-020
67,193,66,190,A46-20160602-132
42,218,45,223,V02-20130603-034
43,227,41,220,V03-20130409-145
56,232,39,217,A46-20150128-021
61,216,40,219,V15-20140101-063
35,234,17,239,A35-20141116-017
30,236,45,217,A37-20131016-086
49,223,38,215,V09-20130601-006
40,229,32,228,V03-20130510-108
49,225,47,217,A32-20111024-097
26,230,28,227,A37-20151016-040
50,196,47,207,A34-20130313-022
24,207,48,202,A34-20130709-012
34,220,44,213,A34-20130902-143
73,187,72,182,A44-20141021-047
31,226,41,210,A34-20130506-037
30,202,27,222,V14-20130428-111
47,213,34,225,B29-20131018-026
47,203,43,214,A34-20130902-145
1,214,54,229,V02-20141124-146
25,213,41,222,A32-20120830-108
41,206,50,203,V29-20160827-024
14,223,20,235,A35-20130605-004
31,219,31,226,A38-20140206-077
54,213,50,212,V12-20131128-089
45,209,44,217,V07-20130412-022
42,226,56,203,A32-20111024-096
57,196,32,224,V10-20130608-064
66,194,53,203,A41-20140206-100
47,216,34,219,V11-20130810-003
46,202,46,215,V03-20130606-156
59,189,48,204,M13-20140429-054
35,201,42,212,A32-20120830-071
43,237,41,213,A42-20160308-009
39,219,21,234,A35-20131015-089
65,232,52,215,A35-20130417-115
62,193,62,195,A36-20130226-059
52,205,48,206,A32-20120523-070
38,223,50,208,A43-20160713-079
37,225,50,214,V04-20130509-105
92,184,60,194,A35-20151014-187
67,205,32,223,A35-20140923-216
22,202,38,228,A32-20110927-041
31,217,40,213,A48-20160222-114
40,224,25,231,A52-20160222-006
49,225,15,240,A44-20141021-007
29,219,34,219,V02-20130603-150
35,236,52,189,V02-20140501-109
32,210,44,212,V03-20130606-026
53,213,28,222,V14-20130428-113
58,194,58,204,A35-20141116-182
62,212,40,224,V07-20130412-010
41,233,16,244,A48-20160118-015
43,240,35,220,A35-20140302-065
55,213,47,207,V12-20130628-074
38,199,33,215,V04-20130411-015
47,213,57,196,A32-20111024-058
53,198,41,222,A32-20120523-037
38,227,33,224,V02-20141124-084
35,222,14,243,A43-20150611-087
22,230,24,239,A34-20130709-081
19,228,43,194,V07-20140704-042
49,222,46,216,A34-20151209-060
42,212,49,211,V04-20130606-077
44,221,31,213,V02-20130407-016
81,196,59,195,A52-20151110-181
56,220,46,213,A46-20151111-189
56,204,50,205,A35-20150409-083
64,197,51,206,V06-20131101-114
54,214,21,237,A46-20160426-117
6,250,22,226,V03-20150226-006
34,217,44,206,V03-20140203-039
32,240,26,233,V04-20140721-032
63,208,35,219,V02-20140101-076
43,232,19,251,V04-20140816-091
33,221,53,203,A48-20160601-069
35,235,27,227,A42-20140430-014
35,214,35,240,V04-20150320-066
55,215,42,206,V11-20130608-117
52,212,49,213,V03-20130510-051
40,231,20,246,V04-20140816-003
55,195,59,200,A37-20160714-025
46,229,16,235,A36-20130606-052
53,221,51,214,A32-20120523-047
73,206,60,195,A37-20150812-082
51,209,46,214,V14-20130428-024
22,238,14,241,A38-20141120-040
39,224,31,225,A34-20130506-071
28,234,32,226,A38-20140325-078
38,209,31,234,A41-20140206-023
23,227,43,221,A32-20111226-015
51,226,57,192,V03-20130510-013
31,238,19,239,A47-20150318-071
28,212,52,205,V03-20131201-081
51,214,38,226,A35-20131015-025
42,208,45,213,A32-20111024-131
52,227,37,216,A32-20111024-019
42,193,60,200,A33-20130115-007
64,206,47,215,V11-20130810-080
43,208,42,203,V11-20130414-092
56,202,62,189,V04-20130411-084
58,216,48,227,B13-20120926-005
20,235,39,229,V04-20140530-281
52,232,25,235,A52-20160118-006
34,224,41,213,A38-20140728-134
30,211,42,215,V11-20130414-062
30,187,60,200,V04-20130411-066
30,231,38,228,V20-20160228-004
65,204,41,217,V04-20130606-178
33,213,43,214,A38-20130416-122
22,217,38,220,A48-20160601-155
57,216,47,214,V12-20131128-047
58,206,50,207,A34-20130313-046
63,198,49,201,V02-20130603-138
37,216,41,212,A35-20130221-049
45,212,54,193,V09-20140205-012
46,202,42,217,V11-20130608-091
52,211,51,203,V02-20130930-049
41,218,34,217,A35-20130417-024
1,216,30,230,A34-20140626-014
34,224,47,211,V29-20160827-048
35,240,28,229,A35-20140101-002
29,210,18,235,V02-20130407-001
66,204,69,185,V04-20130411-071
39,211,42,220,A38-20130416-071
54,234,42,206,V03-20130409-151
31,226,45,213,A32-20111226-040
60,198,36,218,V12-20131223-024
52,221,34,217,V23-20151110-035
70,208,67,202,V02-20140501-204
54,211,54,196,V02-20140204-090
35,210,45,215,A32-20120830-019
42,206,38,216,A52-20160704-157
50,199,50,203,A43-20150210-020
21,236,7,241,V24-20160730-130
121,195,87,168,A52-20160704-170
34,212,55,203,V12-20131128-024
32,221,33,224,A35-20130805-119
49,211,24,230,A47-20160425-030
35,239,28,226,A35-20130605-008
61,217,56,205,A37-20150812-095
28,209,54,206,V12-20131128-007
64,214,43,205,V02-20140204-094
44,208,51,212,V04-20130509-114
55,195,41,219,A37-20130418-034
30,217,50,199,V06-20131101-007
56,212,35,220,V04-20130606-198
40,220,42,222,A32-20120523-026
34,208,57,194,V05-20140226-023
47,216,50,213,V04-20130606-062
45,239,38,219,A35-20160712-145
58,181,48,206,A32-20120725-111
47,247,38,211,V15-20140425-071
38,217,24,238,A38-20131001-143
53,202,32,228,A38-20130416-068
40,227,33,221,A48-20160601-019
31,216,40,221,A32-20111024-100
43,226,35,223,A35-20131202-046
47,224,29,222,V03-20140402-082
48,215,34,219,V22-20160506-043
42,224,27,226,V03-20130510-105
33,217,46,207,V11-20130508-043
38,204,51,201,V01-20130403-013
42,224,45,193,V05-20141121-031
64,225,50,208,V12-20131028-048
44,237,26,237,V02-20130603-158
54,204,46,210,V13-20130928-036
53,209,51,215,V04-20130509-126
69,201,46,217,V03-20130708-052
47,220,39,213,V14-20130428-054
60,215,44,217,V02-20140101-019
27,206,45,216,A35-20130605-153
34,227,53,198,V03-20130510-055
67,206,57,195,A52-20151110-263
26,229,31,226,A34-20140626-082
44,224,59,196,A32-20120725-081
52,215,34,222,A32-20120523-031
41,214,46,215,V02-20130801-051
19,233,17,223,V03-20130409-105
27,223,37,219,V13-20141018-051
46,221,25,230,A41-20140325-115
49,217,46,208,V12-20130910-099
47,198,46,206,A35-20130221-038
40,223,42,210,A46-20150513-157
52,196,55,195,V09-20130413-010
47,215,45,205,V11-20131109-060
20,243,28,219,V03-20130409-041
46,207,34,218,A35-20150212-100
42,237,28,225,A38-20140728-159
41,213,27,228,A47-20150512-082
29,230,37,215,V12-20140809-247
39,213,31,226,A41-20140206-046
33,242,34,225,A47-20150512-070
47,232,12,246,A48-20160425-042
16,243,24,230,V03-20130409-115
47,216,53,210,A38-20130416-005
53,199,37,215,V01-20130403-011
48,203,47,214,A32-20111226-031
35,213,33,223,V17-20140816-041
33,213,52,210,V04-20130606-081
44,232,24,228,A38-20150518-011
48,207,59,199,V06-20130412-088
62,209,44,211,V12-20131128-021
24,226,33,226,M13-20140429-119
65,195,46,212,V01-20130403-039
81,212,37,216,V03-20130510-091
35,219,42,216,V14-20130725-001
54,210,35,224,V14-20130428-049
41,216,29,231,A38-20140206-004
11,221,46,210,A32-20120725-085
45,216,23,249,V04-20150223-038
72,219,38,224,V08-20130413-073
46,214,34,220,V11-20130706-061
37,211,50,205,A32-20111226-051
